Grupo de Serviço;Código do Fornecedor;Código do Serviço;Descrição do Item;Unidade medida
Civil;200982674;4033776;SV-EQUIPE TELHADO;SV
Civil;201464634;4012475;DIARIA RESGATISTA NIVEL 3 ATE 8H .;SV
Civil;200772986;4050934;SV OFICIAL MENSAL;SV
Civil;300623388;4097173;Pavimentação a frio por kg;KG
Civil;200982674;4066840;SV-EQUIPE PINTURA;SV
Civil;200772986;4050928;SV ENCARREGADO MENSAL;SV
Civil;201332350;4096183;ELETRICISTA - ROTINA;SV
Civil;200772986;4050925;SV ENGENHEIRO MENSAL;SV
Civil;300056198;4023627;SV-HORA OFICIAL-HR NORMAL;H
Civil;201464634;4017177;Diaria resgatista turno de ate 8 horas .;SV
Civil;201464634;4018685;DIARIA RESGATISTA ATE 8 HS FDS/NOT .;SV
Civil;200772986;4050927;SV TEC DE PLANEJAMENTO MENSAL;SV
Civil;201332350;4096189;PINTOR - ROTINA;SV
Civil;201464634;4018686;DIARIA RESGATISTA NIVEL 3 ATE 8 HS FDS/N;SV
Civil;200772986;4050926;SV TEC DE SEGURANÇA MENSAL;SV
Civil;201464634;4018687;EQUIPE 02 RESGATISTAS MENSAIS .;SV
Civil;200772986;4100652;SUPERVISOR - MENSAL;SV
Civil;200772986;4050931;SV MARTELETEIRO MENSAL;SV
Civil;200772986;4050935;SV AJUDANTE MENSAL;SV
Civil;200772986;4079225;SV - ESCAVADEIRA HIDRÁULICA 17Ton;SV
Civil;200772986;4050939;SV RETRO ESCAVADEIRA MENSAL;SV
Civil;200772986;4055615;SV VEICULO UTILITARIO TIPO VAN - MENSAL;SV
Civil;200772986;4050933;SV OP DE MAQUINA MENSAL;SV
Civil;300623388;4092935;MOTONIVELADORA  c MO;SV
Civil;200772986;4079111;SV - MURO DE GABIÃO TIPO CAIXA (por Grav;SV
Civil;200772986;4086446;PEDREIRO - MENSAL;SV
Civil;300056198;4066363;REPARO PAVIMENTO ASFALTICO (MAN.CIVIL);M3
Civil;300056198;4023834;"SV-ARMADURA CA-50 D <= 1/2"" MAT FORNECED";KG
Civil;201813190;4099590;Manutenção de canteiro;SV
Civil;200775708;4027657;SV - JATEAMENTO ABRASIVO Sa 2 COM ABRASI;M2
Civil;200775708;4027658;SV- JATEAMENTO ABRASIVO Sa 2 1/2  COM AB;M2
Civil;200775708;4027659;SV- JATEAMENTO ABRASIVO Sa 3  COM ABRASI;M2
Civil;200339034;4054900;SV PINT DE PISO EPOXIDICO ESPATUL - FDS;M2
Civil;200775708;4027760;SV-PINTURA LÁTEX PVA SEM EMASSAMENTO;M2
Civil;200339034;4054907;SV LIXAM/LIMP DE TUB LIXADEIRA - FDS;M2
Civil;200775708;4027767;SV-PINTURA DE FAIXAS DE PEDESTRE TINTA P;M2
Civil;200772986;4050902;SV ANDAIME MULTICRAB;M3
Civil;200339034;4054911;SV LIMPEZA E DESCONTAMINAÇÃO DE PISO;M2
Civil;200775708;4027768;SV-PINTURA DE PISO COM TINTA RESINA ACRÍ;M2
Civil;300623388;4092931;RETRO ESCAVADEIRA c/ MO;SV
Civil;300623388;4092934;ROLO COMPACTADOR  c MO;SV
Civil;200772986;4050921;SV APLICAÇÃO DE GRAUTE CURA RAPIDA;M3
Civil;300623388;4093392;ESCAVADEIRA HIDRAULICA - eventual;SV
Civil;201332350;4096193;SERRALHEIRO ROTINA;SV
Civil;200775708;4027771;SV-PINTURA DE PISO COM TINTA EPOXI A BAS;M2
Civil;300623388;4092932;CAMINHÃO CAÇAMBA c MO;SV
Civil;200775708;4027774;SV-APLICAÇÃO DE RESINA ACRÍLICA;M2
Civil;200775708;4027777;SV-APLICAÇÃO DE ARGAMASSA AC3 PARA REPAR;M2
Civil;300623388;4093396;CAMINHÃO MUNCK - eventual;SV
Civil;200775708;4027778;SV-APLICAÇÃO DE PRIMER PARA TRATAMENTO (;M2
Civil;200775708;4027779;SV-APLICAÇÃO DE PRIMER PARA ADERÊNCIA  (;M2
Civil;200490010;4012495;SV-GRAUTE C/PEDRISCO FORMA TRAV DESFOR .;SV
Civil;200775708;4027780;SV-PINTURA COM TINTA EPOXI MODIFICADO (A;M2
Civil;300056198;4100409;HORA CAMINHAO BASCUL.À DISP.(UTILIDADES);H
Civil;200775708;4027781;SV-PINTURA COM TINTA EPÓXI POLIAMINA PAR;M2
Civil;200772986;4050940;SV CAMINHÃO CARROCERIA MUNCK MENSAL;SV
Civil;200772986;4086381;SUPERVISOR DE OBRAS- MENSAL;SV
Civil;200772986;4091598;SV - MANUT CANT ADM OBRAS até 20 Colab;SV
Civil;200775708;4027783;SV-PINTURA COM TINTA EPOXI MASTIC (ABNT-;M2
Civil;200775708;4027784;SV-PINTURA COM TINTA  POLIURETANO  (ABNT;M2
Civil;200775708;4027786;SV-PINTURA COM TINTA PARA ALTA TEMPERATU;M2
Civil;200339034;4054914;SV APLIC DE RESINA EPÓXI E CARGA MIN FDS;M2
Civil;200775708;4027787;SV-PINTURA COM TINTA PARA ALTA TEMPERATU;M2
Civil;200772986;4086413;TÉC. MEDIÇÃO - MENSAL;SV
Civil;300623388;4092933;CAMINHÃO PIPA c MO;SV
Civil;200775708;4027788;SV-APLICAÇÃO DE CAL EM MEIOS FIOS/CANALE;M2
Civil;200775708;4027790;SV-APLICAÇÃO DE TEXTURA COM PINTURA LÁTE;M2
Civil;200772986;4062400;Alimentação Atendimento Externo Usina;SV
Civil;200775708;4027793;SV-LIMPEZA COM HIDROJATEAMENTO;M2
Civil;200772986;4101963;ENCARREGADO DE ANDAIME - MENSAL;SV
Civil;200775708;4027794;SV-LIMPEZA  MECÂNICA / MANUAL EM SUPERFÍ;M2
Civil;200772986;4086497;MONTADOR DE ANDAIME - MENSAL;SV
Civil;200775708;4027795;SV - FORNECIMENTO E MONTAGEM DE ANDAIME;M2
Civil;200364590;4033704;SV- REVESTIMENTO EPOXI;SV
Civil;200772986;4050941;SV COMPRESSOR 250 PCM MENSAL;SV
Civil;200772986;4079227;SV - CAMINHÃO TRAÇADO CAÇAMBA (6 X 4);SV
Civil;200775708;4027799;SV-REPARO EM ALVENARIA  REBÔCO, CIMENTO;M2
Civil;200490010;4011257;SV-TABUA DE 30CM .;SV
Civil;200775708;4027800;SV - JATEAMENTO ABRASIVO  Sa 1  COM ABRA;M2
Civil;201332350;4096182;TÉC. PLANEJ/ORÇ/MED - ROTINA;SV
Civil;200775708;4027811;SV - REVESTIMENTO EPOXÍDICO 3mm;M2
Civil;200303818;4028310;SV - FURAÇÃO EM CONCRETO COM COROA DIAMA;CM
Civil;300623388;4093391;RETRO COM IMPLEMENTO - eventual;SV
Civil;200772986;4050942;SV GERADOR 10kVA - MENSAL;SV
Civil;200772986;4086463;CARPINTEIRO - MENSAL;SV
Civil;200772986;4117829;SV - Concreto Usinado C35+ por m3;SV
Civil;200339034;4044423;SV PINTURA DE PISO EPOXIDICO ESPATULADO;M2
Civil;200339034;4054910;SV PINT TUBULAÇÃO IND C/ PISTOLA - FDS;M2
Civil;200303818;4028311;SV-FURAÇÃO EM CONCRETO COM COROA DIAMANT;CM
Civil;300343622;4097839;Retroescavadeira - Mensal;SV
Civil;200982674;4066854;SV-MONTADOR TELHADO HE 60%;SV
Civil;200490010;4095936;SV-Mobilização Parada p/ colaborador;SV
Civil;200772986;4049956;SV CAMINHÃO BASCULA MENSAL;SV
Civil;200772986;4056700;CORTE DE PONTAS DE FERRO;SV
Civil;201332350;4096190;AUXILIAR ADMINISTRATIVO - ROTINA;SV
Civil;200772986;4050582;SV OFICIAL H NOT CHEIA;H
Civil;200339034;4054908;SV APLIC DE C DE FUNDO-PRIMER EPOXI -FDS;M2
Civil;200303818;4028312;SV - FURAÇÃO EM CONCRETO COM COROA DIAM;CM
Civil;200772986;4086430;AUXILIAR TÉCNICO DE ENGENHARIA - MENSAL;SV
Civil;200490010;4012645;SV-RETROESCAVADEIRA  (DIARIA);SV
Civil;200303818;4028313;SV - FURAÇÃO EM CONCRETO COM COROA DIAM;CM
Civil;300424730;4113310;SV-CONCRETO FCK 40,0;M3
Civil;200303818;4028314;SV - FURAÇÃO EM CONCRETO COM COROA DIAM;CM
Civil;200982674;4066857;SV-AJUD TELHADO HE 60%;SV
Civil;200772986;4050591;SV OFICIAL H INS RES;H
Civil;201341488;4060466;SV-PINTOR - QL FIXO MENSAL;SV
Civil;200491752;4062575;Materiais;SV
Civil;300056198;4023868;SV-CONCRETO 40 MPA PREPARO BETONEIRA MAN;M3
Civil;200772986;4086397;MOTORISTA - MENSAL;SV
Civil;200772986;4050930;SV SOLDADOR MENSAL;SV
Civil;200982674;4066855;SV-MONTADOR TELHADO HE 100%;SV
Civil;200772986;4050936;SV ALMOXARIFE MENSAL;SV
Civil;200303818;4028315;SV - FURAÇÃO EM CONCRETO COM COROA DIAMA;CM
Civil;300056198;4023913;SV-HORA DE ESCAVADEIRA HIDRÁULICA MÍNIMO;M
Civil;200772986;4091851;SV - FORNECIMENTO E PLANTIO DE GRAMA;M2
Civil;200303818;4028316;SV - FURAÇÃO EM CONCRETO COM COROA DIAM;CM
Civil;200772986;4079226;SV - TRANSPORTE DE VEÍCULOS PESADOS;SV
Civil;200303818;4028317;SV - FURAÇÃO EM CONCRETO COM COROA DIAM;CM
Civil;300343622;4100162;HIDRÁULICO - HORA NORMAL;H
Civil;200772986;4050495;SV ENC H NOT CHEIA;H
Civil;200339034;4044429;SV LIXAM/LIMP DE TUBULAÇÃO LIXADEIRA;M2
Civil;200772986;4100635;ASSISTENTE ADM - MENSAL;SV
Civil;300056198;4023898;SV-FÔRMA COM CHAPA COMPENSADA (MADEIRITE;M2
Civil;200982674;4066858;SV-AJUD TELHADO HE 100%;SV
Civil;200339034;4054909;SV PINT TUBULAÇÃO IND C/ROLO DE LA - FDS;M2
Civil;200303818;4028318;SV - FURAÇÃO EM CONCRETO COM COROA DIAM;CM
Civil;300056198;4023815;ACRÍLICA DUAS DEMAOS PAREDES(MAN.CIVIL);M2
Civil;200339034;4054912;SV APLIC DE RESINA EPÓXI E CARGA MINERAL;M2
Civil;300056198;4023609;"FURAÇÃO CONCRETO C/BROCA VÍDEA ATÉ 1/2""";CM
Civil;201813190;4123188;PAGAMENTO DE RETROATIVO MAR/JUL 26;ST
Civil;300056198;4023867;SV-CONCRETO 25 MPA PREPARO BETONEIRA MAN;M3
Civil;200772986;4119248;Sistema Blindado Seguro blindagem cavas;SV
Civil;200491752;4096199;TRATOR AGRALE 4230.4 - Custo mensAL;SV
Civil;200772986;4055612;SV CONTAINER SANITARIO 2,4X6,0X2,5M;SV
Civil;300343622;4100182;CARPINTEIRO - HORA NORMAL;H
Civil;200339034;4054902;SV PINT EPOXIDICA-PISO BOAS COND - FDS;M2
Civil;200490010;4012462;SV-FORMA EM COMPENSADO RESINADO .;SV
Civil;200772986;4065174;BOMBEAMENTO CONCRETO P/ VOLUMES ATÉ 40M³;M3
Civil;200303818;4028319;SV - FURAÇÃO EM CONCRETO COM COROA DIAM;CM
Civil;200772986;4051385;SV MOB DESMOB OFICIAL;SV
Civil;300056198;4023631;SV-HORA RETROESCAVADEIRA C/PICÃO;H
Civil;200772986;4055611;SV CONTAINER VESTIARIO 2,4X6,0X2,5M;SV
Civil;200303818;4028320;SV - FURAÇÃO EM CONCRETO COM COROA DIAM;CM
Civil;200772986;4056693;FORN., APLICAÇÃO MANUAL E CURA ARGAMASSA;M2
Civil;300623388;4093393;MINI ESCAVADEIRA HIDRAULICA c MO;SV
Civil;201332350;4098065;Veículo Leve extra;H
Civil;200303818;4028321;SV - FURAÇÃO EM CONCRETO COM COROA DIAM;CM
Civil;200772986;4055610;SV CONTAINER ESCRITORIO 2,4X6,0X2,5M;SV
Civil;200364590;4033707;SV- ARGAMASSA EPOXI;SV
Civil;200491752;4066032;Locação de equipaementos;SV
Civil;200303818;4028322;SV - FURAÇÃO EM CONCRETO COM COROA DIAM;CM
Civil;200772986;4050580;SV OFICIAL HE CHEIA;H
Civil;300056198;4023863;SV-CONCRETO 9 MPA PREPARO BETONEIRA MANU;M3
Civil;200772986;4050929;SV ELETRICISTA MENSAL;SV
Civil;300056198;4023621;HORA CAMINHAO BASCUL.À DISP.(MAN.CIVIL);H
Civil;200772986;4079117;SV - LANÇAMENTO DE MATACÃO;SV
Civil;200339034;4054904;SV PINT DE FAIXA DE PEDEST ASFALTO - FDS;M2
Civil;300056198;4023813;SV- DEM CONCRETO ARMADO CONSID SERV  BAI;M3
Civil;200772986;4056702;FCONSULTORIA TÉCNICA - SERVIÇOS ESPECIAL;H
Civil;200772986;4050027;SV MARTELETEIRO H NOT CHEIA;H
Civil;200982674;4066845;SV-PINTOR HE 60%;SV
Civil;300056198;4023753;SV-TINTA EPÓXI PISO CONCRETO-02 DEMÃOS;M2
Civil;200490010;4040793;SV-ISOLAMENTOS COM TELA LARANJA E ESTRUT;SV
Civil;200303818;4028323;SV - FURAÇÃO EM CONCRETO COM COROA DIAM;CM
Civil;300343622;4059550;Caminhão caçamba;SV
Civil;200772986;4061994;ARMADURA CA-50 DN >=16,0MM INCLUSIVE CO;KG
Civil;200772986;4050700;SV REVESTIMENTO POLIMERICO SIKATOP 108;KG
Civil;200772986;4088239;AUXILIAR DE SERVIÇOS GERAIS - MENSAL;MON
Civil;200364590;4033516;SV- PINTURA SIMPLES PISO EPOXI;SV
Civil;200490010;4011380;SV-SIKADUR 32 .;SV
Civil;200490010;4040999;SV-CONCRETO USINADO FCK 30MPA - EXTERNO;SV
Civil;200303818;4028324;SV - CORTE COM DISCO DIAMANTADO EM PISO;M
Civil;200772986;4050546;SV MARTELETEIRO H INS RES;H
Civil;200772986;4100567;LÍDER ELÉTRICA - MENSAL;SV
Civil;200303818;4028325;SV - CORTE COM DISCO DIAMANTADO EM PISO;M
Civil;200772986;4114355;PERMANENCIA TENDA-TAM 6X6-ATÉ 3 MESES;MON
Civil;300623388;4093390;Motoniveladora - eventual;SV
Civil;200772986;4050493;SV ENC HE CHEIA;H
Civil;200303818;4028326;SV - FURAÇÃO EM CONCRETO COM COROA DIAM;CM
Civil;200490010;4011227;"SV-BARROTE DE MADEIRA DE 3"" X 4"" .";SV
Civil;200772986;4050738;SV MANTA GEOTÊXTIL TECIDO;M2
Civil;200490010;4012113;SV-REMOCAO DE ENTULHO .;SV
Civil;200303818;4028327;SV - ANCORAGEM QUÍMICA SISTEMA HIT- FOR;CM
Civil;200772986;4050937;SV PINTOR MENSAL;SV
Civil;200982674;4102027;Auxiliar MENSAL;SV
Civil;200772986;4100584;AUX TST - MENSAL;SV
Civil;200303818;4072582;Fornecimento de barra metálica/nsert met;KG
Civil;300343622;4097840;Caminhão Caçamba - Mensal;SV
Civil;200772986;4091854;SV - GUARDA-CORPO mad H até 1,20M;M2
Civil;200490010;4123123;CONCRETO USINADO DE 50 MPA;SV
Civil;200303818;4028328;SV - ANCORAGEM QUÍMICA SISTEMA HIT - FOR;CM
Civil;200364590;4045092;SV-MOBILIZAÇÃO METRAGEM INFERIOR A 500M²;SV
Civil;200982674;4102026;Montador MENSAL;SV
Civil;200982674;4066842;SV-ENCARREG PINTURA HE 60%;SV
Civil;200772986;4050829;SV TINTA EPÓXI MODIFICADO;M2
Civil;300056198;4023833;SV-APL CONCRETO SOMENTE MÃO DE OBRA, CON;M3
Civil;200772986;4056695;FORN. DE MAT.EQUIP. INJEÇÃO DE RESINA;L
Civil;200982674;4102025;Montador N1 MENSAL;SV
Civil;200303818;4028329;SV - ANCORAGEM QUÍMICA SISTEMA HIT - FOR;CM
Civil;200303818;4028330;SV - ANCORAGEM QUÍMICA SISTEMA HIT - FOR;CM
Civil;300623388;4116775;PÓ DE BRITA;TO
Civil;200772986;4067091;LOCAÇÃOTENDA DIMENSÕES 6,0X6,0M;SV
Civil;200303818;4028331;SV - ANCORAGEM QUÍMICA SISTEMA HIT - FOR;CM
Civil;300056198;4023629;HORA RETRO ESCAVADEIRA (MAN.CIVIL);H
Civil;300623388;4093379;RETRO ESCAVADEIRA  - eventual;SV
Civil;200339034;4044460;SV APLIC DE CADA DE FUNDO-PRIMER EPOXI;M2
Civil;200772986;4050504;SV ENC H INS RES;H
Civil;200303818;4028332;SV - ANCORAGEM QUÍMICA SISTEMA HIT - FOR;CM
Civil;200772986;4056698;INJEÇÃO DE RESINA POLIURETANO - GEL;L
Civil;201332350;4096422;HIDRÁULICO - HORA EXTRA 50%;H
Civil;200303818;4028333;SV - ANCORAGEM QUÍMICA SISTEMA HIT - FOR;CM
Civil;200772986;4114350;Controle grau compactação-Ensaio de dens;TAG
Civil;200339034;4044428;SV LIXAM/LIMP DE TUBULAÇÃO LIXA DE FERRO;M2
Civil;200772986;4056719;SV CAMINHÃO BASCULA - 6 m³ EVENTUAL SPOT;H
Civil;200303818;4028334;SV - ANCORAGEM QUÍMICA SISTEMA HVA DA HI;SV
Civil;200772986;4050025;SV MARTELETEIRO HE CHEIA;H
Civil;200339034;4044462;SV PINTURA TUBULAÇÃO IND C/ PISTOLA;M2
Civil;200982674;4066860;SV-TEC SEGUR (TELHADO) HE 60%;SV
Civil;200772986;4079113;SV - MURO DE GABIÃO TIPO CAIXA (por Grav;SV
Civil;200772986;4086445;PEDREIRO - HORA INSALUBRE RESIDUAL;H
Civil;200772986;4050597;SV AJUDANTE H NOT CHEIA;H
Civil;200772986;4088222;LÍDER DE OBRA - MENSAL;MON
Civil;200490010;4013006;SV-PEDREIRO-HORA EXTRA 100% .;SV
Civil;200303818;4028335;SV - ANCORAGEM QUÍMICA SISTEMA HVA DA HI;SV
Civil;200772986;4100640;SUPERVISOR - HORA EXTRA CHEIA;H
Civil;201332350;4096423;HIDRÁULICO - HORA EXTRA 100%;H
Civil;200339034;4044424;SV PINTURA EPOXIDICA-PISO BOAS CONDIÇÕES;M2
Civil;300056198;4023706;REGULARIZAÇÃO MANUAL DE TERRENO;M2
Civil;200772986;4050438;SV ENGENHEIRO HE CHEIA;H
Civil;200303818;4028336;SV - ANCORAGEM QUÍMICA SISTEMA HVA DA HI;SV
Civil;200772986;4050606;SV AJUDANTE H INS RES;H
Civil;200772986;4050451;SV TST HE CHEIA;H
Civil;200303818;4028337;SV - ANCORAGEM QUÍMICA SISTEMA HVA DA HI;SV
Civil;200772986;4050462;SV TST HN INS RES;H
Civil;300056198;4023930;SV-OFICIAL COM MARTELO ROMPEDOR OU ELÉTR;H
Civil;200772986;4059395;COMPRESSOR 825 PCM - MENSAL;MON
Civil;200303818;4028338;SV - ANCORAGEM QUÍMICA SISTEMA HVA DA HI;SV
Civil;200772986;4051386;SV MOB DESMOB AJUDANTE;SV
Civil;200772986;4086371;SUPERVISOR DE OBRAS - HNOT CHEIA;H
Civil;200982674;4066846;SV-PINTOR HE 100%;SV
Civil;300056198;4023986;SV-TRANSPORTE MANUAL DE ENTULHO ATÉ 30 M;M3
Civil;200303818;4028339;SV - ANCORAGEM QUÍMICA SISTEMA HVA DA HI;SV
Civil;200772986;4050920;SV APLICAÇÃO DE GRAUTE;M3
Civil;200982674;4066861;SV-TEC SEGUR (TELHADO) HE 100%;SV
Civil;300056198;4023825;SV-ALVENARIA DE BLOCOS DE CONCRETO 0,20M;M2
Civil;300056198;4023664;SV-OFICIAL C/MARTELO ROMPEDOR-ELÉTRICO;H
Civil;200303818;4028340;SV - ANCORAGEM QUÍMICA SISTEMA HVA DA HI;SV
Civil;200772986;4086436;PEDREIRO - HNOT CHEIA;H
Civil;200339034;4054906;SV LIXAM/LIMP DE TUB LIXA DE FERRO - FDS;M2
Civil;200303818;4028341;SV - ANCORAGEM QUÍMICA SISTEMA HVA DA HI;CM
Civil;200772986;4086434;PEDREIRO - HE CHEIA;H
Civil;200772986;4056718;SV CAMINHÃO CARROCERIA MUNCK SPOT;H
Civil;200772986;4100550;AUX. ELETRICISTA - MENSAL;SV
Civil;200772986;4050578;SV OFICIAL HN DISP;H
Civil;200982674;4109228;MOBILIZAÇÃO POR PESSOA;SV
Civil;200772986;4050899;SV CARGA TRANSP E DESC ENTULHO DMT 10KM;M3
Civil;200772986;4050595;SV AJUDANTE HE CHEIA;H
Civil;201464634;4013130;Detector 4 gases (O2-CO-H2S-Inflamave.;SV
Civil;200303818;4028342;SV - ANCORAGEM QUÍMICA SISTEMA HVA DA HI;CM
Civil;300056198;4023781;SV-TUBO RÍGIDO LISO 200 MM;M
Civil;300056198;4023895;SV-ESMALTE DUAS DEMAOS EM ESQUADRIAS DE;M2
Civil;300056198;4023696;SV-REBOCO;M2
Civil;200772986;4107500;Forn.madeira roliça tratada DN=7 a 10cm;M
Civil;200772986;4056711;ELABORAÇÃO DE PROJETO PARA ANDAIME SUSPE;SV
Civil;200490010;4012476;SV-BRITA GRADUADA COMPACTADA .;SV
Civil;200490010;4041002;SV-CONTAINER DE 6 METROS MENSAL;SV
Civil;200303818;4028343;SV - ANCORAGEM QUÍMICA SISTEMA HVA DA HI;CM
Civil;200490010;4066918;SV-ROMPEDOR (USO NA RETROESCAVAD) DIARIA;SV
Civil;200490010;4041014;SV-IMPERM. C/MANTA ROLO 50CMx10M;SV
Civil;300343622;4059542;Martelete pneumático;SV
Civil;300343622;4059548;Retroescavadeira;SV
Civil;200772986;4050534;SV SOLDADOR H INS RES;H
Civil;300056198;4023952;SV-PISO CERÂMICA 31X31 CM, ELIANE, URBAN;M2
Civil;200982674;4102221;Auxiliar Pintura MENSAL;SV
Civil;200772986;4051377;SV MOB DESMOB TEC SEG TRABALHO;SV
Civil;300623388;4097172;Pavimentação a frio por M2;M2
Civil;200982674;4102024;Téc. Segurança MENSAL;SV
Civil;200772986;4086496;MONTADOR DE ANDAIME - HINS RESIDUAL;H
Civil;300056198;4023501;CALHA CHAPA GALV 26 DESENVOLVIM 51-80CM;M
Civil;200982674;4066851;SV-ENCARREG TELHADO HE 60%;SV
Civil;200772986;4079595;SV-LOCAÇAOMOBILIZAÇÃO DE COMPACTADOR/EST;SV
Civil;200303818;4028344;SV - ANCORAGEM QUÍMICA SISTEMA HVA DA HI;CM
Civil;300056198;4023607;SV-FORNECIMENTO E APLIC SIKADUR 32;KG
Civil;200982674;4066843;SV-ENCARREG PINTURA HE 100%;SV
Civil;300056198;4023854;SV-CARGA, TRANSPORTE E DESCARGA DE ENTUL;M3
Civil;200772986;4051379;SV MOB DESMOB ENCARREGADO;SV
Civil;200772986;4101964;ENCARREGADO ANDAIME-MOB/DESMOB SV EXTRA;SV
Civil;300056198;4023897;SV-FORNECIMENTO E MONTAGEM DE TELA SOLDA;KG
Civil;200772986;4050479;SV TEC PLAN H INS RES;H
Civil;200490010;4012492;SV-FORMA EM COMPENSADO PLASTIFICADO .;SV
Civil;300056198;4023929;SV-LASTRO DE BRITA 3 E 4 APILOADO MANUAL;M3
Civil;300056198;4023902;SV-FORNECIMENTO E MONTAGEM DE CHUMBADORE;KG
Civil;200772986;4050453;SV TST H NOT CHEIA;H
Civil;300056198;4023949;SV-PISO CIMENTADO DESEMPENADO ESPESSURA;M2
Civil;300056198;4023802;SV-VIDRO TEMPERADO 10MM;M2
Civil;200772986;4050565;SV OP MAQ HE CHEIA;H
Civil;300343622;4059543;Furadeira manual a bateria;SV
Civil;200772986;4086380;SUPERVISOR DE OBRAS- HINS RESIDUAL;H
Civil;200772986;4086378;SUPERVISOR DE OBRAS - HPER RESIDUAL;H
Civil;300056198;4023618;SV-HORA AJUDANTE-HR NORMAL;H
Civil;200772986;4050888;SV ESCAVAÇÃO MEC DE VALA;M3
Civil;200303818;4028345;SV - ANCORAGEM QUÍMICA SISTEMA HVA DA HI;CM
Civil;200982674;4102220;Pintor MENSAL;SV
Civil;300424730;4113311;SV-BOMBA ESTACIONARIA E OU LANÇA;M3
Civil;200772986;4086429;AUXILIAR TÉC DE ENG - HINS RESIDUAL;H
Civil;200772986;4086462;CARPINTEIRO - HORA INSALUBRE RESIDUAL;H
Civil;200772986;4050943;SV BOMBA SUBMERSÍVEL PORTÁTIL - MENSAL;SV
Civil;200772986;4050895;SV REATERRO MEC COM COMPACT PLACA VIB;M3
Civil;200339034;4044461;SV PINTURA TUBULAÇÃO IND C/ ROLO DE LA;M2
Civil;200303818;4028346;SV - ANCORAGEM QUÍMICA SISTEMA HVA DA H;CM
Civil;200772986;4114356;PERMANENCIA TENDA-TAM 6X6-DE 3 A 6 MESES;MON
Civil;200303818;4028347;SV - ANCORAGEM QUÍMICA SISTEMA HVA DA HI;CM
Civil;200772986;4050447;SV ENGENHEIRO INS RES;H
Civil;200772986;4086412;TÉC. MEDIÇÃO - HORA INSALUBRE RESIDUAL;H
Civil;200772986;4050903;SV LASTRO AREIA GROSSA;M3
Civil;300056198;4023570;SV-DEMOLICAO PISO CIMENTADO;M2
Civil;300056198;4023803;SV-VIDRO TEMPERADO 6MM;M2
Civil;200772986;4050468;SV TEC PLAN HE CHEIA;H
Civil;200982674;4066852;SV-ENCARREG TELHADO HE 100%;SV
Civil;200303818;4028348;SV - ANCORAGEM QUÍMICA SISTEMA HVA DA H;SV
Civil;200490010;4012803;SV-AJUDANTE-HORA 100% .;SV
Civil;200303818;4028349;SV - MOBILIZAÇÃO E DESMOBILIZAÇÃO DE EQU;SV
Civil;200772986;4056697;BICO DE INJEÇÃO INCLUINDO REMOÇÃO E ACAB;SV
Civil;200490010;4064974;SV-PEDREIRO-HORA EXTRA 70%.;SV
Civil;200772986;4050878;SV DEMOLIÇÃO CONCRETO ARMADO C MARTELETE;M3
Civil;200772986;4114353;Execução ensaio c/penetrômetro dinâmico;TAG
Civil;200303818;4028350;SV - MOB/ DESMOB EQUIPE OPERACIONAL;SV
Civil;300056198;4023871;COMPR.DIESEL 250 PCM(MAN.CIVIL)COM 2 CO;H
Civil;300056198;4023606;SV-FORNECIMENTO E APLIC GRAUTE;M3
Civil;200772986;4050310;SV -MEIO FIO  INCLUSO MATERIAL;M
Civil;200303818;4028352;SV - HORA DE AJUDANTE - HORA EXTRAORDINÁ;H
Civil;200772986;4050894;SV REATERRO MEC COM COMPACTAÇÃO MANUAL;M3
Civil;300343622;4059545;Vibrador elétrico;SV
Civil;200772986;4086369;SUPERVISOR DE OBRAS - HE CHEIA;H
Civil;200490010;4012846;SV-ENCARREGADO-HORA EXTRA 100% .;SV
Civil;200303818;4028353;SV - HORA DE OPERADOR - HORA EXTRAORDINÁ;H
Civil;300056198;4023583;"SV-DUTO CORRUGADO REFERÊNCIA KANALEX 2""";M
Civil;300056198;4023924;SV-IMPERMEABILIZAÇÃO COM ELASTIFLEX, INC;M2
Civil;300056198;4023623;SV-HORA OFICIAL-EXTRAORDINÁRIA;H
Civil;300056198;4023648;SV-LOCAÇÃO OBRA EXECUÇÃO GABARITO;M2
Civil;201332350;4096447;CARPINTEIRO - HORA EXTRA 100%;H
Civil;200490010;4040993;SV-BRITA TAMANHO 19;SV
Civil;200772986;4050491;SV ENC HN DISP;H
Civil;200772986;4100651;SUPERVISOR - HORA INSALUBRE RESIDUAL;H
Civil;200303818;4028354;SV - HORA DE TÉCNICO DE SEGURANÇA - HORA;H
Civil;200772986;4050525;SV SOLDADOR H NOT CHEIA;H
Civil;200772986;4051384;SV MOB DESMOB OPERADOR DE MÁQUINA;SV
Civil;300343622;4100185;CARPINTEIRO - HORA EXTRA 100%;H
Civil;200772986;4079119;SV - LANÇAMENTO DE BICA CORRIDA;SV
Civil;200772986;4050502;SV ENC H PER RES;H
Civil;300056198;4023970;SV-REATERRO MECANIZADO COM COMPACTADOR D;M3
Civil;201332350;4096434;SERRALHEIRO - HORA EXTRA 50%;H
Civil;300056198;4023590;SV-EMBOÇO;M2
Civil;300056198;4023592;SV-ESCAVAÇÃO MANUAL EM CAMPO ABERTO;M3
Civil;300343622;4059541;Betoneira 400 litros;SV
Civil;300343622;4059544;FURADEIRA ELÉTRICA;SV
Civil;300343622;4059546;SERRA CIRCULAR MANUAL;SV
Civil;200303818;4028355;SV - HORA DE ENCARREGADO - HORA EXTRAORD;H
Civil;200772986;4050464;SV ENGENHEIRO H NOT CHEIA;H
Civil;201332350;4096446;CARPINTEIRO - HORA EXTRA 50%;H
Civil;200772986;4050477;SV TEC PLAN H PER RES;H
Civil;200772986;4086410;TÉC. MEDIÇÃO - HORA PERICULOSA RESIDUAL;H
Civil;300056198;4023593;SV-ESCAVAÇÃO MANUAL VALA;M3
Civil;300343622;4123362;Placa CR6;SV
Civil;300056198;4066362;SV-CONCRETO 30 MPA PRÉ-MISTURADO USINADO;M3
Civil;300056198;4023784;SV-TUBO RÍGIDO SOLDÁVEL 25 MM;M
Civil;200772986;4050023;SV MARTELETEIRO HN DISP;H
Civil;200303818;4028356;SV - HORA DE OPERADOR - HORA NOTURNA RES;H
Civil;200772986;4050585;SV OFICIAL HE NOT;H
Civil;200303818;4028357;SV -HORA DE AJUDANTE - HORA NOTURNA RESI;H
Civil;200982674;4066848;SV-AJUD PINTURA HE 60%;SV
Civil;300056198;4023712;SV-RETIRADA CERCA EM TELA ALAMBRADO;M
Civil;200772986;4051381;SV MOB DESMOB SOLDADOR/MAÇARIQUEIRO;SV
Civil;200772986;4114351;Ensaios caracterização amostra de solo;SV
Civil;200772986;4107501;Forn.madeira roliça tratada DN=10 a 12cm;M
Civil;200772986;4086451;CARPINTEIRO - HE CHEIA;H
Civil;300343622;4100165;HIDRÁULICO - HORA EXTRA 100%;H
Civil;200490010;4041004;SV-COMPACTADOR DE PISO TIPO SAPINHO;SV
Civil;200303818;4028358;SV - HORA DE ENCARREGADO - HORA NOTURNA;H
Civil;200772986;4050221;SV - EXECUÇÃO DE GABARITO;M2
Civil;300623388;4093394;CAMINHÃO CAÇAMBA - eventual;SV
Civil;200772986;4050498;SV ENC HE NOT;H
Civil;200772986;4050567;SV OP MAQ H NOT CHEIA;H
Civil;200772986;4100642;SUPERVISOR - HORA NOT CHEIA;H
Civil;200772986;4050460;SV TST HN PER RES;H
Civil;200772986;4114354;MONTAGEM TENDA-TAM 6X6(36m2 área coberta;SV
Civil;300056198;4023514;SV-CHAPISCO;M2
Civil;200303818;4028359;SV - HORA DE TÉCNICO DE SEGURANÇA - HORA;H
Civil;300056198;4023568;SV-DEMOLIÇÃO ALVENARIA S/REAPROVEITAM;M3
Civil;200772986;4050523;SV SOLDADOR HE CHEIA;H
Civil;300056198;4023947;SV-PORTA EM ALUMÍNIO VENEZIANA LINHA 25;M2
Civil;200772986;4091852;SV - FORNECI E MONTAGEM DE TENDA 4x4;SV
Civil;200303818;4028360;SV - HORA DE OPERADOR - HORA EXTRAORDINÁ;H
Civil;300056198;4023776;TUBO RÍGIDO C/PONTA,BOLSA C/VIROLA 100MM;M
Civil;201332350;4096435;SERRALHEIRO - HORA EXTRA 100%;H
Civil;200772986;4050540;SV MARTELETEIRO HE NOT;H
Civil;300056198;4023594;SV-ESCAVAÇÃO MECANIZADA VALA;M3
Civil;300056198;4066366;SV-ASSENTAMENTOTARUGOS PARA PROTEÇÃO;ST
Civil;200303818;4028361;SV - HORA DE AJUDANTE - HORA EXTRAORDINÁ;H
Civil;200772986;4091853;SV - FORNECI E MONTAGEM DE TENDA 3x3;SV
Civil;200490010;4064975;SV-TEC SEGURANCA EXTRA 100%.;SV
Civil;200982674;4102028;Laudo Técnico e ART;SV
Civil;300056198;4023780;SV-TUBO RÍGIDO LISO 150 MM;M
Civil;200772986;4056694;LIXAMENTO MECÂNICO DAS ARMADURAS;M2
Civil;200772986;4050938;SV AUXILIAR ADMINISTRATIVO MENSAL;SV
Civil;200490010;4012477;SV-CONCRETO MAGRO FCK 13,5 MPA.;SV
Civil;300056198;4023887;SV-EMASSAMENTO DE PAREDES DE ALVENARIA P;M2
Civil;300056198;4023756;SV-TORNEIRA PARA LAVATÓRIO-1199 C50;ST
Civil;200772986;4086386;MOTORISTA - HE CHEIA;H
Civil;200772986;4050589;SV OFICIAL H PER RES;H
Civil;200303818;4028362;SV - HORA DE ENCARREGADO - HORA EXTRAORD;H
Civil;200772986;4050593;SV AJUDANTE HN DISP;H
Civil;300056198;4023826;SV-ALVENARIA DE TIJOLO CERÂMICO FURADO 3;M2
Civil;300056198;4023857;SV-CERÂMICA GAIL INDUSTRIAL GRESSIT CINZ;M2
Civil;200490010;4011134;SV-CAIXA D'AGUA 1000L .;SV
Civil;200772986;4061935;MOBILIZAÇÃO E DESMOBILIZAÇÃO DE MÁQUINA;SV
Civil;200772986;4101962;ENCARREGADO ANDAIME-H INSALUBRE RESIDUAL;H
Civil;200303818;4028363;SV - HORA DE TÉCNICO DE SEGURANÇA - HORA;H
Civil;200772986;4050610;SV ALMOXARIFE HE CHEIA;H
Civil;300343622;4059547;Serra circular fixa;SV
Civil;200772986;4100601;SUPERVISOR TST - MENSAL;SV
Civil;300056198;4023908;SV-FURAÇÃO EM CONCRETO COM BROCA DE VIDE;CM
Civil;200772986;4086485;MONTADOR DE ANDAIME - HE CHEIA;H
Civil;200772986;4050737;SV APILOAMENTO DE FUNDO DE VALA;M2
Civil;300056198;4023985;SV-TAPUME DE MADEIRITE RESINADO 12,5 MM;ST
Civil;300056198;4023605;SV-FORNECIM/MONTAGEM INSERTS METÁLICOS;KG
Civil;200303818;4028364;SV - HORA DE OPERADOR - HORA À DISPOSIÇÃ;H
Civil;200490010;4040987;SV-AREIA GROSSA;SV
Civil;300056198;4023800;SV-VIDRO LISO 4MM;M2
Civil;300343622;4123360;Rompedor 30kg;SV
Civil;300056198;4023999;"SV-TUBULAÇÃO EM ESGOTO PVC 350MM; PONTA";M
Civil;200490010;4064972;SV-ENCARREGADO-HORA EXTRA 70 .;SV
Civil;200772986;4100645;SUPERVISOR - HORA EXTRA NOT;H
Civil;200303818;4028365;SV - HORA DE AJUDANTE - HORA À DISPOSIÇÃ;H
Civil;200772986;4079118;SV - MURO DE ARRIMO EM RIP-RAP;SV
Civil;300343622;4049924;MÁQUINA RETRO COM ROMPEDOR DIARIA;TAG
Civil;200490010;4041006;"SV-DOBRADIÇA DE 3"" X 2 1/2""";SV
Civil;300056198;4023804;SV-VIDRO TEMPERADO 8MM;M2
Civil;300056198;4023628;SV-HORA OFICIAL-HR NORMAL-À DISPOSIÇÃO;H
Civil;300056198;4023844;SV-BANCADA DE GRANITO CINZA ANDORINHA ES;M2
Civil;200772986;4121430;Fracionament Concreto-Adc vol mín.3,00m3;SV
Civil;200303818;4028366;SV - HORA DE ENCARREGADO - HORA À DISPOS;H
Civil;200772986;4050839;SV TINTA ESMALTE - 2ª DEMÃO - PAREDE;M2
Civil;200772986;4050890;SV ESCAVAÇÃO MANUAL DE VALA;M3
Civil;300056198;4023879;SV-DEMOLIÇÃO DE CONCRETO SIMPLES COM MAR;M3
Civil;200772986;4101911;ENCARREGADO DE ANDAIME-HORA EXTRA CHEIA;H
Civil;200772986;4050732;SV APICOAMENTE MECANICO DE CONCRETO;M2
Civil;200303818;4028367;SV - HORA DE TÉCNICO DE SEGURANÇA - HORA;H
Civil;300056198;4023816;SV-ACRÍLICA EM PISO PARA FAIXAS DE DEM,;M2
Civil;200982674;4066849;SV-AJUD PINTURA HE 100%;SV
Civil;300623388;4093397;ROLO COMPACTADOR- eventual;SV
Civil;200772986;4050893;SV REATERRO MANUAL DE VALA;M3
Civil;200303818;4028368;SV - HORA DE OPERADOR - HORA NORMAL CHEI;H
Civil;200772986;4050832;SV TINTA EPÓXI POLIAMINA;M2
Civil;300056198;4023866;SV-CONCRETO 20 MPA PREPARO BETONEIRA MAN;M3
Civil;200490010;4040798;SV-MASSA UNICA EXT C/AR CI CAL ESP 25 MM;SV
Civil;300056198;4023584;"SV-DUTO CORRUGADO REFERÊNCIA KANALEX 3""";M
Civil;300056198;4023465;SV-BACIA C/CAIXA ACOPLADA TARGA-DECA;ST
Civil;300056198;4024010;SV-RUFO DE CHAPA GALVANIZADA 26 DESENVOL;M
Civil;300056198;4024012;SV-VÁLVULA DE DESCARGA HYDRA MAX PÚBLICA;ST
Civil;200490010;4012362;SV-REBOCO INTERNO C/AR CI CAL ESP 15 MM.;SV
Civil;300056198;4023469;SV-BOMBEAMENTO CONCRETO ESPECIFICAÇÃO;M3
Civil;200772986;4100638;SUPERVISOR - HORA NORMAL À DISPOSIÇÃO;H
Civil;200772986;4050449;SV TST HN DISP;H
Civil;200303818;4028369;SV - HORA DE AJUDANTE  HORA NORMAL CHEIA;H
Civil;200772986;4050463;SV ENGENHEIRO HE DISP;H
Civil;200772986;4050470;SV TEC PLAN H NOT CHEIA;H
Civil;200303818;4028370;SV - HORA DE ENCARREG  HORA NORMAL CHEIA;H
Civil;300056198;4023462;SV-APICOAMENTO MECÂNICO CONCRETO;M2
Civil;200772986;4050456;SV TST HE NOT;H
Civil;300056198;4023575;SV-DEMOLIÇÃO REVESTIMENTO C/AZULEJOS;M2
Civil;200772986;4082305;SV - MARTELETEIRO  - MENSAL;SV
Civil;300056198;4023824;SV-ALVENARIA DE TIJOLO CERÂMICO LAMINADO;M2
Civil;300056198;4023989;SV-TAMPA EM CHAPA METÁLICA PARA CANALETA;KG
Civil;200772986;4050600;SV AJUDANTE HE NOT;H
Civil;200490010;4064976;SV-TEC SEGURANCA EXTRA 70%.;SV
Civil;200772986;4086439;PEDREIRO - HE NOT;H
Civil;200772986;4064499;SV-LOCAÇ GUINCHO COLUNA Carga até 400kg;SV
Civil;200772986;4100572;AUX TST - HORA EXTRA CHEIA;H
Civil;200772986;4050741;SV INST LONA PLASTICA;M2
Civil;300056198;4023460;APICOAMENTO CONCRETO,LAVAG ALTA PRESSÃO;M2
Civil;300056198;4023752;SV-TINTA ACRÍLICA PISO CONCRETO-CORAL;M2
Civil;200303818;4028371;SV-HORA TÉCNICO SEGUR HORA NORMAL CHEIA;H
Civil;300056198;4023510;SV-CAP E PLUG 100 MM;ST
Civil;200772986;4050739;SV MANTA GEOTÊXTIL NÃO TECIDO;M2
Civil;300056198;4023922;SV-JANELAS DE CORRER ALUMINIO COM PERFIL;M2
Civil;300343622;4100164;HIDRÁULICO - HORA EXTRA 50%;H
Civil;300056198;4023709;SV-REMOÇÃO PERFIS AÇO;KG
Civil;200772986;4084132;PEDREIRO - HORA NORMAL;H
Civil;300056198;4023704;"SV-REGISTRO GAVETA BRUTO 3/4""-1502 B";ST
Civil;300056198;4023987;SV-TRANSPORTE MANUAL DE ENTULHO ATÉ 30 M;M3
Civil;200303818;4028372;SV - HORA OPERADOR - HORA NOTURNA CHEIA;H
Civil;200775708;4073356;SV - Encarregado HE Segunda a Sabado;H
Civil;200490010;4011047;SV-TORNEIRA PRESSMATIC - DOCOL.;SV
Civil;200490010;4012953;SV-PORTAS DE MADEIRA 80X2,10 C/MARCO 25.;SV
Civil;300056198;4023901;SV-FABRICAÇÃO E MONTAGEM DE ESTRUTURA ME;KG
Civil;200772986;4050898;SV CARGA TRANSP E DESC ENTULHO DMT 5KM;M3
Civil;300056198;4023950;SV-PISO PAVIFLEX FAMÍLIA INTENSITY ESPES;M2
Civil;200772986;4050838;SV TINTA ESMALTE - 1 DEMÃO - PAREDE;M2
Civil;300343622;4123269;Rompedor 8kg;SV
Civil;200303818;4028373;SV - HORA DE AJUDANTE - HORA NOTURNA CHE;H
Civil;300056198;4023921;SV-JANELA EM METALON 20 X 30 MM COM BAGU;M2
Civil;200490010;4014022;SV-PISO CONCRETO ARMADO C/TELA SIMPLES .;SV
Civil;200772986;4056692;DELIM. ÁREA DE REPARO COM DISCO DE CORTE;M
Civil;300056198;4023941;SV-PORTA PRANCHETA COMPLETA PARA PINTURA;ST
Civil;300056198;4024013;SV-VALVULA DESCARGA PARA MICTORIO AUTOMÁ;ST
Civil;200772986;4050576;SV OP MAQ H INS RES;H
Civil;200772986;4100583;AUX TST - HORA INSALUBRE RESIDUAL;H
Civil;300056198;4023732;SV-TANQUE 600X500MM-TQ 25-DECA;ST
Civil;300056198;4023733;TANQUE SIMPLES INOX 630X515MM-T550FRANKE;ST
Civil;200772986;4050441;SV ENGENHEIRO HE NOT;H
Civil;200303818;4028374;SV -HORA ENCARREGADO -HORA NOTURNA CHEIA;H
Civil;200490010;4040986;SV-ALVENARIA DE TIJOLO 6 FUROS ESP 25 CM;SV
Civil;300056198;4023521;SV-CONTRAPISO ESPESSURA 3CM;M2
Civil;200772986;4050889;SV ESCAVAÇÃO MEC DE VALA >50M3;M3
Civil;200772986;4050886;SV DEM CONC ARMADO C PICAO;M3
Civil;300056198;4023614;SV-HORA AJUDANTE-HE À DISPOSIÇÃO;H
Civil;300056198;4023900;SV-FORNEC APL GRAUTE PARA ENCH NICHOS  A;M3
Civil;200772986;4088210;LÍDER DE OBRA - HORA NOTURNA CHEIA;H
Civil;200303818;4028375;SV -HORA TÉCNICO SEGUR  H NOTURNA CHEIA;H
Civil;300056198;4023603;SV-FORNECIM E MONTAG CHUMBADOR PARABOLT;KG
Civil;300056198;4023569;SV-DEMOLICAO CONCRETO SIMPLES;M3
Civil;200772986;4050443;SV ENGENHEIRO HE NOT DISP;H
Civil;300056198;4023515;COMPACTAÇÃO ATERRO A 95% PROCTOR NORMAL;M3
Civil;300056198;4023552;SV-CURVA E JOELHO SOLDÁVEL 25 MM;ST
Civil;300056198;4023610;SV-GERADOR A DIESEL 10 KVA;H
Civil;300056198;4023988;SV-TRANSPORTE MANUAL DE ENTULHO ATÉ 30 M;M3
Civil;300056198;4023453;SV-ALVENARIA BLOCOS CONCRETO 0,20M;M2
Civil;200772986;4100674;LÍDER ANDAIME - HORA EXTRA CHEIA;H
Civil;300343622;4100184;CARPINTEIRO - HORA EXTRA 50%;H
Civil;200490010;4012975;SV-MOLA HIDRAULICA P/PORTA .;SV
Civil;200303818;4028376;SV -HORA  OPERADOR H EXTRAORDINÁRIA CHEI;H
Civil;200772986;4050833;SV TINTA EPÓXI MASTIC;M2
Civil;300343622;4123361;Motor gasolina;SV
Civil;300056198;4066368;SV-BANCADA GRANITO CINZA ANDOR ESPES 2CM;M3
Civil;200772986;4050508;SV ELETRICISTA HE CHEIA;H
Civil;200772986;4100574;AUX TST - HORA NOT CHEIA;H
Civil;300056198;4023754;SV-TOMADA EMB. 2P+T 20A-250V PLUS;ST
Civil;300056198;4023794;"SV-VÁLVULA ESFERA BRUTA 3/4""-1552 B";ST
Civil;200303818;4028377;SV - HORA  AJUDANTE  HORA EXTRAORD CHEIA;H
Civil;300056198;4023572;SV-DEMOLICAO PISO REVESTIDO C/CERÂMICA;M2
Civil;300056198;4023758;SV-TORNEIRA USO GERAL-1152 C39;ST
Civil;300056198;4023538;SV-CUBA INOX 490X330MM-CUBA 1-FRANKE;ST
Civil;200772986;4050813;SV TINTA ACRILÍCA SEM EMASSAMENTO 2DEMÃO;M2
Civil;200772986;4086487;MONTADOR DE ANDAIME - HNOT CHEIA;H
Civil;300056198;4023626;SV-HORA OFICIAL-HE-À DISPOSIÇÃO;H
Civil;200772986;4050026;SV MARTELETEIRO HE DISP;H
Civil;200772986;4050581;SV OFICIAL HE DISP;H
Civil;300056198;4023602;SV-FÔRMA TABUAS PINHO E DESFÔRMA;M2
Civil;200772986;4121109;Fracionament Concreto-Adc vol mín.3,50m3;SV
Civil;200772986;4086374;SUPERVISOR DE OBRAS - HE NOT;H
Civil;200772986;4050897;SV COMPACTAÇÃO ATERRO A 95% PROCTOR;M3
Civil;200772986;4050887;SV ESCAVAÇÃO MEC EM CAMPO ABERTO ESCORIA;M3
Civil;300056198;4023951;SV-PEITORIL DE GRANITO CINZA ANDORINHA;M2
Civil;201332350;4096425;HIDRÁULICO - HORA NOTURNA À DISPOSIÇÃO;H
Civil;300056198;4023643;LAVATÓRIO SUSPENSO-AZÁLIA-91038-CELITE;ST
Civil;300056198;4023589;"SV-ELETRODUTO PVC RÍGIDO ROSCÁVEL 3/4""";M
Civil;200772986;4050853;SV IMPERMEABILIZAÇÃO MANTA ALUM 4MM;M2
Civil;200772986;4100577;AUX TST - HORA EXTRA NOT;H
Civil;300056198;4023473;SV-BUCHA, CAP E LUVA SOLDÁVEL 25 MM;ST
Civil;200490010;4012390;SV-CHAPISCO CI AR 1:3 .;SV
Civil;200490010;4040997;SV-CERAMICA 40CMx40CM - PEI 5 - P/PISO C;SV
Civil;300056198;4023464;SV-ASSENTO MONTE CARLO-AP 80-DECA;ST
Civil;300056198;4023787;SV-TUBO RÍGIDO SOLDÁVEL 50 MM;M
Civil;300056198;4023829;SV-ALVENARIA DE BLOCOS DE CONCRETO 0,15M;M2
Civil;200772986;4050570;SV OP MAQ HE NOT;H
Civil;300056198;4023645;SV-LIGAÇÃO FLEXÍVEL MALHA AÇO 40CM-4607C;ST
Civil;200772986;4050469;SV TEC PLAN HE DISP;H
Civil;200303818;4028378;SV -HORA ENCARREGADO HORA EXTRAORD CHEIA;H
Civil;200772986;4050494;SV ENC HE DISP;H
Civil;200490010;4064973;SV-AJUDANTE-HORA 70%.;SV
Civil;300056198;4023480;SV-CABO FLEXÍVEL 2,5 MM2-ISOLAÇÃO 1KV;M
Civil;300056198;4023715;SV-RETIRADA ESQUADRIAS METALICAS;M2
Civil;200772986;4050876;SV DEMOLIÇÃO CONCRETO SIMPLES C MARTELET;M3
Civil;300056198;4023790;SV-VALVULA ESCOAM P/PIA COZINHA-1623C;ST
Civil;300056198;4023617;SV-HORA AJUDANTE-HORA EXTRAORDINÁRIA;H
Civil;200772986;4050873;SV DEMOLIÇÃO CONCRETO SIMPLES;M3
Civil;200772986;4050528;SV SOLDADOR HE NOT;H
Civil;200772986;4050613;SV ALMOXARIFE H NOT CHEIA;H
Civil;300056198;4066367;SV-FORNECIMENTO INSTALACAO CERCA METALI;ST
Civil;200772986;4100679;LÍDER ANDAIME - HORA EXTRA NOT;H
Civil;200303818;4028379;HORA TÉCNICO SEGURANÇA HOR EXTRAORD CHEI;H
Civil;200772986;4100557;LÍDER ELÉTRICA - HORA NOT CHEIA;H
Civil;200772986;4086441;PEDREIRO - HE NOT A DISPOSICAO;H
Civil;300056198;4023701;"SV-REGISTRO GAVETA BRUTO 1""-1502 B";ST
Civil;300056198;4023549;SV-CURVA 45 OU 90 LONGA 50 MM;ST
Civil;200772986;4050896;SV REATERRO MEC SEM COMPACTAÇÃO;M3
Civil;200772986;4050452;SV TST HE DISP;H
Civil;300056198;4023821;SV-ADAPTADOR SOLDÁVEL COM FLANGE P/CX. D;ST
Civil;300056198;4023789;SV-VÁLVULA ESCOAMENTO P/LAVATÓRIO-1602 C;ST
Civil;300056198;4023708;SV-REMOÇÃO E REINSTALAÇÃO VIDRO;M2
Civil;200490010;4010928;SV-PISO CIMENTENTADO C/ACAB DESEMPENADO.;SV
Civil;300056198;4023996;"SV-TUBULAÇÃO EM ESGOTO PVC 200MM; PONTA";M
Civil;200490010;4012479;SV-JOELHO/LUVA PVC ESG PLUV CL. 8 100MM.;SV
Civil;200303818;4028515;SV - FURAÇÃO EM CONCRETO COM COROA DIAM;CM
Civil;300056198;4023855;SV-CERÂMICA 20X20 CM, ELIANE, FORMA WHIT;M2
Civil;200772986;4056691;LIX. MECÂNICO DAS SUPERFÍCIES DE CONCRET;M2
Civil;200772986;4050818;SV PRIMER EPÓXI HIDROSSOLÚVEL;M2
Civil;300056198;4023725;"SIFÃO P/ LAVATÓRIO,PIA 1""X1 1/4""-1680 C";ST
Civil;300056198;4023827;SV-ALVENARIA DE TIJOLO CERÂMICO FURADO 3;M2
Civil;300056198;4023511;SV-CAP E PLUG 50 MM;ST
Civil;300056198;4023636;"SV-JOELHO 90 E REDUÇÃO 25MM X 3/4""";ST
Civil;300056198;4023652;SV-LUVA SIMPLES, DUPLA E CORRER 50 MM;ST
Civil;300056198;4023446;"SV-ADAPTADOR SOLDÁVEL CURTO 20MM X 1/2""";ST
Civil;300056198;4023596;"SV-FLANGES PARA CAIXA D´ ÁGUA 1/2""";ST
Civil;200775708;4028582;SV - SV-PINTOR VALOR HE (R$) Seg. a Sab;H
Civil;200772986;4050819;SV TINTA EPÓXI HIDROSSOLÚVEL;M2
Civil;200772986;4050616;SV ALMOXARIFE HE NOT;H
Civil;200772986;4086438;PEDREIRO - HNOT;H
Civil;300056198;4023612;SV-GRELHA INOX QUADRADA 150 X 150MM;ST
Civil;200490010;4011059;SV-TUBO PVC 6,00M X 25MM .;SV
Civil;300056198;4023793;"SV-VÁLVULA ESFERA BRUTA 1/2""-1552 B";ST
Civil;200775708;4028583;SV - HORA TECNICO DE SEGURANÇA - HORA E;H
Civil;201464634;4013089;Exaustor / insuflador de ar .;SV
Civil;300056198;4023745;TÊ 90,REDUÇÃO SOLDA,C/BUCHA LATÃO 25 MM;ST
Civil;300056198;4023828;SV-ALVENARIA DE BLOCOS DE CONCRETO 0,10M;M2
Civil;200775708;4028584;SV - HORA DE ENCARREGADO - HORA EXCEDEN;H
Civil;200775708;4028600;SV-PINTURA DE FAIXAS DE PEDESTRE TINTA P;M2
Civil;300056198;4023635;"SV-JOELHO 90 E REDUÇÃO 20MM X 1/2""";ST
Civil;200490010;4041074;SV-TUBULACAO ESG CLOACAL/PLUV CL.8 100 M;SV
Civil;200775708;4028610;SV-APLICAÇÃO DE VERNIZ COMUM;M2
Civil;300343622;4123363;Vibrador de mangote;SV
Civil;300056198;4023778;TUBO RÍGIDO C/PONTA,BOLSA C/VIROLA 75MM;M
Civil;200772986;4050872;SV DEMOLIÇÃO ALVENARIA S APROV;M3
Civil;300056198;4023850;SV-CAIXA SECA REDONDA DE ALTURA REGULÁVE;ST
Civil;300056198;4023542;CURVA 45OU90 CURTA,JOELHO 45 OU 90-50MM;ST
Civil;300056198;4023555;SV-CURVA E JOELHO SOLDÁVEL 50 MM;ST
Civil;200490010;4011431;SV-SIFAO PVC P/LAVATORIO E PIA DE 1 A 1.;SV
Civil;300056198;4023992;SV-TÊ 90 E DE REDUÇÃO SOLDÁVEL E COM ROS;ST
Civil;200772986;4050874;SV DEMOLIÇÃO ESCORIA COMPACTADA C MARTEL;M3
Civil;200772986;4059394;PINTURA IMPERMEABILIZANTE E CRISTALIZANT;M2
Civil;300056198;4023693;SV-REATERRO MANUAL VALA APILOADO;M3
Civil;200772986;4050769;SV CHAPISCO;M2
Civil;300056198;4023726;SV-SIFÃO PVC PARA LAVATÓRIO-MARCA TIGRE;ST
Civil;300056198;4023472;SV-BUCHA, CAP E LUVA SOLDÁVEL 20 MM;ST
Civil;300056198;4023763;"SV-TUBO 1/2""";M
Civil;200490010;4011052;SV-TUBO PVC 6,00M X 32MM .;SV
Civil;200490010;4011159;SV-JOELHO PVC 25MM X 45º .;SV
Civil;200490010;4011093;SV-BUCHA DE REDUCAO DE 32MM X 25MM .;SV
Civil;300056198;4023748;SV-TÊ SANITÁRIO 50 MM;ST
Civil;200490010;4011153;SV-JOELHO PVC 25MM X 90º .;SV
Civil;300056198;4023492;SV-CAIXA PASSAGEM PVC 2X4-TIGRE;ST
Civil;300056198;4023993;SV-TÊ 90 E DE REDUÇÃO SOLDÁVEL E CO ROSC;ST
Civil;300056198;4023736;"SV-TÊ 1/2""";ST
Civil;200772986;4050840;SV TINTA ESMALTE ESQUADRIAS - 2 DEMÃOS;M2
Civil;300056198;4023447;"SV-ADAPTADOR SOLDÁVEL CURTO 25MM X 3/4""";ST
Civil;300056198;4023655;"SV-LUVA SOLDÁVEL 25MM X 3/2""";ST
Civil;200490010;4011434;SV-ENGATE FLEXIVEL PVC 40 CM .;SV
Civil;300056198;4023509;CANTONEIRA ALUMÍN P/QUINAS ESPECIFICAÇÃO;M
Civil;200490010;4041073;"SV-TORNEIRA PVC  PRETA 3/4"" P/JARDIM";SV
Civil;300056198;4023471;SV-BUCHA REDUÇÃO LONGA 50MM X 40 MM;ST
Civil;300056198;4023783;SV-TUBO RÍGIDO SOLDÁVEL 20 MM;M
Civil;300056198;4023661;"SV-LUVA,BUCHA,NIPLES,TAMPÕES,BUJÕES 1/2""";ST
Civil;200490010;4011123;SV-TE PVC 25MM .;SV
Civil;200490010;4010941;SV-CONTRAPISO C/AREIA CIMENTO TRACO 1:3.;SV
Civil;200772986;4050891;SV ESCAVAÇÃO MANUAL CAMPO ABERTO;M3
Civil;200772986;4050729;SV RETIRADA DE ESQUADRIAS METALICAS;M2
Civil;200364590;4033517;SV- REVESTIMENTO PISO EPOXI 2MM;SV
Civil;200364590;4033518;SV- REVESTIMENTO PISO EPOXI 4MM;SV
Civil;200364590;4033519;SV- ESPATULADO 5MM;SV
Civil;200364590;4033700;SV- PINTURA FAIXAS ZEBRADAS;SV
Civil;200364590;4033701;SV- PINTURA FAIXAS DEMARCATORIAS 10CM;SV
Civil;200364590;4033702;SV- PINTURA EPOXI ACAB ANTIDERRAPANTE;SV
Civil;200364590;4033705;SV- PINTURA VIARIA ESFERA VIDRO 10CM;SV
Civil;200364590;4033706;SV- PINTURA VIARIA ESFERA VIDRO 40CM;SV
Civil;200364590;4046695;SV- PINTURA PREDIAL PAREDES E TUBULAÇÕES;SV
Civil;200364590;4046696;SV- PINTURA PREDIAL GUARDA CORPO;SV
Civil;200364590;4046697;SV- RECUPERAÇÃODAS BASES DE CONCRETO;SV
Civil;200364590;4052111;SV-MOBILIZAÇÃO METRAGEM INFERIOR A 200M²;SV
Civil;200339034;4044425;SV PINTURA EPOXIDICA-PISO IRREGULARES;M2
Civil;200339034;4044426;SV PINTURA DE FAIXAS DE PEDESTRE ASFALTO;M2
Civil;200339034;4044427;SV PINTURA DE FAIXA DE PEDESTRE PISO IND;M2
Civil;200339034;4054903;SV PINT EPOXIDICA-PISO IRREGULARES - FDS;M2
Civil;200339034;4054905;SV PINT DE FAIXA DE PEDEST PISO IND -FDS;M2
Civil;200339034;4054913;SV APLIC DE RESINA EPÓXI E CARGA MIN FDS;M2
Civil;200339034;4096920;SV eventual Facilities;M2
Civil;201341488;4035829;SV-CALDEIRARIA(MENSAL);SV
Civil;201341488;4035890;SV-SOLDADOR(MENSAL);SV
Civil;201341488;4035907;SV-PINTOR(MENSAL DEMANDA);SV
Civil;201341488;4035908;SV-PINTOR(QUINZENA DEMANDA);SV
Civil;201341488;4035909;SV-PINTOR(SEMANA DEMANDA);SV
Civil;201341488;4035910;SV-PINTOR(DIARIA DEMANDA);SV
Civil;201341488;4045140;SV-CALDEIREIRO H EXTRA 40%(SEG/SAB);SV
Civil;201341488;4045141;SV-CALDEIREIRO H EXTRA 80%(DOM/FER);SV
Civil;201341488;4045142;SV-SOLDADOR H EXTRA 40%(SEG/SAB);SV
Civil;201341488;4045143;SV-SOLDADOR H EXTRA 80%(DOM/FER);SV
Civil;201341488;4045144;SV-AJUDANTE H EXTRA 40%(SEG/SAB);SV
Civil;201341488;4045145;SV-AJUDANTE H EXTRA 80%(DOM/FER);SV
Civil;201341488;4045146;SV-ENCANADOR H EXTRA 40%(SEG/SAB);SV
Civil;201341488;4045147;SV-ENCANADOR H EXTRA 80%(DOM/FER);SV
Civil;201341488;4045148;SV-PINTOR H EXTRA 40%(SEG/SAB);SV
Civil;201341488;4045149;SV-PINTOR H EXTRA 80%(DOM/FER);SV
Civil;201341488;4045150;SV-MECANICO H EXTRA 40%(SEG/SAB);SV
Civil;201341488;4045151;SV-MECANICO H EXTRA 80%(DOM/FER);SV
Civil;201341488;4060610;SV-TEC DE SEGURANÇA - FIXO MENSAL;SV
Civil;201341488;4060464;SV-AJUDANTE - QL FIXO MENSAL;SV
Civil;201341488;4060465;SV-ENCANADOR - QL FIXO MENSAL;SV
Civil;201341488;4060467;SV-MECANICO - QL FIXO MENSAL;SV
Civil;200982674;4066850;SV-ENCARREG TELHADO HE SEG A SEX;SV
Civil;200982674;4066853;SV-MONTADOR TELHADO HE SEG A SEX;SV
Civil;200982674;4066856;SV-AJUD TELHADO HE SEG A SEX;SV
Civil;200982674;4066859;SV-TEC SEGUR (TELHADO) HE SEG A SEX;SV
Civil;200982674;4065719;SV-PROFISSIONAL PINTURA TREFILA 2;SV
Civil;200982674;4066841;SV-ENCARREG PINTURA HE SEG A SEX;SV
Civil;200982674;4066844;SV-PINTOR HE SEG A SEX;SV
Civil;200982674;4066847;SV-AJUD PINTURA HE SEG A SEX;SV
Civil;200982674;4102029;Encarregado MENSAL;SV
Civil;200775708;4058060;SV - PLATAFORMA MÓVEL MODELO Z 35/25 RT;SV
Civil;200775708;4058061;SV - PLATAFORMA MÓVEL MODELO 1350 SJP OU;SV
Civil;200775708;4069685;SV- Pag Retroativo Reaj Fev/22 a Maio/22;SV
Civil;200775708;4070534;SV- Adequação Vestiario;SV
Civil;200775708;4073355;SV - Pintor HE Segunda a sabado;H
Civil;200775708;4073357;SV - Técnico Segurança HE Segunda a Saba;H
Civil;200775708;4123863;SV - VISITA TÉCNICA;SV
Civil;200775708;4123864;SV - CANTEIRO COMPLETO (VERBA MÊS);SV
Civil;200775708;4123865;SV - MOBILIZAÇÃO CANTEIRO COMPLETO;SV
Civil;200775708;4123866;SV - DESMOBILIZAÇÃO CANTEIRO COMPLETO;SV
Civil;200775708;4123867;SV - CANTEIRO AVANÇADO (VERBA MÊS);SV
Civil;200775708;4123868;SV - MOBILIZAÇÃO CANTEIRO AVANÇADO;SV
Civil;200775708;4124024;SV - DESMOBILIZAÇÃO CANTEIRO AVANÇADO;SV
Civil;200775708;4124020;SV - SUPERVISOR DE PLANEJAMENTO (MOB);SV
Civil;200775708;4124025;SV - SUPERVISOR DE PLANEJ DESMOB ABX 90;SV
Civil;200775708;4124026;SV - SUPERVISOR DE PLANEJ DESMOB ABX 90;SV
Civil;200775708;4124027;SV - PINTOR (DESMOB ACIMA DE 90 DIAS);SV
Civil;200775708;4124028;SV - PINTOR AIRLESS DESMOB ACIMA DE 90D;SV
Civil;200775708;4124029;SV - ENCARREGADO (DESMOB ACIMA DE 90 DIA;SV
Civil;200775708;4124030;SV - TEC PLANEJAMENTO DESMOB ACIMA DE 90;SV
Civil;200775708;4124031;SV -TECNICO DE SEGURANÇA DESMOB ACIMA 90;SV
Civil;200775708;4124032;SV-SUPERVISOR DE PINTURA DESMOB ACIMA 90;SV
Civil;200775708;4124033;SV-SUPERV DE SEGURANÇA DESMOB ACIMA 90 D;SV
Civil;200775708;4124034;SV-SUPERV DE HIDROJATO DESMOB ACIMA 90;SV
Civil;200775708;4124035;SV-MOTORISTA  (DESMOB ACIMA DE 90 DIAS);SV
Civil;200303818;4077090;Retroativo Reajuste 22/23;SV
Civil;200303818;4091570;Perfuratriz hidráu. ferramenta diamantad;SV
Civil;200303818;4033193;SV-FUR CHAPA MET APOIADA  CONCR/REFRAT,;MM
Civil;200303818;4033194;SV-FUR CHAPA MET APOIADA  CONCR/REFRAT,;MM
Civil;200303818;4033195;SV-FUR CHAPA MET APOIADA  CONCR/REFRAT,;MM
Civil;200303818;4033196;SV-FUR CHAPA MET APOIADA  CONCR/REFRAT,;MM
Civil;200303818;4033197;SV - CORTE COM FITA DIAMANTADA;M2
Civil;201341488;4035891;SV-CALDEIRARIA(MENSAL DEMANDA );SV
Civil;201341488;4035892;SV-CALDEIRARIA(QUINZENAL DEMANDA);SV
Civil;201341488;4035893;SV-CALDEIRARIA(SEMANAL DEMANDA);SV
Civil;201341488;4035894;SV-CALDEIRARIA(DIARIA DEMANDA);SV
Civil;201341488;4035895;SV-SOLDADOR(MENSAL DEMANDA);SV
Civil;201341488;4035896;SV-SOLDADOR(QUINZENA DEMANDA);SV
Civil;201341488;4035897;SV-SOLDADOR(SEMANAL DEMANDA);SV
Civil;201341488;4035898;SV-SOLDADOR(DIARIA DEMANDA);SV
Civil;201341488;4035899;SV-AJUDANTE(MENSAL DEMANDA);SV
Civil;201341488;4035900;SV-AJUDANTE(QUINZENA DEMANDA);SV
Civil;201341488;4035901;SV-AJUDANTE(SEMANA DEMANDA);SV
Civil;201341488;4035902;SV-AJUDANTE(DIARIA DEMANDA);SV
Civil;201341488;4035903;SV-ENCANADOR(MENSAL DEMANDA);SV
Civil;201341488;4035904;SV-ENCANADOR(QUINZENA DEMANDA);SV
Civil;201341488;4035905;SV-ENCANADOR(SEMANA DEMANDA);SV
Civil;201341488;4035906;SV-ENCANADOR(DIARIA DEMANDA);SV
Civil;201341488;4035911;SV-MECANICO(MENSAL DEMANDA);SV
Civil;201341488;4035912;SV-MECANICO(QUINZENA DEMANDA);SV
Civil;201341488;4035913;SV-MECANICO(SEMANA DEMANDA);SV
Civil;201341488;4035914;SV-MECANICO(DIARIA DEMANDA);SV
Civil;201341488;4039672;SV- ENCARREGADO (MENSAL DEMANDA);SV
Civil;201464634;4046234;H/E  (Diurno);SV
Civil;201464634;4046235;H/E  (FSD/Noturno);SV
Civil;201464634;4046236;H/E  nivel 3(Diurno);SV
Civil;201464634;4046237;H/E nivel 3  (FSD/Noturno);SV
Civil;200775708;4046293;SV-ENCARREGADO (VERBA MÊS);SV
Civil;200775708;4046294;SV-TECNICO DE SEGURANÇA (VERBA MÊS);SV
Civil;200775708;4046295;SV-PINTOR (VERBA MÊS);SV
Civil;200775708;4046481;SV-ENCARREGADO (RESIDUAL PERICULOSIDADE);H
Civil;200775708;4046482;SV-TECNICO DE SEGURANÇA (RES. PERICULOSI;H
Civil;200775708;4046483;SV-PINTOR (RESIDUAL PERICULOSIDADE);H
Civil;200775708;4046485;SV-APLICAÇÃO DE  SELADOR ACRILICO;M2
Civil;200775708;4046486;SV- APLICAÇÃO DE MASSA CORRIDA PVA;M2
Civil;200775708;4046487;SV- APLICAÇÃO DE MASSA CORRIDA ACRÍLICA;M2
Civil;200775708;4046490;SV-LIMPEZA  MECÂNICA / MANUAL EM SUPERFÍ;M2
Civil;200775708;4046491;SV - REVESTIMENTO EPOXÍDICO 5mm;M2
Civil;201813190;4049800;SV - INSPETOR ALP N1/N2 HN;H
Civil;201813190;4049802;SV - INSPETOR ALP N1/N2 AN;H
Civil;201813190;4049803;SV - INSPETOR ALP N1/N2 HE 50;H
Civil;201813190;4049804;SV - INSPETOR ALP N1/N2 HE 100;H
Civil;201813190;4049807;SV - Ajudante HN;H
Civil;201813190;4049809;SV - Ajudante AN;H
Civil;201813190;4049810;SV - Ajudante HE 50;H
Civil;201813190;4049811;SV - Ajudante HE 100;H
Civil;201813190;4049821;SV - Caldeireiro Alpinista N1/N2 HN;H
Civil;201813190;4049823;SV - Caldeireiro Alpinista N1/N2 AN;H
Civil;201813190;4049824;SV - Caldeireiro Alpinista N1/N2 HE 50;H
Civil;201813190;4049825;SV - Caldeireiro Alpinista N1/N2 HE 100;H
Civil;201813190;4049826;SV - Caldeireiro Alpinista N1/N2 AN  HE;H
Civil;201813190;4049827;SV-Caldeireiro Alpinista N1/N2 AN HE 100;H
Civil;201813190;4049835;SV - Pintor Alpinista N1/N2 HN;H
Civil;201813190;4049837;SV - Pintor Alpinista N1/N2 AN;H
Civil;201813190;4049838;SV - Pintor Alpinista N1/N2 HE 50;H
Civil;201813190;4049839;SV - Pintor Alpinista N1/N2 HE 100;H
Civil;300056198;4023215;RETIRADA DE FORRO DE MADEIRA COM APROVEI;M2
Civil;300056198;4023719;SV-SV-RETIRADA FORRO MADEIRA S/APROVEITA;M2
Civil;300056198;4023720;SV-RETIRADA FORRO PVC C/APROVEITAM;M2
Civil;300056198;4023721;SV-RETIRADA FORRO PVC S/APROVEITAM;M2
Civil;300056198;4023716;SV-RETIRADA FORRO LUXALON C/APROVEITAM;M2
Civil;300056198;4023717;SV-RETIRADA FORRO LUXALON S/APROVEITAM;M2
Civil;300056198;4023567;SV-DEMOLIÇÃO ALVENARIA C/REAPROVEITAM;M3
Civil;300056198;4023877;SV-DEMOLIÇÃO ESCÓRIA COMPACTADA COM MART;M3
Civil;300056198;4023566;DEMOL ESCÓRIA COMPACTADA C/MARTELETE PN;M3
Civil;300056198;4023565;DEMOL CONCRETO SIMPLES C/MARTELETE PNEUM;M3
Civil;300056198;4023878;SV-DEMOLIÇÃO DE COBERTURA COM TELHAS OND;M3
Civil;300056198;4023564;DEMOL CONCRETO ARMADO C/MARTELETE PNEUM;M3
Civil;300056198;4023880;SV-DEMOLIÇÃO DE CONCRETO ARMADO COM MART;M3
Civil;300056198;4023881;SV-DEMOLICAO DE CONCRETO ARMADO COM MART;M3
Civil;300056198;4023882;SV-DEMOLICAO DE CONCRETO ARMADO COM MART;M3
Civil;300056198;4023563;SV-DEMOL COBERTURA C/TELHAS METÁLICAS;M2
Civil;300056198;4023883;SV-DEM CONCRETO ARMADO CONSID SERV  BAIX;M3
Civil;300056198;4023812;SV- DEM CONCRETO ARMADO CONSID SERV  BAI;M3
Civil;300056198;4023574;SV-DEMOLIÇÃO REVESTIMENTO C/ARGAMASSA;M2
Civil;300056198;4023713;SV-RETIRADA DIVISORIAS EM MADEIRA;M2
Civil;300056198;4023714;SV-RETIRADA ESQUADRIAS MADEIRAS;M2
Civil;300056198;4023722;SV-RETIRADA VIDROS C/APROVEITAM;M2
Civil;300056198;4023710;SV-RETIRADA APARELHOS SANITARIOS;ST
Civil;300056198;4023461;SV-APICOAMENTO CONCRETO MANUAL;M2
Civil;300056198;4023884;SV-DEMOLIÇÃO DE ESCÓRIA COMPACTADA COM U;M3
Civil;300056198;4023573;SV-DEMOLIÇÃO PISO TACOS MADEIRA;M2
Civil;300056198;4023885;SV-DEM CONCRETO ARMADO UTI RETROESCAVADE;M3
Civil;300056198;4023571;SV-DEMOLIÇÃO PISO PAVIFLEX;M2
Civil;300056198;4023711;SV-RETIRADA CARPETE S/REAPROVEITAM;M2
Civil;300056198;4023692;SV-RASPAGEM E LIMPEZA MANUAL TERRENO;M2
Civil;300056198;4023852;SV-CERCAS DE ISOLAMENTO DA OBRA DE TRAMA;M
Civil;300056198;4023853;SV-CERCAS DE ISOL DA OBRA DE TRAMA HORIZ;M
Civil;300056198;4023774;SV-TUBO CONCRETO SIMPLES DIÂM 400 MM;M
Civil;300056198;4023772;SV-TUBO CONCRETO ARMADO DIÂMETRO 600MM;M
Civil;300056198;4023773;SV-TUBO CONCRETO ARMADO DIÂMETRO 800MM;M
Civil;300056198;4023770;SV-TUBO CONCRETO ARMADO DIÂM 1000MM;M
Civil;300056198;4023771;SV-TUBO CONCRETO ARMADO DIÂM 1200MM;M
Civil;300056198;4023662;SV-MEIA CANA CONCRETO ARMADO DIÂM 300MM;M
Civil;300056198;4023890;SV-ESCAV MECCAMPO ABERTO DE TERRENO DE M;M3
Civil;300056198;4023595;SV-ESCAVAÇÃO MECANIZADA VALA ACIMA 50M3;M3
Civil;300056198;4023891;SV-ESCAVAÇÃO MECANIZADA EM CAMPO ABERTO;M3
Civil;300056198;4023694;SV-REATERRO MECANIZADO C/COMPACTAÇÃO;M3
Civil;300056198;4023463;SV-APILOAMENTO FPCDO VALA;M2
Civil;300056198;4023695;SV-REATERRO MECANIZADO S/COMPACTAÇÃO;M3
Civil;300056198;4023513;CARGA,TRANSP,DESCARGA ENTULHO DMT 5KM;M3
Civil;300056198;4023896;SV-FORNECIMENTO E MONTAGEM DE ANDAIME TI;M3
Civil;300056198;4023604;SV-FORNECIM/MONTAGEM ANDAIME ROLL;M3
Civil;300056198;4023600;SV-FÔRMA EM COMPENSADO RESINADO 15MM;M2
Civil;300056198;4023601;SV-FÔRMA EM COMPENSADO RESINADO 20 MM;M2
Civil;300056198;4023858;SV-CONCRETO 15 MPA PRÉ-MISTURADO USINADO;M3
Civil;300056198;4023859;SV-CONCRETO 18 MPA PRE-MISTURADO USINADO;M3
Civil;300056198;4023860;SV-CONCRETO 20 MPA PRÉ-MISTURADO USINADO;M3
Civil;300056198;4023861;SV-CONCRETO 25 MPA PRÉ-MISTURADO USINADO;M3
Civil;300056198;4023862;SV-CONCRETO 40 MPA PRÉ-MISTURADO USINADO;M3
Civil;300056198;4023864;SV-CONCRETO 15 MPA PREPARO BETONEIRA MAN;M3
Civil;300056198;4023865;SV-CONCRETO 18 MPA PREPARO BETONEIRA MAN;M3
Civil;300056198;4066364;SV-POLIMENTO DE PISO DE CONCRETO;M3
Civil;300056198;4023899;SV-FORN APLICAÇÃO GRAUTE  ASSENTAMENTO D;M3
Civil;300056198;4023936;SV-PREPARO E APLICAÇÃO DE CONCRETO PARA;M3
Civil;300056198;4023599;SV-FORMA C/CHAPA COMPENSADA 20 MM;M2
Civil;300056198;4023835;"SV-ARMADURA CA-50 D <= 1/2"" INCLUSIVE CO";KG
Civil;300056198;4023836;"SV-ARMADURA CA-50 D > 1/2"" INCLUSIVE COR";KG
Civil;300056198;4023869;SV-CONCRETO ESTRUTURAL PROJETADO FCK IGU;M3
Civil;300056198;4023971;SV-REFORÇO ESTRUTURAL POR EMENDA COM TRA;KG
Civil;300056198;4023903;SV-FORNECIMENTO E APLICAÇÃO DE ADESIVO E;KG
Civil;300056198;4066365;SV-FORNECIMENTO MONTAGEM DE CANTONEIRA;KG
Civil;300056198;4023608;SV-FORNECIMENTO E MONTAGEM PLACA BASE;KG
Civil;300056198;4023830;SV-ALVENARIA DE BLOCOS DE CONCRETO APARE;M2
Civil;300056198;4023454;ALVENARIA BLOCO CONCRETO APARENTE 0,15M;M2
Civil;300056198;4023455;ALVENARIA BLOCO CONCRETO APARENTE 0,20M;M2
Civil;300056198;4023831;SV-ALV TIJOLO MACIÇO REFR ARG CIMENTO E;M2
Civil;300056198;4023832;SV-ALVENARIA DE BLOCOS DE CONCORETO 0,20;M2
Civil;300056198;4023886;SV-DIVISÓRIA DE GRANITO CINZA ANDORINHA;M2
Civil;300056198;4023837;SV-ASSENTAMENTO DE ESQUADRIA DE MADEIRA;M2
Civil;300056198;4023838;SV-ASSENTAMENTO DE FERRAGEM PARA PORTA I;ZCJ
Civil;300056198;4023839;SV-ASSENTAMENTO DE FERRAGEM PARA PORTA I;ZCJ
Civil;300056198;4023840;SV-ASSENTAMENTO DE FERRAGEM PARA PORTA E;ZCJ
Civil;300056198;4023841;SV-ASSENTAMENTO DE FERRAGEM PARA PORTA E;ZCJ
Civil;300056198;4023937;SV-PORTA REVESTIDA DE FORMICA PARA SANIT;ST
Civil;300056198;4066369;SV-PORTA METALON COMPLETA PARA PINTURA;ST
Civil;300056198;4023938;SV-PORTA PRANCHETA COMPLETA PARA PINTURA;ST
Civil;300056198;4023939;SV-PORTA PRANCHETA COMPLETA PARA PINTURA;ST
Civil;300056198;4023942;SV-PORTA PRANCHETA COMPLETA PARA PINTURA;ST
Civil;300056198;4023943;SV-PORTA PRANCHETA COMPLETA PARA PINTURA;ST
Civil;300056198;4023911;SV-GUARDA CORPO EM TUBO DE AÇO INOXIDÁVE;M
Civil;300056198;4066470;SV-GUARDA CORPO METÁLICO COM TUBO DE 2;M
Civil;300056198;4066471;SV-GUARDA CORPO METÁLICO COM CORRIMÃO D;M
Civil;300056198;4023920;SV-JANELA DE AÇO SEM GRADE - LINHA SILEN;M2
Civil;300056198;4023634;"JANELA CANTONEIRA ABAS IGUAIS 3/4""X1/8""";M2
Civil;300056198;4023944;SV-PORTA EM CANTONEIRA DE ABAS IGUAIS 3/;M2
Civil;300056198;4023945;SV-PORTA DE AÇO DE ABRIR - LINHA SILENFO;M2
Civil;300056198;4023946;SV-PORTA EM METALON 20 X 30 MM REVESTIDA;M2
Civil;300056198;4023842;SV-ASSENTAMENTO DE ESQUADRIA METÁLICA FO;M2
Civil;300056198;4023948;"SV-PORTAO DE TUBO 2"" COM TELA DE FECHAME";M2
Civil;300056198;4023611;SV-GRADE FERRO P/CANALETA ESPECIFICAÇÃO;KG
Civil;300056198;4023467;SV-BAGUETE METÁLICOS PARA VIDROS;KG
Civil;300056198;4023682;PORTA MATELON 80X30MM C/CHAPA DOBRADA;M2
Civil;300056198;4024009;SV-VIDRO LISO 3MM;M2
Civil;300056198;4023647;SV-LIMPEZA VIDRO PONTE ROLANTE E CABINE;M2
Civil;300056198;4023797;SV-VIDRO LAMINADO 6MM;M2
Civil;300056198;4023798;SV-VIDRO LAMINADO 8MM;M2
Civil;300056198;4023796;SV-VIDRO LAMINADO 10MM;M2
Civil;300056198;4023814;SV-ACRÍLICO LISO TRANSPARENTE 2MM, FORNE;M2
Civil;300056198;4023801;SV-VIDRO LISO 6MM;M2
Civil;300056198;4023972;SV-REMOÇÃO E REINSTALAÇÃO DE VIDRO DE PO;M2
Civil;300056198;4023892;SV-ESPELHO PARA BANHEIRO 40 X 60 CM COM;M3
Civil;300056198;4023990;SV-TELHA DE CIMENTO AMIANTO ONDULADA 0,8;M2
Civil;300056198;4023539;CUMEEIRA NORMAL FIBROCIMENTO ESPECIFIC;M
Civil;300056198;4023502;CALHA CHAPA GALV26 DESENVOLVIM ATÉ 50CM;M
Civil;300056198;4023973;SV-RUFO DE CHAPA GALVANIZADA 26 DESENVOL;M
Civil;300056198;4023974;SV-REMOÇÃO E REINSTALAÇÃO DE TELHAS DE F;M2
Civil;300056198;4023975;SV-REMOÇÃO E REINSTALAÇÃO DE TELHAS METÁ;M2
Civil;300056198;4023976;SV-REMOÇÃO E REINSTALAÇÃO DE RUFOS METÁL;M
Civil;300056198;4023591;SV-ENGRADAMENTO P/TELHADOS LEVES PARAJU;M2
Civil;300056198;4023893;SV-ENGRADAMENTO METÁLICO PARA TELHADO SE;KG
Civil;300056198;4023751;SV-TELHA CERAMICA ESPECIFICAÇÃO;M2
Civil;300056198;4023991;SV-TELHA GALVANIZADA ONDULADA/TRAPEZOIDA;M2
Civil;300056198;4023750;SV-TELHA ALUMÍNIO TRAPEZOIDAL 0,5MM;M2
Civil;300056198;4023904;SV-FORRO DE PVC MODULAR 125 X 125 MM, IN;M2
Civil;300056198;4023905;SV-FORRO EM ALUMÍNIO MODULAR (LUXALON),;M2
Civil;300056198;4023906;SV-FORRO DE PVC LAMBRI 200 MM, INCLUSIVE;M2
Civil;300056198;4023977;SV-RUFO DE CHAPA GALVANIZADA Nº22 DESENV;M
Civil;300056198;4023978;SV-REMOÇÃO E REINSTALAÇÃO DE TELHAS DE F;M2
Civil;300056198;4023923;SV-IMPERMEAB MANTA ASFÁLTICA 4 MM, INC P;M2
Civil;300056198;4023691;"RASGO PAREDE P/PASSAGEM TUBULAÇÃO ATÉ 1""";M
Civil;300056198;4023979;SV-RASGO EM PAREDE PARA PASSAGEM DE TUBU;M
Civil;300056198;4024011;SV-AZULEJOS 15 X 15CM EXTRA, CECRISA, IN;M2
Civil;300056198;4023679;SV-PISO EM CONCRETO ESPESSURA 7CM;M2
Civil;300056198;4023723;SV-RODAPÉ GRANITO CINZA ANDORINHA 10CM;M
Civil;300056198;4066472;SV-RODAPÉ DE PSIO CERAMICO 8 cm;M
Civil;300056198;4023728;SV-SOLEIRA GRANITO CINZA ANDORINHA;M2
Civil;300056198;4066473;SV-SOLEIRA DE ARDOSIA;M3
Civil;300056198;4023856;SV-CERÂMICA GAIL INDUSTRIAL GRESSIT CINZ;M2
Civil;300056198;4023678;PISO CIMENTADO DESEMPENADO ESPESSURA 3CM;M2
Civil;300056198;4023558;"SV-CURVAS MACHO-FÊMEA, MACHO-FÊMEA 1/2""";ST
Civil;300056198;4023737;"SV-TÊ 3/4""";ST
Civil;300056198;4023735;"SV-TÊ 1""";ST
Civil;300056198;4023527;"SV-CRUZETA 1/2""";ST
Civil;300056198;4023528;"SV-CRUZETA 3/4""";ST
Civil;300056198;4023526;"SV-CRUZETA 1""";ST
Civil;300056198;4023659;"SV-LUVA,BUCHA,NIPLES,TAMÕES,BUJÕES 3/4""";ST
Civil;300056198;4023660;"SV-LUVA,BUCHA,NIPLES,TAMPÕES+BUJÕES 1""";ST
Civil;300056198;4023417;"SV-ADAPTADOR CX D´ÁGUA CONCRETO 150MM-2""";ST
Civil;300056198;4023559;"SV-CURVAS MACHO-FÊMEA, MACHO-FÊMEA 3/4""";ST
Civil;300056198;4023416;"ADAPTADOR CX DÁGUA CONCRETO 150MM-2 1/2""";ST
Civil;300056198;4023418;"SV-ADAPTADOR CX D´ÁGUA CONCRETO 150MM-3""";ST
Civil;300056198;4023419;"SV-ADAPTADOR CX D´ÁGUA CONCRETO 150MM-4""";ST
Civil;300056198;4023441;"SV-ADAPTADOR CX D´ÁGUA CONCRETO 200MM-2""";ST
Civil;300056198;4023440;"ADAPTADOR CX DÁGUA CONCRETO 200MM-2 1/2""";ST
Civil;300056198;4023442;"SV-ADAPTADOR CX D´ÁGUA CONCRETO 200MM-3""";ST
Civil;300056198;4023443;"SV-ADAPTADOR CX D´ÁGUA CONCRETO 200MM-4""";ST
Civil;300056198;4023667;"SV-PCÃO 1/2""";ST
Civil;300056198;4023668;"SV-PCÃO 3/4""";ST
Civil;300056198;4023666;"SV-PCÃO 1""";ST
Civil;300056198;4023557;"SV-CURVAS MACHO-FÊMEA, MACHO E FÊMEA 1""";ST
Civil;300056198;4023597;"SV-FLANGES PARA CAIXA D´ ÁGUA 3/4""";ST
Civil;300056198;4023598;"SV-FLANGES PARA CAUXA D´ÁGUA 1""";ST
Civil;300056198;4023764;"SV-TUBO 3/4""";M
Civil;300056198;4023762;"SV-TUBO 1""";M
Civil;300056198;4023561;"SV-CURVAS RETORNO E TRANSIÇÃO 1/2""";ST
Civil;300056198;4023562;"SV-CURVAS RETORNO E TRANSIÇÃO 3/4""";ST
Civil;300056198;4023560;"SV-CURVAS RETORNO E TRANSIÇÃO 1""";ST
Civil;300056198;4023524;"SV-COTOVELOS 1/2""";ST
Civil;300056198;4023525;"SV-COTOVELOS 3/4""";ST
Civil;300056198;4023523;"SV-COTOVELOS 1""";ST
Civil;300056198;4023817;SV-ADAPTADOR SOLDÁVEL COM FLANGE P/CX. D;ST
Civil;300056198;4023449;"SV-ADAPTADOR SOLDÁVEL CURTO 40MMX1. 1/4""";ST
Civil;300056198;4023444;"SV-ADAPTADOR SOLDA CURTO 50MM X 1.1/2""";ST
Civil;300056198;4023450;"SV-ADAPTADOR SOLDÁVEL CURTO 60MM X 2""";ST
Civil;300056198;4023474;SV-BUCHA, CAP E LUVA SOLDÁVEL 32 MM;ST
Civil;300056198;4023475;SV-BUCHA, CAP E LUVA SOLDÁVEL 40 MM;ST
Civil;300056198;4023476;SV-BUCHA, CAP E LUVA SOLDÁVEL 50 MM;ST
Civil;300056198;4023477;SV-BUCHA, CAP E LUVA SOLDÁVEL 60 MM;ST
Civil;300056198;4023532;SV-CRUZETA SOLDÁVEL 20 MM;ST
Civil;300056198;4023818;SV-ADAPTADOR SOLDAVEL COM FLANGE P/CX. D;ST
Civil;300056198;4023533;SV-CRUZETA SOLDÁVEL 25 MM;ST
Civil;300056198;4023534;SV-CRUZETA SOLDÁVEL 32 MM;ST
Civil;300056198;4023535;SV-CRUZETA SOLDÁVEL 40 MM;ST
Civil;300056198;4023536;SV-CRUZETA SOLDÁVEL 50 MM;ST
Civil;300056198;4023537;SV-CRUZETA SOLDÁVEL 60 MM;ST
Civil;300056198;4023551;SV-CURVA E JOELHO SOLDÁVEL 20 MM;ST
Civil;300056198;4023553;SV-CURVA E JOELHO SOLDÁVEL 32 MM;ST
Civil;300056198;4023554;SV-CURVA E JOELHO SOLDÁVEL 40 MM;ST
Civil;300056198;4023819;SV-ADAPTADOR SOLDAVEL COM FLANGE  P/CX.;ST
Civil;300056198;4023556;SV-CURVA E JOELHO SOLDÁVEL 60 MM;ST
Civil;300056198;4023739;SV-TÊ 90 E REDUÇÃO SOLDÁVEL 20 MM;ST
Civil;300056198;4023740;SV-TÊ 90 E REDUÇÃO SOLDÁVEL 25 MM;ST
Civil;300056198;4023741;SV-TÊ 90 E REDUÇÃO SOLDÁVEL 32 MM;ST
Civil;300056198;4023734;SV-TÊ 09 E REDUÇÃO SOLDÁVEL 40 MM;ST
Civil;300056198;4023742;SV-TÊ 90 E REDUÇÃO SOLDÁVEL 50 MM;ST
Civil;300056198;4023743;SV-TÊ 90 E REDUÇÃO SOLDÁVEL 60 MM;ST
Civil;300056198;4023669;SV-PCÃO SOLDÁVEL 20 MM;ST
Civil;300056198;4023670;SV-PCÃO SOLDÁVEL 25 MM;ST
Civil;300056198;4023671;SV-PCÃO SOLDÁVEL 32 MM;ST
Civil;300056198;4023820;SV-ADAPTADOR SOLDÁVEL COM FLANGE  P/CX.;ST
Civil;300056198;4023672;SV-PCÃO SOLDÁVEL 40 MM;ST
Civil;300056198;4023673;SV-PCÃO SOLDÁVEL 50 MM;ST
Civil;300056198;4023674;SV-PCÃO SOLDÁVEL 60 MM;ST
Civil;300056198;4023925;SV-JOELHO 90 E DE REDUÇÃO SOLDÁVEL E COM;ST
Civil;300056198;4023926;SV-JOELHO 90 E DE REDUÇÃO SOLDÁVEL E COM;ST
Civil;300056198;4023931;SV-LUVA SIMPLES E DE REDUÇÃO SOLDÁVEL E;ST
Civil;300056198;4023932;SV-LUVA SIMPLES E DE REDUÇÃO SOLDÁVEL E;ST
Civil;300056198;4023744;TÊ 90,REDUÇÃO SOLDA,C/BUCHA LATÃO 20 MM;ST
Civil;300056198;4023785;SV-TUBO RÍGIDO SOLDÁVEL 32 MM;M
Civil;300056198;4023786;SV-TUBO RÍGIDO SOLDÁVEL 40 MM;M
Civil;300056198;4023788;SV-TUBO RÍGIDO SOLDÁVEL 60 MM;M
Civil;300056198;4023654;"SV-LUVA SOLDÁVEL 20MM X 1/2""";ST
Civil;300056198;4023656;"SV-LUVA SOLDÁVEL 32MM X 1""";ST
Civil;300056198;4023657;"SV-LUVA SOLDÁVEL 40MM X 1.1/4""";ST
Civil;300056198;4023658;"SV-LUVA SOLDÁVEL 50MM X 1/2""";ST
Civil;300056198;4023445;"ADAPTADOR SOLDA C/FLANG CX DAGUA 60MMX2""";ST
Civil;300056198;4023650;"SV-LUVA REDUÇÃO SOLDÁVEL 20MM X 1/2""";ST
Civil;300056198;4023637;"SV-JOELHO 90 E REDUÇÃO 32MM X 1""";ST
Civil;300056198;4023994;SV-TÊ 90 E DE REDUÇÃO SOLDÁVEL E CO ROSC;ST
Civil;300056198;4023995;SV-TÊ DE REDUÇÃO PVC SOLDÁVEL 50 X 25 MM;ST
Civil;300056198;4023846;SV-BUCHA DE REDUÇÃO PVC SOLDÁVEL 50 X 25;ST
Civil;300056198;4023448;"SV-ADAPTADOR SOLDÁVEL CURTO 32MM X 1""";ST
Civil;300056198;4023457;SV-ANEL BORRACHA 40MM;ST
Civil;300056198;4023872;SV-CRUZETA SANITÁRIA 100 MM;ST
Civil;300056198;4023541;CURVA 45OU90 CURTA,JOELHO 45 OU 90-40MM;ST
Civil;300056198;4023543;CURVA 45OU90 CURTA,JOELHO 45 OU 90-75MM;ST
Civil;300056198;4023540;CURVA 45/90 CURTA,JOELHO 45/90-100MM;ST
Civil;300056198;4023548;SV-CURVA 45 OU 90 LONGA 40 MM;ST
Civil;300056198;4023550;SV-CURVA 45 OU 90 LONGA 75 MM;ST
Civil;300056198;4023547;SV-CURVA 45 OU 90 LONGA 100 MM;ST
Civil;300056198;4023545;CURVA 45/90,JOELHO 45/90 C/VISITA 50MM;ST
Civil;300056198;4023458;SV-ANEL BORRACHA 50MM;ST
Civil;300056198;4023546;CURVA 45/90,JOELHO 45/90 C/VISITA 75MM;ST
Civil;300056198;4023544;CURVA 45/90,JOELHO 45/90 C/VISITA 100MM;ST
Civil;300056198;4023639;SV-JPCÇÃO SIMPLES,TRIPLA,INVERTIDA 50MM;ST
Civil;300056198;4023640;SV-JPCÇÃO SIMPLES,TRIPLA,INVERTIDA 75MM;ST
Civil;300056198;4023638;SV-JPCÇÃO SIMPLES,TRIPLA,INVERTIDA 100MM;ST
Civil;300056198;4023646;SV-LIGAÇÃO PARA SAÍDA VASO 100 MM;ST
Civil;300056198;4023653;SV-LUVA SIMPLES, DUPLA E CORRER 75 MM;ST
Civil;300056198;4023651;SV-LUVA SIMPLES, DUPLA E CORRER 100 MM;ST
Civil;300056198;4023698;SV-REDUÇÃO EXCENTRICA 75 MM;ST
Civil;300056198;4023459;SV-ANEL BORRACHA 75MM;ST
Civil;300056198;4023697;SV-REDUÇÃO EXCENTRICA 100 MM;ST
Civil;300056198;4023749;SV-TÊ SANITÁRIO 75 MM;ST
Civil;300056198;4023747;SV-TÊ SANITÁRIO 100 MM;ST
Civil;300056198;4023795;SV-VEDAÇÃO P/SAÍDA VASO SANITÁRIO 100MM;ST
Civil;300056198;4023470;SV-BUCHA REDUÇÃO CURTA 40MM X 32 MM;ST
Civil;300056198;4023847;SV-BUCHA DE REDUÇÃO EXCÊNTRICA PVC  75 X;ST
Civil;300056198;4023848;SV-BUCHA DE REDUÇÃO EXCÊNTRICA PVC 100 X;ST
Civil;300056198;4023849;SV-BUCHA DE REDUÇÃO EXCÊNTRICA PVC 100 X;ST
Civil;300056198;4023456;SV-ANEL BORRACHA 100MM;ST
Civil;300056198;4023738;SV-TÊ 45-40 MM;ST
Civil;300056198;4023746;SV-TE 90-40 MM;ST
Civil;300056198;4023779;SV-TUBO RÍGIDO C/PONTA,BOLSA SOLDA 40MM;M
Civil;300056198;4023777;TUBO RÍGIDO C/PONTA,BOLSA C/VIROLA 50MM;M
Civil;300056198;4023782;SV-TUBO RÍGIDO LISO 300 MM;M
Civil;300056198;4023997;"SV-TUBULAÇÃO EM ESGOTO PVC 250MM; PONTA";M
Civil;300056198;4023998;"SV-TUBULAÇÃO EM ESGOTO PVC 300MM; PONTA";M
Civil;300056198;4024000;"SV-TUBULAÇÃO EM ESGOTO PVC 400MM; PONTA";M
Civil;300056198;4023765;SV-TUBO CERÂMICO PONTA E BOLSA 100 MM;M
Civil;300056198;4023766;SV-TUBO CERÂMICO PONTA E BOLSA 150 MM;M
Civil;300056198;4023767;SV-TUBO CERÂMICO PONTA E BOLSA 200 MM;M
Civil;300056198;4023768;SV-TUBO CERÂMICO PONTA E BOLSA 250 MM;M
Civil;300056198;4023769;SV-TUBO CERÂMICO PONTA E BOLSA 300 MM;M
Civil;300056198;4023499;SV-CX SINFONADA C/GRELHA 150X200X50 MM;ST
Civil;300056198;4023512;SV-CAP E PLUG 75 MM;ST
Civil;300056198;4023497;SV-CX SINFONADA C/GRELHA 150X150X50 MM;ST
Civil;300056198;4023498;SV-CX SINFONADA C/GRELHA 150X150X75 MM;ST
Civil;300056198;4023500;SV-CX SINFONADA C/GRELHA 150X200X75 MM;ST
Civil;300056198;4023980;SV-RALO SECO 100 X 40 MM;ST
Civil;300056198;4023690;RALO SINFO 100X100X53X40MM C/GRELHA INOX;ST
Civil;300056198;4023613;SV-GRELHA INOX QUADRADA OU REDONDA 100MM;ST
Civil;300056198;4023495;SV-CX SINFON 150X200X50MM C/GRELHA INOX;ST
Civil;300056198;4023493;SV-CX SINFON 150X150X50MM C/GRELHA INOX;ST
Civil;300056198;4023496;SV-CX SINFON 150X200X75MM C/GRELHA INOX;ST
Civil;300056198;4023494;SV-CX SINFON 150X150X75MM C/GRELHA INOX;ST
Civil;300056198;4023851;SV-CAIXA SECA REDONDA DE ALTURA REGULÁVE;ST
Civil;300056198;4023687;SV-RALO SECO 100 X 40 MM;ST
Civil;300056198;4023688;SV-RALO SECO 100 X 40MM C/GRELHA INOX;ST
Civil;300056198;4023873;SV-CRUZETA SANITÁRIA 50 MM;ST
Civil;300056198;4023874;SV-CRUZETA SANITÁRIA 75 MM;ST
Civil;300056198;4023699;"SV-REGISTRO GAVETA BRUTO 1 1/2""-1502 B";ST
Civil;300056198;4023981;SV-REGISTRO DE PRESSAO C/CANOPLA CROMADA;ST
Civil;300056198;4023792;"SV-VÁLVULA ESFERA BRUTA 1""-1552B";ST
Civil;300056198;4023791;SV-VALVULA ESCOAMENTO PARA TANQUE-1605 C;ST
Civil;300056198;4023702;"SV-REGISTRO GAVETA BRUTO 1/2""-1502 B";ST
Civil;300056198;4023644;SV-LIGAÇÃO FLEXÍV MALHA AÇO 40CM-4607C;ST
Civil;300056198;4023775;SV-TUBO LIGAÇÃO C/ANEL EXP P/BACIA-1968C;ST
Civil;300056198;4023519;SV-CONJPCTO FIXAÇÃO PARA TANQUE-FT 11;ST
Civil;300056198;4023517;CONJPCTO FIXAÇÃO P/LAVATÓRIO,COLPCA-SP 7;ST
Civil;300056198;4023518;SV-CONJPCTO FIXAÇÃO PARA BACIA-SP 13;ST
Civil;300056198;4023520;SV-CONJPCTO INSTALAÇÃO P/MICTÓRIO-M 712;ST
Civil;300056198;4023582;DUCHA MANUAL ACTIVA C/REGISTRO-1984C50;ST
Civil;300056198;4024001;SV-TORNEIRA FECHAMENTO AUTOMÁTICO DECAMA;ST
Civil;300056198;4023757;SV-TORNEIRA PARA PIA COZINHA-1158 C39;ST
Civil;300056198;4023478;SV-CABIDE MOLDENOX;ST
Civil;300056198;4023724;SV-SABONETEIRA MOLDENOX;ST
Civil;300056198;4023665;SV-PAPELEIRA INOX C/PROTETOR;ST
Civil;300056198;4023729;SV-SUPORTE INOX PARA TOALHA;ST
Civil;300056198;4023700;"SV-REGISTRO GAVETA BRUTO 1 1/4""-1502 B";ST
Civil;300056198;4023982;"SV-REGISTRO DE GAVETA BRUTO 1 1/2"" - 150";ST
Civil;300056198;4023703;"SV-REGISTRO GAVETA BRUTO 2""-1502 B";ST
Civil;300056198;4023705;SV-REGISTRO GAVETA BRUTO DIÂM 110 MM;ST
Civil;300056198;4023983;SV-REGISTRO DE GAVETA C/CANOPLA CROMADA;ST
Civil;300056198;4023870;SV-CHUVEIRO 4 ESTAÇÕES PLÁSTICO - MARCA;ST
Civil;300056198;4023731;SV-TAMPA PARA VASO EM PVC-MARCA TIGRE;ST
Civil;300056198;4024014;SV-VÁLVULA PRESSMATIC MICTÓRIO DE LUXE -;ST
Civil;300056198;4023466;SV-BACIA CONVENCIONAL TARGA-P1 17-DECA;ST
Civil;300056198;4023663;SV-MICTÓRIO C/SIFÃO INTEGRADO-M712-DECA;ST
Civil;300056198;4023642;SV-LAVATÓRIO C/COLPCA TARGA-L1 C10-DECA;ST
Civil;300056198;4023876;SV-CUBA EMBUTIR INIVERSAL OVAL 490X365 M;ST
Civil;300056198;4023676;SV-PERFILADO LISO 38 X 38 MM;M
Civil;300056198;4023675;SV-PERFILADO LISO 38 X 19 MM;M
Civil;300056198;4023586;SV-ELETROCALHA LISA 100 X 50MM #18;M
Civil;300056198;4023587;"SV-ELETRODUTO GALV SEMI PESADO 1""";M
Civil;300056198;4023516;SV-CONDULETE DIÂM NOMINAL S/ROSCA 3/4';M
Civil;300056198;4023875;SV-CONDULETE ALUMÍNIO FPCDIDO ROSQUEADO;ST
Civil;300056198;4023504;SV-CANALETA SISTEMA X PVC-TAM 20 X 10 MM;M
Civil;300056198;4023508;SV-CANALETA SISTEMAXPVC-TAM 32X12,6 MM;M
Civil;300056198;4023505;SV-CANALETA SISTEMA X PVC-TAM 40 X 16 MM;M
Civil;300056198;4023506;SV-CANALETA SISTEMA X PVC-TAM 50 X 20 MM;M
Civil;300056198;4023507;SV-CANALETA SISTEMAXPVC-TAM 110X20 MM;M
Civil;300056198;4023503;SV-CANALETA EVOLUTIVA EM PVC 60X50;M
Civil;300056198;4024002;SV-SUPORTE PARA INSTALAÇÃO DE TOMADAS E;ST
Civil;300056198;4023522;SV-COTOVELO PARA CANALETA;ST
Civil;300056198;4023730;SV-TAMPA EXTREMIDADE PARA CANALETA;ST
Civil;300056198;4023588;"SV-ELETRODUTO GALV SEMI PESADO 3/4""";M
Civil;300056198;4023585;"SV-DUTO CORRUGADO REFERÊNCIA KANALEX 5""";M
Civil;300056198;4023576;DISJPCTOR BIPOLAR 10 A 50A,60HZ 10 KA GE;ST
Civil;300056198;4023577;SV-DISJPCTOR BIPOLAR FUGA 25A-18KA-30M;ST
Civil;300056198;4023578;SV-DISJPCTOR BIPOLAR FUGA 32A-18KA-30M;ST
Civil;300056198;4023581;SV-DISJPCTOR TRIPOLAR 63A-25KA DIN;ST
Civil;300056198;4023579;SV-DISJPCTOR TRIPOLAR 160A-25KA;ST
Civil;300056198;4023580;SV-DISJPCTOR TRIPOLAR 32A-18KA DIN;ST
Civil;300056198;4023488;SV-CABO FLEXÍV-ISOLAÇÃO PVC 750V 2.5MM2;M
Civil;300056198;4023484;SV-CABO FLEXÍVEL 4,0 MM2-ISOLAÇÃO 1KV;M
Civil;300056198;4023489;SV-CABO TETRAPOLAR FLEXÍVEL 16 MM2;M
Civil;300056198;4023490;SV-CABO TETRAPOLAR FLEXÍVEL 25 MM2;M
Civil;300056198;4023491;SV-CABO TETRAPOLAR FLEXÍVEL 35 MM2;M
Civil;300056198;4023486;SV-CABO FLEXÍVEL ISOLAÇÃO PVC 750V 4 MM2;M
Civil;300056198;4023487;SV-CABO FLEXÍVEL ISOLAÇÃO PVC 750V 6 MM2;M
Civil;300056198;4023485;SV-CABO FLEXÍVEL ISOLAÇÃO PVC 750V 16MM2;M
Civil;300056198;4023482;SV-CABO FLEXÍVEL 25,0 MM2;M
Civil;300056198;4023483;SV-CABO FLEXÍVEL 35,0 MM2;M
Civil;300056198;4023479;SV-CABO FLEXÍVEL 185,0 MM2;M
Civil;300056198;4023481;SV-CABO FLEXÍVEL 240,0 MM2;M
Civil;300056198;4023684;SV-QUADRO DISTR C/BARRAM + GERAL 12 DISJ;ST
Civil;300056198;4023685;SV-QUADRO DISTR C/BARRAM + GERAL 24 DISJ;ST
Civil;300056198;4023686;SV-QUADRO DISTR SOBREPOR PVC CAP 06 DISJ;ST
Civil;300056198;4023680;"SV-PLACA CEGA QUADRADA 2X4"" PIAL/SILEN""";ST
Civil;300056198;4023953;SV-PLUG 2P + T EM LINHA - 10 A - 250 V P;ST
Civil;300056198;4023954;SV-PROLONG. 2P+T EM LIN-10A-250V PIAL/LE;ST
Civil;300056198;4023755;SV-TOMADAS PCVERSAL 2P+T-20A 220V;ST
Civil;300056198;4023927;SV-INTERRUPTOR SIMPLES BIPOLAR 25A 250V;ST
Civil;300056198;4023928;SV-INTERRUPTOR SIMPLES BIPOLAR 10A 250V;ST
Civil;300056198;4023633;SV-INTERRUPTOR C/ACABAMENTOS;ST
Civil;300056198;4023933;SV-LUMINÁRIA COMPLETA 2X32W ITAIM PARA F;ST
Civil;300056198;4023934;SV-LUMINÁRIA COMPLETA 2 X 32W ITAIM SOBR;ST
Civil;300056198;4023649;SV-LUMINÁRIA COMPLETA 2X26W ITAIM-SAFIRA;ST
Civil;300056198;4023935;SV-LUMINÁRIA COMPLETA 2X32W ITAIM SOBREP;ST
Civil;300056198;4023984;SV-REFLETOR  DE ILUMINAÇÃO COMPLETO COM;ST
Civil;300056198;4023468;SV-BASE PARA FOTOCÉLULA;ST
Civil;300056198;4023707;SV-RELÉ FOTOELÉTRICO 10A;ST
Civil;300056198;4023955;SV-PREPARAÇÃO DE PAREDES NOVAS DE ALVENA;M2
Civil;300056198;4023956;SV-PREPARAÇÃO DE PAREDES DE ALVENARIA JÁ;M2
Civil;300056198;4023907;SV-FPCDO PREPARADOR DE PAREDES DE ALVENA;M2
Civil;300056198;4024003;SV-SELAMENTO DE PAREDES DE ALVENARIA PAR;M2
Civil;300056198;4023894;SV-ESMALTE DUAS DEMÃOS EM PAREDE - REFER;M2
Civil;300056198;4023641;LÁTEX DUAS DEMAOS PAREDES-TINTA CORAL;M2
Civil;300056198;4024004;SV-TINTA REVESTIMENTO EPOXI FENÓLICO DUA;M2
Civil;300056198;4024005;SV-TINTA DE FPCDO EPÓXI, ZARCÃO ÓXIDO DE;M2
Civil;300056198;4023957;SV-PINT ESMALTE EM ELETRODUTOS E TUBOS D;M
Civil;300056198;4023958;SV-PINT ESMALTE EM ELETRODUTOS E TUBOS D;M
Civil;300056198;4023959;SV-PINTURA ESMALTE EM ELET  TUBOS DIÂMET;M
Civil;300056198;4023960;SV-PINTURA ESMALTE EM ELET TUBOS DIÂMETR;M
Civil;300056198;4023961;SV-PINTURA ESMALTE EM GUARDA CORPO METÁL;M
Civil;300056198;4023888;SV-EMASSAMENTO DE PAREDES 2 DEMAOS COM M;M2
Civil;300056198;4023889;SV-EMASSAMENTO DE ESQUADRIA DE MADEIRA P;M2
Civil;300056198;4023811;SV- ASSENTAMENTO DE MEIO FIO INCLUSIVE M;M
Civil;300056198;4024015;SV-CERCA DE ARAME FARP C MOURÕES DE CONC;M
Civil;300056198;4023823;"SV-ALAMBRADO TELA MALHA 2"" FIO 12 COM MO";M
Civil;300056198;4023822;"SV-ALAMBRADO TELA MALHA 2"" E FIO 12 E CO";M
Civil;300056198;4023451;"SV-ALAMBRADO TELA MALHA 2"" FIO 12";M2
Civil;300056198;4023452;"SV-ALAMBRADO TELA MALHA 2"" FIO 12-HE";M2
Civil;300056198;4023760;SV-TRATAMENTO SUPERFÍCIES-JATO SA 2.1/2;M2
Civil;300056198;4024006;SV-TRATAMENTO DE SUPERFÍCIES - ST2 - ANT;M2
Civil;300056198;4024007;SV-TRATAMENTO DE SUPERFÍCIES - ST3 - ANT;M2
Civil;300056198;4023761;SV-TRATAMENTO SUPERFÍCIES-ST-2;M2
Civil;300056198;4023759;SV-TRATAM SUPERFÍCIES-LIMPEZA C/SOLVENTE;M2
Civil;300056198;4023962;SV-PINTURA FPCDO EPÓXI PIGMENTADA COM AL;M2
Civil;300056198;4023963;SV-PINTURA FPCDO EPÓXI PIGMENTADA COM AL;M2
Civil;300056198;4023964;SV-PINTURA – ACABA BICOMPONENTE SILICONE;M2
Civil;300056198;4023677;SV-PINTURA ACABAM POLIURETANO ACRÍLICO;M2
Civil;300056198;4023965;SV-PINTURA ACABAMENTO POLIURETANO ACRÍLI;M2
Civil;300056198;4023966;SV-PINTURA APLICAÇÃO REPOXIDE REVESTIMEN;M2
Civil;300056198;4023967;SV-PINTURA ACABAMENTO EPÓXI POLIAMIDA BR;M2
Civil;300056198;4023968;SV-PINTURA ACABAMENTO ETIL SILICATO DE Z;M2
Civil;300056198;4023909;SV-FORN APLICAÇÃO REVEST POLIMÉRICO INIB;KG
Civil;300056198;4023910;SV-FORN APL  SIKAFLEX T 68 NAS DIMENSÕES;M
Civil;300056198;4023619;SV-HORA AJUDANTE-HR NORMAL-À DISPOSIÇÃO;H
Civil;300056198;4023615;SV-HORA AJUDANTE-HE NOTURNA;H
Civil;300056198;4023616;SV-HORA AJUDANTE-HE NOTURN-À DISPOSIÇÃO;H
Civil;300056198;4023624;SV-HORA OFICIAL-HE NOTURNA;H
Civil;300056198;4023625;SV-HORA OFICIAL-HE NOTURNA-À DISPOSIÇÃO;H
Civil;300056198;4023843;SV-ASSENT  TRILHOS TR57  BASE CONCRETO A;H
Civil;300056198;4023630;SV-HORA RETRO ESCAVADEIRA-À DISPOSIÇÃO;H
Civil;300056198;4023620;SV-HORA CAMINHAO BASCULANTE;H
Civil;300056198;4023622;SV-HORA CAMINHÃO CARROCERIA MPCK 2 TON;H
Civil;300056198;4023912;SV-HORA DE CAMINHÃO CARROCERIA MPCK 2 TO;M
Civil;300056198;4023632;HORA RETROESCAVAD C/PICÃO-À DISPOSIÇÃO;H
Civil;300056198;4023727;SV-SOLDADOR C/CONJPCTO OXI-CORTE;H
Civil;300056198;4024008;SV-SOLDADOR COM CONJPCTO OXI-CORTE - À D;H
Civil;300056198;4023845;"SV-BOMBA SUBMERSA DIÂMETRO 2 1/2"" COM 30";H
Civil;300056198;4033974;SV-LIMPEZA DE CAREPA MANUAL;H
Civil;300056198;4100710;HORA RETRO ESCAVADEIRA (FACILITIES);H
Civil;300056198;4100711;ACRÍLICA DUAS DEMAOS PAREDES(FACILITIES);M2
Civil;300056198;4100712;COMPR.DIESEL 250 PCM(FACILITIES)COM 2 CO;H
Civil;300056198;4100713;REPARO PAVIMENTO ASFALTICO (FACILITIES);M3
Civil;200982674;4067871;SV-EQUIPE TELHAD (MENSAL);SV
Civil;200982674;4067872;SV-MONTADOR TELHADO HE SEG A SEX;SV
Civil;200982674;4067873;SV-MONTADOR TELHADO HE SAB DOM FERIADO;SV
Civil;200982674;4067874;SV-AUXILIAR TELHADO HE SEG A SEX;SV
Civil;200982674;4067875;SV-AUXILIAR TELHADO HE SAB DOM FERIADO;SV
Civil;201813190;4049842;SV-Soldador/Maçariqueiro ALP N1/N2 HN;H
Civil;201813190;4049844;SV - Soldador/Maçariqueiro ALP N1/N2 AN;H
Civil;201813190;4049845;SV-Soldador/Maçariqueiro ALP N1/N2 HE 50;H
Civil;201813190;4049846;SV-Soldador/Maçariqueiro ALP N1/N2 HE100;H
Civil;201813190;4049849;SV - Supervisor de acesso (Irata N3) HN;H
Civil;201813190;4049861;SV - Supervisor de acesso (Irata N3) AN;H
Civil;201813190;4049862;SV-Supervisor de acesso (Irata N3) HE 50;H
Civil;201813190;4049863;SV-Supervisor de acesso (Irata N3) HE100;H
Civil;201813190;4049866;SV - Supervisor de planejamento HN;H
Civil;201813190;4049868;SV - Supervisor de planejamento AN;H
Civil;201813190;4049869;SV - Supervisor de planejamento HE 50;H
Civil;201813190;4049870;SV - Supervisor de planejamento HE 100;H
Civil;201813190;4049873;SV - Tec. de Seguranca HN;H
Civil;201813190;4049875;SV - Tec. de Seguranca AN;H
Civil;201813190;4049876;SV - Tec. de Seguranca HE 50;H
Civil;201813190;4049877;SV - Tec. de Seguranca HE 100;H
Civil;201813190;4049920;Mobilização de Emergencia < 3dias;SV
Civil;201813190;4049921;Mobilização de Emergencia >3dias;SV
Civil;200772986;4049929;SV -MEIO FIO E SARJETA 40 cm incluso mat;M
Civil;200490010;4049929;SV -MEIO FIO E SARJETA 40 cm incluso mat;M
Civil;200772986;4049959;SV COMPRESSOR 250 PCM H PROD;H
Civil;200490010;4049959;SV COMPRESSOR 250 PCM H PROD;H
Civil;200772986;4050054;"SV COTOVELOS 1/2""";ST
Civil;200490010;4050054;"SV COTOVELOS 1/2""";ST
Civil;200772986;4050055;"SV COTOVELOS 3/4""";ST
Civil;200490010;4050055;"SV COTOVELOS 3/4""";ST
Civil;200772986;4050056;"SV COTOVELOS 1""";ST
Civil;200490010;4050056;"SV COTOVELOS 1""";ST
Civil;200772986;4050058;"SV COTOVELOS 1.1/2""";ST
Civil;200490010;4050058;"SV COTOVELOS 1.1/2""";ST
Civil;200772986;4050059;"SV COTOVELOS 2""";ST
Civil;200490010;4050059;"SV COTOVELOS 2""";ST
Civil;200772986;4050222;SV - CERCA DE ISOLAMENTO H=1,20;M
Civil;200490010;4050222;SV - CERCA DE ISOLAMENTO H=1,20;M
Civil;200772986;4050224;SV - CERCA DE ISOLAMENTO H=1,20 > 35M;M
Civil;201813190;4123793;CHAPA METALICA GALVANIZADA 0,65MM;SV
Civil;201813190;4123794;CHAPA METALICA GALVANIZADA 0,80MM;SV
Civil;201813190;4123795;CHAPA METALICA GALVANIZADA 0,95MM;SV
Civil;201813190;4123796;CHAPA METALICA GALVANIZADA 1,30MM;SV
Civil;201813190;4123797;CHAPA METALICA GALVANIZADA 1,55MM;SV
Civil;201813190;4123798;CHAPA METALICA GALVANIZADA 1,95MM;SV
Civil;201813190;4123799;CHAPA METALICA GALVANIZADA 2,7MM;SV
Civil;200490010;4050224;SV - CERCA DE ISOLAMENTO H=1,20 > 35M;M
Civil;200772986;4050227;SV - TUBO DE CONCRETO ARMADO 600 mm;M
Civil;200490010;4050227;SV - TUBO DE CONCRETO ARMADO 600 mm;M
Civil;200772986;4050228;SV - TUBO DE CONCRETO ARMADO 800 mm;M
Civil;200490010;4050228;SV - TUBO DE CONCRETO ARMADO 800 mm;M
Civil;200772986;4050229;SV - TUBO DE CONCRETO ARMADO 1000 mm;M
Civil;200490010;4050229;SV - TUBO DE CONCRETO ARMADO 1000 mm;M
Civil;200772986;4050240;SV - TUBO DE CONCRETO ARMADO 1200 mm;M
Civil;200490010;4050240;SV - TUBO DE CONCRETO ARMADO 1200 mm;M
Civil;200772986;4050241;SV - MEIA CANA DE CONCRETO ARMADO 300MM;M
Civil;200490010;4050241;SV - MEIA CANA DE CONCRETO ARMADO 300MM;M
Civil;200490010;4050313;SV -SELANTE PARA JUNTA ESTRUTURAL;M
Civil;200772986;4050313;SV -SELANTE PARA JUNTA ESTRUTURAL;M
Civil;200772986;4050316;SV CANTONEIRA DE ALUMÍNIO PARA QUINAS;M
Civil;200490010;4050316;SV CANTONEIRA DE ALUMÍNIO PARA QUINAS;M
Civil;200772986;4050317;SV RODAPÉ GRANITO CINZA ANDORINHA 10CM;M
Civil;200490010;4050317;SV RODAPÉ GRANITO CINZA ANDORINHA 10CM;M
Civil;200772986;4050319;"SV BAGUETE ALUMÍNIO PARA VIDRO 3/8""a 3/4";M
Civil;200490010;4050319;"SV BAGUETE ALUMÍNIO PARA VIDRO 3/8""a 3/4";M
Civil;200772986;4050320;SV TUBO RÍGIDO SOLDÁVEL 20 MM;M
Civil;200490010;4050320;SV TUBO RÍGIDO SOLDÁVEL 20 MM;M
Civil;200772986;4050321;SV TUBO RÍGIDO SOLDÁVEL 25 MM;M
Civil;200490010;4050321;SV TUBO RÍGIDO SOLDÁVEL 25 MM;M
Civil;200772986;4050322;SV TUBO RÍGIDO SOLDÁVEL 32 MM;M
Civil;200490010;4050322;SV TUBO RÍGIDO SOLDÁVEL 32 MM;M
Civil;200772986;4050323;SV TUBO RÍGIDO SOLDÁVEL 40 MM;M
Civil;200490010;4050323;SV TUBO RÍGIDO SOLDÁVEL 40 MM;M
Civil;200772986;4050324;SV TUBO RÍGIDO SOLDÁVEL 50 MM;M
Civil;200490010;4050324;SV TUBO RÍGIDO SOLDÁVEL 50 MM;M
Civil;200772986;4050325;SV TUBO RÍGIDO SOLDÁVEL 60 MM;M
Civil;200490010;4050325;SV TUBO RÍGIDO SOLDÁVEL 60 MM;M
Civil;200772986;4050326;SV TUBO RÍGIDO PONTA E BOLSA SOLDÁVEL 40;M
Civil;200490010;4050326;SV TUBO RÍGIDO PONTA E BOLSA SOLDÁVEL 40;M
Civil;200772986;4050327;SV TUBO RÍGIDO COM PONTA E BOLSA 50 MM;M
Civil;200490010;4050327;SV TUBO RÍGIDO COM PONTA E BOLSA 50 MM;M
Civil;200772986;4050328;SV TUBO RÍGIDO COM PONTA E BOLSA 75 MM;M
Civil;200490010;4050328;SV TUBO RÍGIDO COM PONTA E BOLSA 75 MM;M
Civil;200772986;4050329;TUBO RÍGIDO COM PONTA E BOLSA 100MM;M
Civil;200490010;4050329;TUBO RÍGIDO COM PONTA E BOLSA 100MM;M
Civil;200772986;4050330;SV TUBO RÍGIDO COM PONTA E BOLSA 150 MM;M
Civil;200490010;4050330;SV TUBO RÍGIDO COM PONTA E BOLSA 150 MM;M
Civil;200772986;4050331;SV TUBO RÍGIDO COM PONTA E BOLSA 200 MM;M
Civil;200490010;4050331;SV TUBO RÍGIDO COM PONTA E BOLSA 200 MM;M
Civil;200772986;4050332;SV TUBO COLETOR DE ESGOTO PVC 200MM;M
Civil;200490010;4050332;SV TUBO COLETOR DE ESGOTO PVC 200MM;M
Civil;200772986;4050333;SV TUBO COLETOR DE ESGOTO PVC 250MM;M
Civil;200490010;4050333;SV TUBO COLETOR DE ESGOTO PVC 250MM;M
Civil;200772986;4050334;SV TUBO COLETOR DE ESGOTO PVC 300MM;M
Civil;200490010;4050334;SV TUBO COLETOR DE ESGOTO PVC 300MM;M
Civil;200772986;4050335;SV TUBO COLETOR DE ESGOTO PVC 350MM;M
Civil;200490010;4050335;SV TUBO COLETOR DE ESGOTO PVC 350MM;M
Civil;200772986;4050336;SV TUBO COLETOR DE ESGOTO PVC 400MM;M
Civil;200490010;4050336;SV TUBO COLETOR DE ESGOTO PVC 400MM;M
Civil;200772986;4050341;SV ELETROCALHA LISA 100 X 50 mm #18;M
Civil;200490010;4050341;SV ELETROCALHA LISA 100 X 50 mm #18;M
Civil;200772986;4050342;"SV ELETRODUTO GALVANIZADO SEMI PESADO 1""";M
Civil;200490010;4050342;"SV ELETRODUTO GALVANIZADO SEMI PESADO 1""";M
Civil;200772986;4050343;SV CANALETA TAMANHO 20 X 10 mm;M
Civil;200490010;4050343;SV CANALETA TAMANHO 20 X 10 mm;M
Civil;200772986;4050344;SV CANALETA TAMANHO 32 X 12,5 mm;M
Civil;200490010;4050344;SV CANALETA TAMANHO 32 X 12,5 mm;M
Civil;200772986;4050345;SV CANALETA TAMANHO 40 X 16 mm;M
Civil;200490010;4050345;SV CANALETA TAMANHO 40 X 16 mm;M
Civil;200772986;4050346;SV CANALETA TAMANHO 50 X 20 mm;M
Civil;200490010;4050346;SV CANALETA TAMANHO 50 X 20 mm;M
Civil;200772986;4050347;SV CANALETA TAMANHO 110 X 20 mm;M
Civil;200490010;4050347;SV CANALETA TAMANHO 110 X 20 mm;M
Civil;200772986;4050348;SV CANALETA EVOLUTIVA EM PVC 80X50;M
Civil;200490010;4050348;SV CANALETA EVOLUTIVA EM PVC 80X50;M
Civil;200772986;4050349;DUTO CORRUGADO 30 MM;M
Civil;200490010;4050349;DUTO CORRUGADO 30 MM;M
Civil;200772986;4050350;DUTO CORRUGADO 40 MM;M
Civil;200490010;4050350;DUTO CORRUGADO 40 MM;M
Civil;201464634;4013242;Kit protecao respiratoria P/espaco co.;SV
Civil;201464634;4013183;Kit vigia .;SV
Civil;201464634;4013355;Tripe de resgate .;SV
Civil;201464634;4013403;Protecao respiratoria autonoma (PA) .;SV
Civil;200394538;4075901;Mobilização de equipamentos e equipe;H
Civil;200394538;4075788;Container metálico para canteiro, com tr;H
Civil;200394538;4075902;Sanitários hidráulicos;H
Civil;200394538;4075903;Instalações provisórias do canteiro;H
Civil;200394538;4075904;Embarcação de apoio portuário;H
Civil;200394538;4075905;Flutuantes de Apoio;H
Civil;200394538;4075906;Andaimes Suspensos tipo gradex;H
Civil;200394538;4075907;Demolição do conc Limp e proteção arm;H
Civil;200394538;4075908;maderit e pre das cavidades com graute;H
Civil;200394538;4075909;Apli de arga reparo estrut  concr vigas;H
Civil;200394538;4075910;Recomposição das armaduras;H
Civil;200394538;4075911;Controle tecnológico concreto;H
Civil;200394538;4075912;Controle tecnológico argamassa;H
Civil;200394538;4075913;Demolição do concreto:;H
Civil;200394538;4075914;Recomposição das armaduras;H
Civil;200394538;4075915;Fixação de armadura com adesivo epóxi;H
Civil;200394538;4075916;Form em maderit e pre das cav com graute;H
Civil;200394538;4075917;Apl de primer epóxi + Poliuretano Mod;H
Civil;200394538;4076465;Demolição do concreto + Limpeza e proteç;SV
Civil;200394538;4076466;Forma em maderit e preenchimento das cav;SV
Civil;200394538;4076467;Aplicação de argamassa industrializada p;SV
Civil;200394538;4076468;Recomposição das armaduras;SV
Civil;200394538;4076469;Controle tecnológico concreto;SV
Civil;200394538;4076490;Controle tecnológico argamassa;SV
Civil;200394538;4093104;Retroativo reajuste 2024 - nov;SV
Civil;200772986;4050351;DUTO CORRUGADO 50 MM;M
Civil;200490010;4050351;DUTO CORRUGADO 50 MM;M
Civil;200772986;4050352;DUTO CORRUGADO 75 MM;M
Civil;200490010;4050352;DUTO CORRUGADO 75 MM;M
Civil;200772986;4050353;DUTO CORRUGADO 100 MM;M
Civil;200490010;4050353;DUTO CORRUGADO 100 MM;M
Civil;200772986;4050354;DUTO CORRUGADO 125 MM;M
Civil;200490010;4050354;DUTO CORRUGADO 125 MM;M
Civil;200772986;4050355;DUTO CORRUGADO 150 MM;M
Civil;200490010;4050355;DUTO CORRUGADO 150 MM;M
Civil;200772986;4050356;SV TAMPA DUTO CORRUGADO 30 MM;M
Civil;200490010;4050356;SV TAMPA DUTO CORRUGADO 30 MM;M
Civil;200772986;4050357;SV TAMPA DUTO CORRUGADO 40 MM;M
Civil;200490010;4050357;SV TAMPA DUTO CORRUGADO 40 MM;M
Civil;200772986;4050358;SV TAMPA DUTO CORRUGADO 50 MM;M
Civil;200490010;4050358;SV TAMPA DUTO CORRUGADO 50 MM;M
Civil;200772986;4050359;SV TAMPA DUTO CORRUGADO 75 MM;M
Civil;200490010;4050359;SV TAMPA DUTO CORRUGADO 75 MM;M
Civil;200772986;4050360;SV TAMPA DUTO CORRUGADO 100 MM;M
Civil;200490010;4050360;SV TAMPA DUTO CORRUGADO 100 MM;M
Civil;200772986;4050361;SV TAMPA DUTO CORRUGADO 125 MM;M
Civil;200490010;4050361;SV TAMPA DUTO CORRUGADO 125 MM;M
Civil;200772986;4050362;SV TAMPA DUTO CORRUGADO 150 MM;M
Civil;200490010;4050362;SV TAMPA DUTO CORRUGADO 150 MM;M
Civil;200772986;4050364;SV ELETRODUTO GALV SEMI PESADO 3/4;M
Civil;200490010;4050364;SV ELETRODUTO GALV SEMI PESADO 3/4;M
Civil;200772986;4050365;SV ELETRODUTO GALV SEMI PESADO 1;M
Civil;200490010;4050365;SV ELETRODUTO GALV SEMI PESADO 1;M
Civil;200772986;4050366;"SV ELETRODUTO GALV SEMI PESADO 1 1/4""";M
Civil;200490010;4050366;"SV ELETRODUTO GALV SEMI PESADO 1 1/4""";M
Civil;200772986;4050367;"SV ELETRODUTO GALV SEMI PESADO 1 1/2""";M
Civil;200490010;4050367;"SV ELETRODUTO GALV SEMI PESADO 1 1/2""";M
Civil;200772986;4050368;"SV ELETRODUTO GALV SEMI PESADO 2""";M
Civil;200490010;4050368;"SV ELETRODUTO GALV SEMI PESADO 2""";M
Civil;200772986;4050369;"SV ELETRODUTO GALV SEMI PESADO 2 1/2""";M
Civil;200490010;4050369;"SV ELETRODUTO GALV SEMI PESADO 2 1/2""";M
Civil;200772986;4050370;"SV ELETRODUTO PVC RÍGIDO ROSCÁVEL 1/2""";M
Civil;200490010;4050370;"SV ELETRODUTO PVC RÍGIDO ROSCÁVEL 1/2""";M
Civil;200772986;4050371;"SV ELETRODUTO PVC RÍGIDO ROSCÁVEL 3/4""";M
Civil;200490010;4050371;"SV ELETRODUTO PVC RÍGIDO ROSCÁVEL 3/4""";M
Civil;200772986;4050372;"SV ELETRODUTO PVC RÍGIDO ROSCÁVEL 1""";M
Civil;200490010;4050372;"SV ELETRODUTO PVC RÍGIDO ROSCÁVEL 1""";M
Civil;200772986;4050373;"SV ELETRODUTO PVC RÍGIDO ROSCÁVEL 1 1/4""";M
Civil;200490010;4050373;"SV ELETRODUTO PVC RÍGIDO ROSCÁVEL 1 1/4""";M
Civil;200772986;4050374;"SV ELETRODUTO PVC RÍGIDO ROSCÁVEL 1 1/2""";M
Civil;200490010;4050374;"SV ELETRODUTO PVC RÍGIDO ROSCÁVEL 1 1/2""";M
Civil;200772986;4050375;"SV ELETRODUTO PVC RÍGIDO ROSCÁVEL 2""";M
Civil;200490010;4050375;"SV ELETRODUTO PVC RÍGIDO ROSCÁVEL 2""";M
Civil;200772986;4050376;"SV ELETRODUTO PVC RÍGIDO ROSCÁVEL 2 1/2""";M
Civil;200490010;4050376;"SV ELETRODUTO PVC RÍGIDO ROSCÁVEL 2 1/2""";M
Civil;200772986;4050377;"SV ELETRODUTO PVC RÍGIDO ROSCÁVEL 3""";M
Civil;200490010;4050377;"SV ELETRODUTO PVC RÍGIDO ROSCÁVEL 3""";M
Civil;200772986;4050378;"SV ELETRODUTO PVC RÍGIDO ROSCÁVEL 4""";M
Civil;200490010;4050378;"SV ELETRODUTO PVC RÍGIDO ROSCÁVEL 4""";M
Civil;200772986;4050379;SV ELETRODUTO PVC FLEXÍVEL @ 16 mm;M
Civil;200490010;4050379;SV ELETRODUTO PVC FLEXÍVEL @ 16 mm;M
Civil;200772986;4050380;SV ELETRODUTO PVC FLEXÍVEL @ 20 mm;M
Civil;200490010;4050380;SV ELETRODUTO PVC FLEXÍVEL @ 20 mm;M
Civil;200772986;4050381;SV ELETRODUTO PVC FLEXÍVEL @ 25 mm;M
Civil;200490010;4050381;SV ELETRODUTO PVC FLEXÍVEL @ 25 mm;M
Civil;200772986;4050382;SV ELETRODUTO PVC FLEXÍVEL @ 32 mm;M
Civil;200490010;4050382;SV ELETRODUTO PVC FLEXÍVEL @ 32 mm;M
Civil;200772986;4050383;SV ELETRODUTO PVC FLEXÍVEL REF @ 20 mm;M
Civil;200490010;4050383;SV ELETRODUTO PVC FLEXÍVEL REF @ 20 mm;M
Civil;200772986;4050384;SV ELETRODUTO PVC FLEXÍVEL REF @ 25 mm;M
Civil;200490010;4050384;SV ELETRODUTO PVC FLEXÍVEL REF @ 25 mm;M
Civil;200772986;4050385;SV ELETRODUTO PVC FLEXÍVEL REF @ 32 mm;M
Civil;200490010;4050385;SV ELETRODUTO PVC FLEXÍVEL REF @ 32 mm;M
Civil;200772986;4050386;SV CABO FLEXÍVEL 1,5 mm²;M
Civil;200490010;4050386;SV CABO FLEXÍVEL 1,5 mm²;M
Civil;200772986;4050387;SV CABO FLEXÍVEL 2,5 mm²;M
Civil;200490010;4050387;SV CABO FLEXÍVEL 2,5 mm²;M
Civil;200772986;4050388;SV CABO FLEXÍVEL 4,0 mm²;M
Civil;200490010;4050388;SV CABO FLEXÍVEL 4,0 mm²;M
Civil;200772986;4050389;SV CABO FLEXÍVEL 6,0 mm²;M
Civil;200490010;4050389;SV CABO FLEXÍVEL 6,0 mm²;M
Civil;200772986;4050390;SV CABO FLEXÍVEL 10,0 mm²;M
Civil;200490010;4050390;SV CABO FLEXÍVEL 10,0 mm²;M
Civil;200772986;4050391;SV CABO FLEXÍVEL 16,0 mm²;M
Civil;200490010;4050391;SV CABO FLEXÍVEL 16,0 mm²;M
Civil;200772986;4050392;SV CABO FLEXÍVEL 25,0 mm²;M
Civil;200490010;4050392;SV CABO FLEXÍVEL 25,0 mm²;M
Civil;200772986;4050393;SV CABO FLEXÍVEL 35,0 mm²;M
Civil;200490010;4050393;SV CABO FLEXÍVEL 35,0 mm²;M
Civil;200772986;4050394;SV CABO FLEXÍVEL 50,0 mm²;M
Civil;200490010;4050394;SV CABO FLEXÍVEL 50,0 mm²;M
Civil;200772986;4050395;SV CABO FLEXÍVEL 70,0 mm²;M
Civil;200490010;4050395;SV CABO FLEXÍVEL 70,0 mm²;M
Civil;200772986;4050396;SV CABO FLEXÍVEL 185,0 mm²;M
Civil;200490010;4050396;SV CABO FLEXÍVEL 185,0 mm²;M
Civil;200772986;4050397;SV CABO FLEXÍVEL 240,0 mm²;M
Civil;200490010;4050397;SV CABO FLEXÍVEL 240,0 mm²;M
Civil;200772986;4050398;SV CABO FLEXÍVEL 1,5 mm² 0,6/1 KV;M
Civil;200490010;4050398;SV CABO FLEXÍVEL 1,5 mm² 0,6/1 KV;M
Civil;200772986;4050399;SV CABO FLEXÍVEL 2,5 mm² 0,6/1 KV;M
Civil;200490010;4050399;SV CABO FLEXÍVEL 2,5 mm² 0,6/1 KV;M
Civil;200772986;4050400;SV CABO FLEXÍVEL 4,0 mm² 0,6/1 KV;M
Civil;200490010;4050400;SV CABO FLEXÍVEL 4,0 mm² 0,6/1 KV;M
Civil;200772986;4050401;SV CABO FLEXÍVEL 6,0 mm² 0,6/1 KV;M
Civil;200490010;4050401;SV CABO FLEXÍVEL 6,0 mm² 0,6/1 KV;M
Civil;200772986;4050402;SV CABO FLEXÍVEL 10,0 mm² 0,6/1 KV;M
Civil;200490010;4050402;SV CABO FLEXÍVEL 10,0 mm² 0,6/1 KV;M
Civil;200772986;4050403;SV CABO FLEXÍVEL 16,0 mm² 0,6/1 KV;M
Civil;200490010;4050403;SV CABO FLEXÍVEL 16,0 mm² 0,6/1 KV;M
Civil;200772986;4050404;SV CABO FLEXÍVEL 25,0 mm² 0,6/1 KV;M
Civil;200490010;4050404;SV CABO FLEXÍVEL 25,0 mm² 0,6/1 KV;M
Civil;200772986;4050405;SV CABO FLEXÍVEL 35,0 mm² 0,6/1 KV;M
Civil;200490010;4050405;SV CABO FLEXÍVEL 35,0 mm² 0,6/1 KV;M
Civil;200772986;4050406;SV CABO FLEXÍVEL 50,0 mm² 0,6/1 KV;M
Civil;200490010;4050406;SV CABO FLEXÍVEL 50,0 mm² 0,6/1 KV;M
Civil;200772986;4050407;SV CABO FLEXÍVEL 70,0 mm² 0,6/1 KV;M
Civil;200490010;4050407;SV CABO FLEXÍVEL 70,0 mm² 0,6/1 KV;M
Civil;200772986;4050408;SV CABO FLEXÍVEL 95,0 mm² 0,6/1 KV;M
Civil;200490010;4050408;SV CABO FLEXÍVEL 95,0 mm² 0,6/1 KV;M
Civil;200772986;4050409;SV CABO FLEXÍVEL QUATRO CONDUTORES 16 mm;M
Civil;200490010;4050409;SV CABO FLEXÍVEL QUATRO CONDUTORES 16 mm;M
Civil;200772986;4050410;SV CERCA DE ARAME FARPADO COM MOURÕES;M
Civil;200490010;4050410;SV CERCA DE ARAME FARPADO COM MOURÕES;M
Civil;200772986;4050411;"SV ALAMBRADO TELA MALHA 2"" FIO 12 MOURÃO";M
Civil;200490010;4050411;"SV ALAMBRADO TELA MALHA 2"" FIO 12 MOURÃO";M
Civil;200772986;4050412;"SV ALAMBRADO TELA MALHA 2"" FIO 12 TUBO";M
Civil;200490010;4050412;"SV ALAMBRADO TELA MALHA 2"" FIO 12 TUBO";M
Civil;200772986;4050422;SV CABO DE COBRE NU 50 MM²;M
Civil;200772986;4050837;SV LIMPEZA HIDROJATEAMENTO EQU 12 kpsi;M2
Civil;200772986;4050864;SV ENGRADAMENTO PARA TELHADOS LEVES;M2
Civil;200490010;4050422;SV CABO DE COBRE NU 50 MM²;M
Civil;200772986;4050423;CUMEEIRA NORMAL DE FIBROCIMENTO;M
Civil;200490010;4050423;CUMEEIRA NORMAL DE FIBROCIMENTO;M
Civil;200772986;4050414;SV PAINEL 1530MM COM POSTE 1580 MM;M
Civil;200772986;4050688;SV REMOÇÃO PERFIS DE AÇO;KG
Civil;200772986;4050424;SV CALHA DE CHAPA GALV 26 ATE 50CM;M
Civil;200490010;4050424;SV CALHA DE CHAPA GALV 26 ATE 50CM;M
Civil;200772986;4050419;SV PAINEL 2030MM COM POSTE CHUMB 2600 MM;M
Civil;200772986;4050847;SV TRATAMENTO DE SUPERFÍCIES - St 3;M2
Civil;200772986;4050425;SV CALHA DE CHAPA GALV 26 DE 51 A 80CM;M
Civil;200490010;4050425;SV CALHA DE CHAPA GALV 26 DE 51 A 80CM;M
Civil;200772986;4060046;CONSULTORIA TÉCNICA - JUNTA DE DILATAÇÃO;H
Civil;200772986;4050827;SV PRIMER PARA TRATAMENTO - 1 DEMÃO;M2
Civil;200772986;4050707;SV CHUMBADORES MET SAE 1030;KG
Civil;200772986;4050426;SV RUFO DE CALHA CHAPA GALV 26 ATE 30CM;M
Civil;200772986;4056720;SV - INSUFLADOR DE AR;SV
Civil;200772986;4050882;SV DEM CONC ARMADO BAIXO REND ate 30;M3
Civil;200772986;4050919;SV BOMBEAMENTO DE CONCRETO;M3
Civil;200490010;4050426;SV RUFO DE CALHA CHAPA GALV 26 ATE 30CM;M
Civil;200772986;4056713;ELABORAÇÃO DE PROJETO PARA LINHA DE VIDA;SV
Civil;200772986;4050885;SV DEM ESC COMPACTADA;M3
Civil;200772986;4056712;LOCAÇÃO DE ANDAIME SUSPENSO;M3
Civil;200772986;4050724;SV DEM PISO REVESTIDO COM CERAMICA;M2
Civil;200772986;4050583;SV OFICIAL H NOT RES;H
Civil;200772986;4050427;SV RUFO CALHA CHAPA GALV 26 DE 31 A 60CM;M
Civil;200772986;4050852;SV IMPERMEABILIZAÇÃO MANTA 4MM;M2
Civil;200490010;4050427;SV RUFO CALHA CHAPA GALV 26 DE 31 A 60CM;M
Civil;200772986;4050429;SV ASSENT FERRAGEM PARA PORTA INT SIMPLE;ZCJ
Civil;200490010;4050429;SV ASSENT FERRAGEM PARA PORTA INT SIMPLE;ZCJ
Civil;200772986;4050430;SV ASSENT FERRAGEM PARA PORTA INT DUPLA;ZCJ
Civil;200772986;4050900;SV TRANSP MANUAL ENTULHO ATE 30M;M3
Civil;200490010;4050430;SV ASSENT FERRAGEM PARA PORTA INT DUPLA;ZCJ
Civil;200772986;4050431;SV ASSENT FERRAGEM PARA PORTA EXT SIMPLE;ZCJ
Civil;200772986;4055614;SV GERADOR 60kVA - CABINADO - TRIFASICO;SV
Civil;200772986;4056696;INJEÇÃO DE RESINA - GEL ACRÍLICO;L
Civil;200490010;4050431;SV ASSENT FERRAGEM PARA PORTA EXT SIMPLE;ZCJ
Civil;200772986;4050845;SV TRATAMENTO DE SUPERFÍCIES - St 2;M2
Civil;200772986;4050652;SV AUX ADM HE CHEIA;H
Civil;200772986;4055616;SV CONTAINER PARA SEGURANÇA;SV
Civil;200772986;4050432;SV ASSENT FERRAGEM PARA PORTA EXT DUPLA;ZCJ
Civil;200772986;4050703;SV IMPERMEABILIZANTE ACRILICO A FRIO;KG
Civil;200490010;4050432;SV ASSENT FERRAGEM PARA PORTA EXT DUPLA;ZCJ
Civil;200772986;4050433;"SV FURAÇÃO BROCA ATE 1/2""";CM
Civil;200490010;4050433;"SV FURAÇÃO BROCA ATE 1/2""";CM
Civil;200772986;4049952;SV RETROESCAVADEIRA;H
Civil;200772986;4056722;SV - KANAFLEX CORRUGADO DN 178MM;M
Civil;200772986;4056672;SV - SMARTPHONE PARA RDO ELETRONICO;SV
Civil;200772986;4050434;"SV FURAÇÃO BROCA ATE 1/2"" ATÉ 1""";CM
Civil;200772986;4049957;SV CAMINHAO CARR MUNCK H PROD;H
Civil;200772986;4050883;SV DEM CONC ARMADO BAIXO REND 31 A 60;M3
Civil;200772986;4050604;SV AJUDANTE H PER RES;H
Civil;200772986;4050574;SV OP MAQ H PER RES;H
Civil;200490010;4050434;"SV FURAÇÃO BROCA ATE 1/2"" ATÉ 1""";CM
Civil;200772986;4050632;SV ARMADURA CA-50 D 1/2 CORTE DOBRA MONT;KG
Civil;200772986;4061934;MÁQUINA DE PROJEÇÃO, INCLUSIVE MANUTENÇÕ;MON
Civil;200772986;4050496;SV ENC H NOT RES;H
Civil;200772986;4056701;FORNECIMENTO E APLICAÇÃO DE REPAROS MINE;M2
Civil;200490010;4050632;SV ARMADURA CA-50 D 1/2 CORTE DOBRA MONT;KG
Civil;200772986;4050633;SV ARM CA-50 D 1/2 CORTE DOBRA MONT F. G;KG
Civil;200490010;4050633;SV ARM CA-50 D 1/2 CORTE DOBRA MONT F. G;KG
Civil;200772986;4050834;SV TINTA POLIURETANO;M2
Civil;200772986;4060045;FORNECIMENTO DE JUNTA JEENE JJ2540 VV EP;M
Civil;200772986;4050454;SV TST H NOT RES;H
Civil;200772986;4050635;SV ARGAMASSA ALTA RESIST;KG
Civil;200490010;4050635;SV ARGAMASSA ALTA RESIST;KG
Civil;200490010;4050636;SV ARGAMASSA POLIMERICA;KG
Civil;200772986;4050636;SV ARGAMASSA POLIMERICA;KG
Civil;200772986;4050517;SV ELETRICISTA H PER RES;H
Civil;200772986;4050637;SV PONTE DE ADERENCIA E PROT ANTICORRO;KG
Civil;200772986;4050821;SV TINTA EPÓXI HIDROSSOLÚVEL-PISO-2DEMAO;M2
Civil;200772986;4050638;SV PRIMER EPOXI;KG
Civil;200490010;4050638;SV PRIMER EPOXI;KG
Civil;200772986;4050639;SV ADESIVO ESTRUTURAL A BASE RESINA EPOX;KG
Civil;200772986;4050418;SV PAINEL 1530MM COM POSTE CHUMB 2000 MM;M
Civil;200490010;4050639;SV ADESIVO ESTRUTURAL A BASE RESINA EPOX;KG
Civil;200772986;4050846;SV TRATAMENTO DE SUP- St 2 ANTIFAISCANTE;M2
Civil;200772986;4050415;SV PAINEL 2030MM COM POSTE 2080 MM;M
Civil;200772986;4050680;SV COMPRESSOR 250 PCM H IMPROD;H
Civil;200490010;4050680;SV COMPRESSOR 250 PCM H IMPROD;H
Civil;200772986;4050473;SV TEC PLAN HE NOT;H
Civil;200772986;4050568;SV OP MAQ H NOT RES;H
Civil;200772986;4050598;SV AJUDANTE H NOT RES;H
Civil;200772986;4050444;SV ENGENHEIRO PER RES;H
Civil;200772986;4049954;SV CAMINHÃO BASCULA H PROD;H
Civil;200772986;4056605;PINGADEIRA TIPO PERFIL DE BORRACHA EXTRU;M
Civil;200772986;4050681;SV GERADOR 10kVA - HORA PRODUTIVA;H
Civil;200490010;4050681;SV GERADOR 10kVA - HORA PRODUTIVA;H
Civil;200772986;4050683;SV BOMBA SUBMERSIVEL H PRODUTIVA;H
Civil;200490010;4050683;SV BOMBA SUBMERSIVEL H PRODUTIVA;H
Civil;200772986;4050684;SV BOMBA SUBMERSIVEL H IMPRODUTIVA;H
Civil;200772986;4050028;SV MARTELETEIRO H NOT RES;H
Civil;200490010;4050684;SV BOMBA SUBMERSIVEL H IMPRODUTIVA;H
Civil;200490010;4050685;SV SERRA CLIPER H PRODUTIVA;H
Civil;200772986;4050685;SV SERRA CLIPER H PRODUTIVA;H
Civil;200772986;4050689;SV TELA SOLDADA P EST CONCRETO;KG
Civil;200490010;4050689;SV TELA SOLDADA P EST CONCRETO;KG
Civil;200772986;4050922;SV APLICAÇÃO DE GRAUTE ENC NICHOS;M3
Civil;200772986;4050728;SV RETIRADA DE ESQUADRIAS MADEIRA;M2
Civil;200772986;4050690;SV ARMADURA CA-50 D 1/2;KG
Civil;200490010;4050690;SV ARMADURA CA-50 D 1/2;KG
Civil;200772986;4050701;SV GRADE DE FERRO PARA CANALETA;KG
Civil;200490010;4050701;SV GRADE DE FERRO PARA CANALETA;KG
Civil;200772986;4050702;SV TAMPA EM CHAPA MET P CANALETA;KG
Civil;200772986;4050945;SV RET APARELHOS SANITARIOS;ST
Civil;200490010;4050702;SV TAMPA EM CHAPA MET P CANALETA;KG
Civil;200772986;4050704;SV TELA POLIESTER ESTRUTURANTE;KG
Civil;200490010;4050704;SV TELA POLIESTER ESTRUTURANTE;KG
Civil;200772986;4050705;SV ARGAMASSA POLIMERICA SEMIFLEXIVEL IMP;KG
Civil;200772986;4050455;SV TST H NOT DISP;H
Civil;200772986;4050614;SV ALMOXARIFE H NOT RES;H
Civil;200490010;4050705;SV ARGAMASSA POLIMERICA SEMIFLEXIVEL IMP;KG
Civil;200772986;4050708;SV ADESIVO ESTRUTURAL BASE EPOXIDICA;KG
Civil;200772986;4050828;SV PRIMER PARA ADERÊNCIA EM AÇO GALVANIZ;M2
Civil;200490010;4050708;SV ADESIVO ESTRUTURAL BASE EPOXIDICA;KG
Civil;200772986;4050709;SV - FORNEC  MONTAGEM DE INSERTS METÁLIC;KG
Civil;200772986;4050315;"SV -RASGO EM PAREDE TUB DE 1"" ATÉ 2 1/2""";M
Civil;200490010;4050709;SV - FORNEC  MONTAGEM DE INSERTS METÁLIC;KG
Civil;200772986;4050710;SV PLACA DE BASE;KG
Civil;200772986;4050471;SV TEC PLAN H NOT RES;H
Civil;200490010;4050710;SV PLACA DE BASE;KG
Civil;200772986;4050711;SV CHUMBADORES TIPO PARABOLT;KG
Civil;200490010;4050711;SV CHUMBADORES TIPO PARABOLT;KG
Civil;200490010;4050713;SV PRIMER ENTRE SUBSTRATO E SIST IMP;L
Civil;200772986;4050713;SV PRIMER ENTRE SUBSTRATO E SIST IMP;L
Civil;200772986;4050714;SV TAPUME DE MADEIRITE 12,5MM;M2
Civil;200772986;4056704;CONTROLE TECNOLÓGICO DE CONCRETO REFRATÁ;SV
Civil;200490010;4050714;SV TAPUME DE MADEIRITE 12,5MM;M2
Civil;200772986;4050721;SV DEM COBERTURA C TELHAS ONDULADAS;M2
Civil;200490010;4050721;SV DEM COBERTURA C TELHAS ONDULADAS;M2
Civil;200772986;4050722;SV DEM COBERTURA C TELHAS METALICAS;M2
Civil;200490010;4050722;SV DEM COBERTURA C TELHAS METALICAS;M2
Civil;200772986;4050723;SV DEM PISO CIMENTADO;M2
Civil;200490010;4050723;SV DEM PISO CIMENTADO;M2
Civil;200772986;4050725;SV DEM REVESTIMENTO COM ARGAMASSA;M2
Civil;200772986;4051378;SV MOB DESMOB TEC PLANEJAMENTO;SV
Civil;200490010;4050725;SV DEM REVESTIMENTO COM ARGAMASSA;M2
Civil;200772986;4050726;SV DEM REVESTIMENTO COM AZULEIJOS;M2
Civil;200490010;4050726;SV DEM REVESTIMENTO COM AZULEIJOS;M2
Civil;200772986;4050314;"SV -RASGO EM PAREDE TUBULAÇÃO ATÉ 1""";M
Civil;200772986;4050513;SV ELETRICISTA HE NOT;H
Civil;200772986;4050780;SV PEITORIL DE GRANITO ESP 20MM;M2
Civil;200772986;4050731;SV APICOAMENTE DE CONCRETO MANUAL;M2
Civil;200772986;4051213;TUBO DE LIGAÇÃO COM ANEL PARA BACIA CROM;ST
Civil;200772986;4050428;SV REMOÇÃO E REINSTALAÇÃO DE RUFOS METÁL;M
Civil;200490010;4050731;SV APICOAMENTE DE CONCRETO MANUAL;M2
Civil;200772986;4050626;SV PINTOR HE CHEIA;H
Civil;200772986;4050734;SV APICOAMENTO CONC E LAVAGEM ALTA PRESS;M2
Civil;200772986;4050526;SV SOLDADOR H NOT RES;H
Civil;200772986;4050848;SV TRATAMENTO DE SUP- St 3 ANTIFAISCANTE;M2
Civil;200490010;4050734;SV APICOAMENTO CONC E LAVAGEM ALTA PRESS;M2
Civil;200772986;4050740;SV GEOMEMBRANA DE PVC;M2
Civil;200772986;4061105;SV - LEITOR NFC PARA RDO ELETRONICO;SV
Civil;200490010;4050740;SV GEOMEMBRANA DE PVC;M2
Civil;200772986;4050742;SV FÔRMA DE TABUAS DE PINHO;M2
Civil;200490010;4050742;SV FÔRMA DE TABUAS DE PINHO;M2
Civil;200772986;4050743;SV FÔRMA PERDIDA CHAPA COMP 12MM;M2
Civil;200490010;4050743;SV FÔRMA PERDIDA CHAPA COMP 12MM;M2
Civil;200772986;4050744;SV FÔRMA C CHAPA COMP 12MM;M2
Civil;200772986;4056703;CONT.TEC. DE CONCRETO (VERTIDO OU BOMBEA;SV
Civil;200490010;4050744;SV FÔRMA C CHAPA COMP 12MM;M2
Civil;200772986;4050745;SV FÔRMA COMP RESINADO 15MM;M2
Civil;200490010;4050745;SV FÔRMA COMP RESINADO 15MM;M2
Civil;200772986;4051212;SV LIGAÇÃO FLEX DE MALHA DE AÇO 40CM;ST
Civil;200772986;4056699;IINJEÇÃO DE RESINA POLIURETANO - PU ESTR;L
Civil;200772986;4050746;SV FÔRMA PERDIDA COMP RESINADO 15MM;M2
Civil;200772986;4050806;SV REMOÇÃO E REINSTALAÇÃO DE VIDRO;M2
Civil;200772986;4050544;SV MARTELETEIRO H PER RES;H
Civil;200772986;4050718;SV RETIRADA FORRO PVC S APROV.;M2
Civil;200772986;4050727;SV RETIRADA DE DIVISORIAS EM MADEIRA;M2
Civil;200772986;4051376;SV MOB DESMOB ENGENHEIRO;SV
Civil;200490010;4050746;SV FÔRMA PERDIDA COMP RESINADO 15MM;M2
Civil;200490010;4050747;SV FÔRMA COMP RESINADO 20MM;M2
Civil;200772986;4050747;SV FÔRMA COMP RESINADO 20MM;M2
Civil;200772986;4050748;SV FÔRMA COMP 20MM;M2
Civil;200490010;4050748;SV FÔRMA COMP 20MM;M2
Civil;200772986;4050749;SV ALVENARIA TIJOLO ESP 10 CM;M2
Civil;200490010;4050749;SV ALVENARIA TIJOLO ESP 10 CM;M2
Civil;200772986;4050439;SV ENGENHEIRO H NOT RES;H
Civil;200772986;4050817;SV MASSA CORRIDA ACRÍLICA - DUAS DEMÃOS;M2
Civil;200772986;4050750;SV ALVENARIA TIJOLO ESP 20 CM CONC 9MPA;M2
Civil;200772986;4050510;SV ELETRICISTA H NOT CHEIA;H
Civil;200490010;4050750;SV ALVENARIA TIJOLO ESP 20 CM CONC 9MPA;M2
Civil;200772986;4050751;SV ALVENARIA BLOCO CER ESP 10CM;M2
Civil;200490010;4050751;SV ALVENARIA BLOCO CER ESP 10CM;M2
Civil;200772986;4050752;SV ALVENARIA BLOCO CER ESP 15CM;M2
Civil;200772986;4051389;SV MOB DESMOB AUXILIAR ADMINISTRATIVO;SV
Civil;200490010;4050752;SV ALVENARIA BLOCO CER ESP 15CM;M2
Civil;200772986;4051196;SV VALVULA DE DESCARGA;ST
Civil;200772986;4050753;SV ALVENARIA BLOCO CER ESP 20CM;M2
Civil;200490010;4050753;SV ALVENARIA BLOCO CER ESP 20CM;M2
Civil;200772986;4050421;SV PAINEL 1,03 / 1,53 / 2,03 / 2,43 M;M
Civil;200772986;4050754;SV ALVENARIA BLOCO CONCRETO ESP 10 CM;M2
Civil;200490010;4050754;SV ALVENARIA BLOCO CONCRETO ESP 10 CM;M2
Civil;200772986;4050755;SV ALVENARIA BLOCO CONCRETO ESP 15 CM;M2
Civil;200490010;4050755;SV ALVENARIA BLOCO CONCRETO ESP 15 CM;M2
Civil;200772986;4050756;SV ALVENARIA BLOCO CONCRETO ESP 20 CM;M2
Civil;200772986;4051207;SV VALVULA DE ESCOAMENTO P LAVATORIO;ST
Civil;200490010;4050756;SV ALVENARIA BLOCO CONCRETO ESP 20 CM;M2
Civil;200772986;4051380;SV MOB DESMOB ELETRICISTA;SV
Civil;200772986;4050716;SV RETIRADA FORRA DE MADEIRA S APROV.;M2
Civil;200772986;4050757;SV ALVENARIA BLOCO CONC APAREN ESP 10 CM;M2
Civil;200490010;4050757;SV ALVENARIA BLOCO CONC APAREN ESP 10 CM;M2
Civil;200772986;4050758;SV ALVENARIA BLOCO CONC APAREN ESP 15 CM;M2
Civil;200490010;4050758;SV ALVENARIA BLOCO CONC APAREN ESP 15 CM;M2
Civil;200772986;4050759;SV ALVENARIA BLOCO CONC APAREN ESP 20 CM;M2
Civil;200490010;4050759;SV ALVENARIA BLOCO CONC APAREN ESP 20 CM;M2
Civil;200772986;4050761;SV ALVENARIA BLOCOS CONC ESP 15CM 9MPA;M2
Civil;200490010;4050761;SV ALVENARIA BLOCOS CONC ESP 15CM 9MPA;M2
Civil;200772986;4050762;SV ALVENARIA BLOCOS CCA 60x30x10 cm;M2
Civil;200490010;4050762;SV ALVENARIA BLOCOS CCA 60x30x10 cm;M2
Civil;200772986;4050763;SV ALVENARIA BLOCOS CCA 60x30x15 cm;M2
Civil;200490010;4050763;SV ALVENARIA BLOCOS CCA 60x30x15 cm;M2
Civil;200772986;4050764;SV ALVENARIA BLOCOS CCA 60x30x20 cm;M2
Civil;200772986;4051387;SV MOB DESMOB ALMOXARIFE;SV
Civil;200772986;4051382;SV MOB DESMOB MARTELETEIRO;SV
Civil;200490010;4050764;SV ALVENARIA BLOCOS CCA 60x30x20 cm;M2
Civil;200772986;4050765;SV ALVENARIA BLOCOS CCA 30x25x10 cm;M2
Civil;200490010;4050765;SV ALVENARIA BLOCOS CCA 30x25x10 cm;M2
Civil;200772986;4050766;SV ALVENARIA BLOCOS CCA CCA 30x25x15 cm;M2
Civil;200772986;4050511;SV ELETRICISTA H NOT RES;H
Civil;200490010;4050766;SV ALVENARIA BLOCOS CCA CCA 30x25x15 cm;M2
Civil;200772986;4050767;SV Alvenaria Blocos CCA 30x25x20 cm;M2
Civil;200490010;4050767;SV Alvenaria Blocos CCA 30x25x20 cm;M2
Civil;200772986;4050768;SV PISO CERAMICA 45X45 CM;M2
Civil;200490010;4050768;SV PISO CERAMICA 45X45 CM;M2
Civil;200772986;4050770;SV EMBOÇO;M2
Civil;200490010;4050770;SV EMBOÇO;M2
Civil;200772986;4050771;SV REBOCO;M2
Civil;200490010;4050771;SV REBOCO;M2
Civil;200772986;4050772;SV AZULEJOS 32 X 44,5  cm;M2
Civil;200490010;4050772;SV AZULEJOS 32 X 44,5  cm;M2
Civil;200772986;4050773;SV CONTRAPISO ESP 3CM;M2
Civil;200490010;4050773;SV CONTRAPISO ESP 3CM;M2
Civil;200772986;4050774;SV PISO CONCRETO ESP 7 CM;M2
Civil;200490010;4050774;SV PISO CONCRETO ESP 7 CM;M2
Civil;200772986;4050775;SV PISO CIMENTADO CONC ESP 3CM;M2
Civil;200772986;4050617;SV ALMOXARIFE HE NOT RES;H
Civil;200490010;4050775;SV PISO CIMENTADO CONC ESP 3CM;M2
Civil;200772986;4050541;SV MARTELETEIRO HE NOT RES;H
Civil;200772986;4050776;SV PISO PAVIFLEX ESP 2MM;M2
Civil;200490010;4050776;SV PISO PAVIFLEX ESP 2MM;M2
Civil;200772986;4050777;SV SOLEIRA DE GRANITO CINZA ANDORINHA;M2
Civil;200490010;4050777;SV SOLEIRA DE GRANITO CINZA ANDORINHA;M2
Civil;200772986;4050778;SV CERÂMICA GAIL CINZA CLARO, 240X116X14;M2
Civil;200490010;4050778;SV CERÂMICA GAIL CINZA CLARO, 240X116X14;M2
Civil;200772986;4050779;SV CERÂMICA GAIL CINZA CLARO, 240X116X17;M2
Civil;200490010;4050779;SV CERÂMICA GAIL CINZA CLARO, 240X116X17;M2
Civil;200772986;4050781;SV PISO CERAMICO 30X30;M2
Civil;200772986;4050823;VERNIZ BASE DE ÁGUA - 3 DEMÃOS;M2
Civil;200490010;4050781;SV PISO CERAMICO 30X30;M2
Civil;200772986;4050782;SV DIVISORIA DE GRANITO ESP 2CM;M2
Civil;200490010;4050782;SV DIVISORIA DE GRANITO ESP 2CM;M2
Civil;200772986;4050784;SV JANELA AÇO DE CORRER;M2
Civil;200490010;4050784;SV JANELA AÇO DE CORRER;M2
Civil;200772986;4050785;SV JANELA METALON 20X30 COM VIDRO DE 4mm;M2
Civil;200490010;4050785;SV JANELA METALON 20X30 COM VIDRO DE 4mm;M2
Civil;200490010;4050786;SV JANELAS DE CORRER ALUMÍNIO PERFIL RET;M2
Civil;200772986;4050735;SV DEM PISO PAVIFLEX;M2
Civil;200772986;4050786;SV JANELAS DE CORRER ALUMÍNIO PERFIL RET;M2
Civil;200772986;4050787;SV JANELAS CANTONEIRA ABAS IGUAIS;M2
Civil;200490010;4050787;SV JANELAS CANTONEIRA ABAS IGUAIS;M2
Civil;200772986;4050499;SV ENC HE NOT RES;H
Civil;200772986;4050788;SV PORTA EM CANTONEIRA DE ABAS IGUAIS;M2
Civil;200490010;4050788;SV PORTA EM CANTONEIRA DE ABAS IGUAIS;M2
Civil;200772986;4050339;TUBO CERÂMICO PONTA E BOLSA 300 MM;M
Civil;200772986;4050789;SV PORTA DE AÇO DE ABRIR QUADRICULADA;M2
Civil;200490010;4050789;SV PORTA DE AÇO DE ABRIR QUADRICULADA;M2
Civil;200772986;4050790;SV PORTA EM METALON 20X30 COM CHAPA DOBR;M2
Civil;200490010;4050790;SV PORTA EM METALON 20X30 COM CHAPA DOBR;M2
Civil;200490010;4050791;SV PORTA EM ALUMÍNIO VENEZIANA;M2
Civil;200772986;4050791;SV PORTA EM ALUMÍNIO VENEZIANA;M2
Civil;200772986;4050793;"SV PORTÃO DE TUBO 2""";M2
Civil;200490010;4050793;"SV PORTÃO DE TUBO 2""";M2
Civil;200772986;4050794;SV PORTA EM METALON 80 X 40 mm;M2
Civil;200490010;4050794;SV PORTA EM METALON 80 X 40 mm;M2
Civil;200772986;4050795;SV VIDRO LISO 3 MILÍMETROS;M2
Civil;200490010;4050795;SV VIDRO LISO 3 MILÍMETROS;M2
Civil;200772986;4050797;SV VIDRO LISO 4 MILÍMETROS;M2
Civil;200490010;4050797;SV VIDRO LISO 4 MILÍMETROS;M2
Civil;200772986;4050798;SV VIDRO LAMINADO 6 MILÍMETROS;M2
Civil;200490010;4050798;SV VIDRO LAMINADO 6 MILÍMETROS;M2
Civil;200772986;4050799;SV VIDRO LAMINADO 8 MILÍMETROS;M2
Civil;200490010;4050799;SV VIDRO LAMINADO 8 MILÍMETROS;M2
Civil;200772986;4050800;SV VIDRO LAMINADO 10 MILÍMETROS;M2
Civil;200490010;4050800;SV VIDRO LAMINADO 10 MILÍMETROS;M2
Civil;200772986;4050801;SV ACRÍLICO LISO TRANSPARENTE 2mm;M2
Civil;200490010;4050801;SV ACRÍLICO LISO TRANSPARENTE 2mm;M2
Civil;200772986;4050802;SV VIDRO LISO 6 MILÍMETROS;M2
Civil;200772986;4050594;SV AJUDANTE HE RES;H
Civil;200490010;4050802;SV VIDRO LISO 6 MILÍMETROS;M2
Civil;200772986;4050803;SV VIDRO TEMPERADO 6 MILÍMETROS;M2
Civil;200490010;4050803;SV VIDRO TEMPERADO 6 MILÍMETROS;M2
Civil;200772986;4050804;SV VIDRO TEMPERADO 8 MILÍMETROS;M2
Civil;200490010;4050804;SV VIDRO TEMPERADO 8 MILÍMETROS;M2
Civil;200772986;4050805;SV VIDRO DE PONTE ROLANTE ACIMA DE 2 m²;M2
Civil;200490010;4050805;SV VIDRO DE PONTE ROLANTE ACIMA DE 2 m²;M2
Civil;200772986;4050807;SV ESPELHO PARA BANHEIRO 40 X 60 6MM;M2
Civil;200490010;4050807;SV ESPELHO PARA BANHEIRO 40 X 60 6MM;M2
Civil;200772986;4050808;SV ESPELHO PARA BANHEIRO 40 X 60 4MM;M2
Civil;200490010;4050808;SV ESPELHO PARA BANHEIRO 40 X 60 4MM;M2
Civil;200772986;4050809;SV VIDRO TEMPERADO 10 MILÍMETROS;M2
Civil;200490010;4050809;SV VIDRO TEMPERADO 10 MILÍMETROS;M2
Civil;200772986;4050810;SV SELADOR ACRÍLICO 1 DEMÃO - PAREDE;M2
Civil;200490010;4050810;SV SELADOR ACRÍLICO 1 DEMÃO - PAREDE;M2
Civil;200772986;4050811;SV FUNDO PREPARADOR 1 DEMÃO - PAREDE;M2
Civil;200490010;4050811;SV FUNDO PREPARADOR 1 DEMÃO - PAREDE;M2
Civil;200772986;4050812;SV TINTA ACRILÍCA SEM EMASSAMENTO 1DEMÃO;M2
Civil;200490010;4050812;SV TINTA ACRILÍCA SEM EMASSAMENTO 1DEMÃO;M2
Civil;200772986;4050814;SV TINTA PVA SEM EMASSAMENTO - 1 DEMÃO;M2
Civil;200490010;4050814;SV TINTA PVA SEM EMASSAMENTO - 1 DEMÃO;M2
Civil;200772986;4050715;SV RETIRADA FORRA DE MADEIRA C APROV.;M2
Civil;200772986;4050717;SV RETIRADA FORRO PVC C APROV.;M2
Civil;200772986;4050719;SV RETIRADA FORRO LUXALON C APROV.;M2
Civil;200772986;4050720;SV RETIRADA FORRO LUXALON S APROV.;M2
Civil;200772986;4050871;SV DEMOLIÇÃO ALVENARIA C APROV;M3
Civil;200772986;4050879;SV DEMOLIÇÃO CONC ARMADO ACIMA 15M3;M3
Civil;200772986;4050816;SV MASSA CORRIDA PVA- DUAS DEMÃOS PAREDE;M2
Civil;200490010;4050816;SV MASSA CORRIDA PVA- DUAS DEMÃOS PAREDE;M2
Civil;200772986;4050730;SV RETIRADA DE VIDROS C APROV;M2
Civil;200772986;4050733;SV DEM PISO REVESTIDO COM TACO COMUM;M2
Civil;200772986;4050736;SV RETIRADA CARPETE S APROV;M2
Civil;200772986;4050892;SV ESCAVAÇÃO MEC CAMPO ABERTO 1ª MAT;M3
Civil;200772986;4050225;SV - TUBO DE CONCRETO SIMPLES PS1;M
Civil;200772986;4050226;SV - TUBO DE CONCRETO SIMPLES PS2;M
Civil;200772986;4050820;SV TINTA ACRÍLICA - PISO - 2 DEMÃOS;M2
Civil;200490010;4050820;SV TINTA ACRÍLICA - PISO - 2 DEMÃOS;M2
Civil;200490010;4050826;SV ARGAMASSA ACIII PARA REPARO EM PAREDE;M2
Civil;200772986;4050826;SV ARGAMASSA ACIII PARA REPARO EM PAREDE;M2
Civil;200772986;4050901;SV ANDAIME FACHADEIRO TUBULAR;M3
Civil;200772986;4050830;SV TINTA EPÓXI FENÓLICO;M2
Civil;200490010;4050830;SV TINTA EPÓXI FENÓLICO;M2
Civil;200772986;4050831;SV PRIMER ÓXIDO DE FERRO;M2
Civil;200772986;4050924;SV PROJEÇÃO DE MICRO CONC ESPECIAL;M3
Civil;200490010;4050831;SV PRIMER ÓXIDO DE FERRO;M2
Civil;200772986;4050854;SV PISO CIMENTADO CONCRETO ESP 3CM;M2
Civil;200490010;4050854;SV PISO CIMENTADO CONCRETO ESP 3CM;M2
Civil;200772986;4050855;SV BANCADA GRANITO CINZA ESP 3CM;M2
Civil;200490010;4050855;SV BANCADA GRANITO CINZA ESP 3CM;M2
Civil;200772986;4050856;"SV ALAMBRADO TELA MALHA 2"" FIO 12";M2
Civil;200490010;4050856;"SV ALAMBRADO TELA MALHA 2"" FIO 12";M2
Civil;200772986;4050857;SV PORTÃO PIV GRADIL 2 FOLHAS AB MANUAL;M2
Civil;200490010;4050857;SV PORTÃO PIV GRADIL 2 FOLHAS AB MANUAL;M2
Civil;200772986;4050858;SV PORTÃO PIV GRADIL 1 FOLHA AB MANUAL;M2
Civil;200490010;4050858;SV PORTÃO PIV GRADIL 1 FOLHA AB MANUAL;M2
Civil;200772986;4050859;SV PORTÃO CORRER GRADIL 1FOLHA AB MANUAL;M2
Civil;200490010;4050859;SV PORTÃO CORRER GRADIL 1FOLHA AB MANUAL;M2
Civil;200772986;4050860;SV PORTÃO GIRO GRADIL 2FOLHA AB MANUAL;M2
Civil;200490010;4050860;SV PORTÃO GIRO GRADIL 2FOLHA AB MANUAL;M2
Civil;200772986;4050861;SV PORTÃO GIRO GRADIL 3FOLHA AB MANUAL;M2
Civil;200490010;4050861;SV PORTÃO GIRO GRADIL 3FOLHA AB MANUAL;M2
Civil;200772986;4050318;SV GUARDA CORPO EM TUBO DE AÇO INOXIDÁVE;M
Civil;200772986;4050862;SV TELHA FIBROCIMENTO 4 MM;M2
Civil;200490010;4050862;SV TELHA FIBROCIMENTO 4 MM;M2
Civil;200772986;4050863;SV REM E REINST TELHAS METÁLICAS LEVES;M2
Civil;200490010;4050863;SV REM E REINST TELHAS METÁLICAS LEVES;M2
Civil;200772986;4050865;SV TELHA CERAMICA;M2
Civil;200490010;4050865;SV TELHA CERAMICA;M2
Civil;200772986;4050866;SV TELHA GALVANIZADA 0,5MM;M2
Civil;200772986;4050796;SV LIMPEZA VIDRO DE PONTE ROLANTE CABINE;M2
Civil;200490010;4050866;SV TELHA GALVANIZADA 0,5MM;M2
Civil;200772986;4050867;SV PLACA DE FORRO PVC LINEAR 100 x 6000;M2
Civil;200490010;4050867;SV PLACA DE FORRO PVC LINEAR 100 x 6000;M2
Civil;200772986;4050868;SV PLACA DE FORRO METÁLICO MODULAR S 125;M2
Civil;200490010;4050868;SV PLACA DE FORRO METÁLICO MODULAR S 125;M2
Civil;200772986;4050869;SV PLACA DE FORRO PVC LINEAR 200 x 6000;M2
Civil;200490010;4050869;SV PLACA DE FORRO PVC LINEAR 200 x 6000;M2
Civil;200772986;4050870;SV RUFO DE CHAPA GALVANIZADA 26;M2
Civil;200490010;4050870;SV RUFO DE CHAPA GALVANIZADA 26;M2
Civil;200772986;4050884;SV DEM CONC ARMADO BAIXO REND 61 A 100;M3
Civil;200772986;4050815;SV TINTA PVA SEM EMASSAMENTO - 2ª DEMÃO;M2
Civil;200772986;4050824;SV RESINA ACRÍLICA - BASE ÁGUA  -1 DEMÃO;M2
Civil;200772986;4050825;SV ARGAMASSA ACII PARA REPAROS EM PAREDE;M2
Civil;200490010;4050884;SV DEM CONC ARMADO BAIXO REND 61 A 100;M3
Civil;200772986;4050835;SV TINTA PARA ALTA TEMPERATURA SILICONE;M2
Civil;200772986;4050836;SV TINTA PARA ALTA TEMPERATURA 200 GRAUS;M2
Civil;200772986;4050841;SV TINTA ÓLEO ESQUADRIAS - 2 DEMÃOS;M2
Civil;200772986;4050842;SV VERNIZ ESQUADRIAS - 2 DEMÃOS;M2
Civil;200772986;4050843;SV TRATAMENTO DE SUPERFÍCIES - JATO Sa 2;M2
Civil;200772986;4050844;SV TRATAMENTO DE SUPERFÍCIES - JATO Sa 3;M2
Civil;200772986;4050849;SV TRAT DE SUP - LIMPEZA COM SOLVENTE;M2
Civil;200772986;4050850;SV IMPERMEABILIZAÇÃO BALDRAME;M2
Civil;200772986;4050904;SV LASTRO BRITA 3 E 4 APILOADO MANUAL;M3
Civil;200772986;4050851;SV IMPERMEABILIZAÇÃO MANTA 3MM;M2
Civil;200490010;4050904;SV LASTRO BRITA 3 E 4 APILOADO MANUAL;M3
Civil;200772986;4050907;SV CONCRETO 15MPA PRE MISTURADO USINADO;M3
Civil;200490010;4050907;SV CONCRETO 15MPA PRE MISTURADO USINADO;M3
Civil;200772986;4050908;SV CONCRETO 18MPA PRE MISTURADO USINADO;M3
Civil;200490010;4050908;SV CONCRETO 18MPA PRE MISTURADO USINADO;M3
Civil;200772986;4050909;SV CONCRETO 20MPA PRE MISTURADO USINADO;M3
Civil;200490010;4050909;SV CONCRETO 20MPA PRE MISTURADO USINADO;M3
Civil;200772986;4050910;SV CONC 25MPA PRE MISTURADO USINADO;M3
Civil;200490010;4050910;SV CONC 25MPA PRE MISTURADO USINADO;M3
Civil;200772986;4050911;SV CONCRETO 40MPA PRE MISTURADO USINADO;M3
Civil;200490010;4050911;SV CONCRETO 40MPA PRE MISTURADO USINADO;M3
Civil;200772986;4050912;SV CONCRETO 9MPA BETONEIRA;M3
Civil;200490010;4050912;SV CONCRETO 9MPA BETONEIRA;M3
Civil;200772986;4050963;"SV CRUZETA  - 1/2""";ST
Civil;200772986;4050964;"SV CRUZETA - 3/4""";ST
Civil;200772986;4050965;"SV CRUZETA - 1""";ST
Civil;200772986;4050913;SV CONCRETO 15MPA BETONEIRA;M3
Civil;200490010;4050913;SV CONCRETO 15MPA BETONEIRA;M3
Civil;200772986;4050914;SV CONCRETO 18MPA BETONEIRA;M3
Civil;200772986;4050969;"SV CRUZETA - 2.1/2""";ST
Civil;200772986;4050970;"SV CRUZETA - 3""";ST
Civil;200772986;4050971;"SV CRUZETA - 4""";ST
Civil;200490010;4050914;SV CONCRETO 18MPA BETONEIRA;M3
Civil;200772986;4050915;SV CONCRETO 20MPA BETONEIRA;M3
Civil;200490010;4050915;SV CONCRETO 20MPA BETONEIRA;M3
Civil;200772986;4050916;SV CONCRETO 25MPA BETONEIRA;M3
Civil;200490010;4050916;SV CONCRETO 25MPA BETONEIRA;M3
Civil;200772986;4050917;SV CONCRETO 30MPA BETONEIRA;M3
Civil;200490010;4050917;SV CONCRETO 30MPA BETONEIRA;M3
Civil;200772986;4050918;SV CONCRETO 40MPA BETONEIRA;M3
Civil;200490010;4050918;SV CONCRETO 40MPA BETONEIRA;M3
Civil;200772986;4050946;"SV CURVAS DE AÇO GALVANIZADO 1/2""";ST
Civil;200490010;4050946;"SV CURVAS DE AÇO GALVANIZADO 1/2""";ST
Civil;200772986;4050947;SV CURVAS DE AÇO GALVANIZADO 1.1/4;ST
Civil;200490010;4050947;SV CURVAS DE AÇO GALVANIZADO 1.1/4;ST
Civil;200772986;4050987;"SV ADAPTADOR CAIXA D'AGUA 2 1/2""";ST
Civil;200772986;4050948;"SV CURVAS DE AÇO GALVANIZADO 1.1/2""";ST
Civil;200490010;4050948;"SV CURVAS DE AÇO GALVANIZADO 1.1/2""";ST
Civil;200772986;4050949;"SV CURVAS DE AÇO GALVANIZADO 2""";ST
Civil;200490010;4050949;"SV CURVAS DE AÇO GALVANIZADO 2""";ST
Civil;200772986;4050950;"SV CURVAS DE AÇO GALVANIZADO 2.1/2""";ST
Civil;200490010;4050950;"SV CURVAS DE AÇO GALVANIZADO 2.1/2""";ST
Civil;200772986;4050951;"SV CURVAS DE AÇO GALVANIZADO 3""";ST
Civil;200490010;4050951;"SV CURVAS DE AÇO GALVANIZADO 3""";ST
Civil;200772986;4050952;"SV CURVAS DE AÇO GALVANIZADO 4""";ST
Civil;200490010;4050952;"SV CURVAS DE AÇO GALVANIZADO 4""";ST
Civil;200772986;4050953;"SV TÊ - 1/2""";ST
Civil;200490010;4050953;"SV TÊ - 1/2""";ST
Civil;200772986;4050955;"SV TÊ - 3/4""";ST
Civil;200490010;4050955;"SV TÊ - 3/4""";ST
Civil;200772986;4050956;"SV TÊ - 1""";ST
Civil;200490010;4050956;"SV TÊ - 1""";ST
Civil;200772986;4050957;"SV TÊ - 1.1/4""";ST
Civil;200490010;4050957;"SV TÊ - 1.1/4""";ST
Civil;200772986;4050958;"SV TÊ - 1.1/2""";ST
Civil;200490010;4050958;"SV TÊ - 1.1/2""";ST
Civil;200772986;4050959;"SV TÊ - 2""";ST
Civil;200490010;4050959;"SV TÊ - 2""";ST
Civil;200772986;4050960;"SV TÊ - 2.1/2""";ST
Civil;200490010;4050960;"SV TÊ - 2.1/2""";ST
Civil;200772986;4050961;"SV TÊ - 3""";ST
Civil;200490010;4050961;"SV TÊ - 3""";ST
Civil;200772986;4050962;"SV TÊ - 4""";ST
Civil;200490010;4050962;"SV TÊ - 4""";ST
Civil;200772986;4050966;"SV CRUZETA - 1.1/4""";ST
Civil;200772986;4051082;SV CRUZETA SOLDAVEL 20MM;ST
Civil;200772986;4051083;SV CRUZETA SOLDAVEL 50MM;ST
Civil;200490010;4050966;"SV CRUZETA - 1.1/4""";ST
Civil;200772986;4050967;"SV CRUZETA - 1.1/2""";ST
Civil;200490010;4050967;"SV CRUZETA - 1.1/2""";ST
Civil;200772986;4050968;"SV CRUZETA - 2""";ST
Civil;200490010;4050968;"SV CRUZETA - 2""";ST
Civil;200772986;4050972;SV LUVA,BUCHA,NIPLES,TAMPÕE E BUJÕE 1/2;ST
Civil;200490010;4050972;SV LUVA,BUCHA,NIPLES,TAMPÕE E BUJÕE 1/2;ST
Civil;200772986;4050973;SV LUVA,BUCHA,NIPLES,TAMPÕE E BUJÕE 3/4;ST
Civil;200490010;4050973;SV LUVA,BUCHA,NIPLES,TAMPÕE E BUJÕE 3/4;ST
Civil;200772986;4050974;"SV LUVA,BUCHA,NIPLES,TAMPÕE E BUJÕE 1""";ST
Civil;200490010;4050974;"SV LUVA,BUCHA,NIPLES,TAMPÕE E BUJÕE 1""";ST
Civil;200772986;4050975;"SV LUVA,BUCHA,NIPLES,TAMPÕE BUJÕE 1.1/4""";ST
Civil;200490010;4050975;"SV LUVA,BUCHA,NIPLES,TAMPÕE BUJÕE 1.1/4""";ST
Civil;200772986;4050976;"SV LUVA,BUCHA,NIPLES,TAMPÕE BUJÕE 1.1/2""";ST
Civil;200490010;4050976;"SV LUVA,BUCHA,NIPLES,TAMPÕE BUJÕE 1.1/2""";ST
Civil;200772986;4050977;"SV LUVA,BUCHA,NIPLES,TAMPÕE BUJÕE 2""";ST
Civil;200490010;4050977;"SV LUVA,BUCHA,NIPLES,TAMPÕE BUJÕE 2""";ST
Civil;200772986;4050978;"SV LUVA,BUCHA,NIPLES,TAMPÕE BUJÕE 2.1/2""";ST
Civil;200490010;4050978;"SV LUVA,BUCHA,NIPLES,TAMPÕE BUJÕE 2.1/2""";ST
Civil;200772986;4050979;"SV LUVA,BUCHA,NIPLES,TAMPÕE BUJÕE 3""";ST
Civil;200490010;4050979;"SV LUVA,BUCHA,NIPLES,TAMPÕE BUJÕE 3""";ST
Civil;200772986;4050980;"SV LUVA,BUCHA,NIPLES,TAMPÕE BUJÕE 4""";ST
Civil;200490010;4050980;"SV LUVA,BUCHA,NIPLES,TAMPÕE BUJÕE 4""";ST
Civil;200772986;4050981;"SV ADAPTADOR CAIXA D'AGUA DE CONCRETO 2""";ST
Civil;200490010;4050981;"SV ADAPTADOR CAIXA D'AGUA DE CONCRETO 2""";ST
Civil;200772986;4050982;"SV CURVAS 3/4""";ST
Civil;200490010;4050982;"SV CURVAS 3/4""";ST
Civil;200772986;4050983;"SV ADAPTADOR CAIXA D'AGUA 2.1/2""";ST
Civil;200490010;4050983;"SV ADAPTADOR CAIXA D'AGUA 2.1/2""";ST
Civil;200772986;4051144;SV CRUZETA SANITÁRIA 100 MM;ST
Civil;200772986;4050984;"SV ADAPTADOR CAIXA D'AGUA 3""";ST
Civil;200490010;4050984;"SV ADAPTADOR CAIXA D'AGUA 3""";ST
Civil;200772986;4050985;"SV ADAPTADOR CAIXA D'AGUA 4""";ST
Civil;200490010;4050985;"SV ADAPTADOR CAIXA D'AGUA 4""";ST
Civil;200772986;4050986;"SV ADAPTADOR CAIXA D'AGUA 2""";ST
Civil;200490010;4050986;"SV ADAPTADOR CAIXA D'AGUA 2""";ST
Civil;200772986;4050988;"SV ADAPTADOR CAIXA D'AGUA 3""";ST
Civil;200490010;4050988;"SV ADAPTADOR CAIXA D'AGUA 3""";ST
Civil;200772986;4050989;"SV ADAPTADOR CAIXA D'AGUA 4""";ST
Civil;200490010;4050989;"SV ADAPTADOR CAIXA D'AGUA 4""";ST
Civil;200772986;4050990;"SV UNIÃO - 1/2""";ST
Civil;200490010;4050990;"SV UNIÃO - 1/2""";ST
Civil;200772986;4050991;"SV UNIÃO - 3/4""";ST
Civil;200490010;4050991;"SV UNIÃO - 3/4""";ST
Civil;200772986;4050992;"SV UNIÃO - 1""";ST
Civil;200490010;4050992;"SV UNIÃO - 1""";ST
Civil;200772986;4050993;"SV UNIÃO - 1.1/4""";ST
Civil;200490010;4050993;"SV UNIÃO - 1.1/4""";ST
Civil;200772986;4050337;SV TUBO CERÂMICO PONTA E BOLSA 200 MM;M
Civil;200772986;4050338;SV TUBO CERÂMICO PONTA E BOLSA 250 MM;M
Civil;200772986;4050994;"SV UNIÃO - 1.1/2""";ST
Civil;200490010;4050994;"SV UNIÃO - 1.1/2""";ST
Civil;200772986;4050995;"SV UNIÃO - 2""";ST
Civil;200490010;4050995;"SV UNIÃO - 2""";ST
Civil;200772986;4050996;"SV UNIÃO - 2.1/2""";ST
Civil;200490010;4050996;"SV UNIÃO - 2.1/2""";ST
Civil;200772986;4050997;"SV UNIÃO - 3""";ST
Civil;200490010;4050997;"SV UNIÃO - 3""";ST
Civil;200772986;4050998;"SV UNIÃO - 4""";ST
Civil;200490010;4050998;"SV UNIÃO - 4""";ST
Civil;200772986;4050999;"SV CURVAS 1""";ST
Civil;200490010;4050999;"SV CURVAS 1""";ST
Civil;200772986;4051000;"SV FLANGES PARA CAIXA D'AGUA 1/2""";ST
Civil;200490010;4051000;"SV FLANGES PARA CAIXA D'AGUA 1/2""";ST
Civil;200772986;4051001;"SV FLANGES PARA CAIXA D'AGUA 3/4""";ST
Civil;200772986;4051197;"SV REGISTRO DE GAVETA 1 1/2""";ST
Civil;200490010;4051001;"SV FLANGES PARA CAIXA D'AGUA 3/4""";ST
Civil;200772986;4051002;"SV FLANGES PARA CAIXA D'AGUA 1""";ST
Civil;200490010;4051002;"SV FLANGES PARA CAIXA D'AGUA 1""";ST
Civil;200772986;4051003;"SV CURVAS DE RETORNO E TRANSIÇÃO 1/2""";ST
Civil;200490010;4051003;"SV CURVAS DE RETORNO E TRANSIÇÃO 1/2""";ST
Civil;200772986;4051004;"SV CURVAS DE RETORNO E TRANSIÇÃO 3/4""";ST
Civil;200490010;4051004;"SV CURVAS DE RETORNO E TRANSIÇÃO 3/4""";ST
Civil;200772986;4051005;"SV CURVAS DE RETORNO E TRANSIÇÃO 1""";ST
Civil;200490010;4051005;"SV CURVAS DE RETORNO E TRANSIÇÃO 1""";ST
Civil;200772986;4051006;"SV CURVAS DE RETORNO E TRANSIÇÃO 1.1/4""";ST
Civil;200490010;4051006;"SV CURVAS DE RETORNO E TRANSIÇÃO 1.1/4""";ST
Civil;200772986;4051007;"SV CURVAS DE RETORNO E TRANSIÇÃO 1.1/2""";ST
Civil;200490010;4051007;"SV CURVAS DE RETORNO E TRANSIÇÃO 1.1/2""";ST
Civil;200772986;4051008;"SV CURVAS DE RETORNO E TRANSIÇÃO 2""";ST
Civil;200490010;4051008;"SV CURVAS DE RETORNO E TRANSIÇÃO 2""";ST
Civil;200772986;4051070;"SV COTOVELOS 3""";ST
Civil;200490010;4051070;"SV COTOVELOS 3""";ST
Civil;200772986;4051235;SV PAPELEIRA COM PROTETOR CROMADO;ST
Civil;200772986;4051071;"SV COTOVELOS 4""";ST
Civil;200490010;4051071;"SV COTOVELOS 4""";ST
Civil;200772986;4051072;SV ADAPTADOR SOLDAVEL 40MM;ST
Civil;200490010;4051072;SV ADAPTADOR SOLDAVEL 40MM;ST
Civil;200772986;4051073;SV ADAPTADOR SOLDAVEL 50MM;ST
Civil;200490010;4051073;SV ADAPTADOR SOLDAVEL 50MM;ST
Civil;200772986;4051074;SV ADAPTADOR SOLDAVEL 60MM;ST
Civil;200490010;4051074;SV ADAPTADOR SOLDAVEL 60MM;ST
Civil;200772986;4051075;SV BUCHA CURTA 20 MM;ST
Civil;200490010;4051075;SV BUCHA CURTA 20 MM;ST
Civil;200772986;4051076;SV BUCHA CURTA 25 MM;ST
Civil;200490010;4051076;SV BUCHA CURTA 25 MM;ST
Civil;200772986;4051077;SV BUCHA CURTA 32 MM;ST
Civil;200490010;4051077;SV BUCHA CURTA 32 MM;ST
Civil;200772986;4051078;SV BUCHA CURTA 40 MM;ST
Civil;200490010;4051078;SV BUCHA CURTA 40 MM;ST
Civil;200772986;4051079;SV BUCHA CURTA 50 MM;ST
Civil;200490010;4051079;SV BUCHA CURTA 50 MM;ST
Civil;200772986;4051080;SV BUCHA CURTA 60 MM;ST
Civil;200490010;4051080;SV BUCHA CURTA 60 MM;ST
Civil;200490010;4051081;"SV ADAPTADOR SOLDAVEL 25MMX3/4""";ST
Civil;200772986;4051081;"SV ADAPTADOR SOLDAVEL 25MMX3/4""";ST
Civil;200772986;4051084;SV CURVA E JOELHO SOLDÁVEL 20 MM;ST
Civil;200490010;4051084;SV CURVA E JOELHO SOLDÁVEL 20 MM;ST
Civil;200490010;4051085;SV CURVA E JOELHO SOLDÁVEL 25 MM;ST
Civil;200772986;4051085;SV CURVA E JOELHO SOLDÁVEL 25 MM;ST
Civil;200490010;4051086;SV CURVA E JOELHO SOLDÁVEL 32 MM;ST
Civil;200772986;4051086;SV CURVA E JOELHO SOLDÁVEL 32 MM;ST
Civil;200772986;4050340;SV PERFILADO LISO 38 X 19 mm;M
Civil;200772986;4051087;SV CURVA E JOELHO SOLDÁVEL 40 MM;ST
Civil;200490010;4051087;SV CURVA E JOELHO SOLDÁVEL 40 MM;ST
Civil;200772986;4051088;SV CURVA E JOELHO SOLDÁVEL 50 MM;ST
Civil;200490010;4051088;SV CURVA E JOELHO SOLDÁVEL 50 MM;ST
Civil;200490010;4051089;"SV ADAPTADOR SOLDAVEL 32MMX1""";ST
Civil;200772986;4051089;"SV ADAPTADOR SOLDAVEL 32MMX1""";ST
Civil;200772986;4051090;SV CURVA E JOELHO SOLDÁVEL 60 MM;ST
Civil;200772986;4051293;"SV CONDULETE 1 1/4"" SEM ROSCA";ST
Civil;200490010;4051090;SV CURVA E JOELHO SOLDÁVEL 60 MM;ST
Civil;200772986;4051091;SV TÊ SOLDÁVEL 20 MM;ST
Civil;200490010;4051091;SV TÊ SOLDÁVEL 20 MM;ST
Civil;200772986;4051092;SV TÊ SOLD 25 MM E TÊ REDUÇÃO SOLD 25MM;ST
Civil;200490010;4051092;SV TÊ SOLD 25 MM E TÊ REDUÇÃO SOLD 25MM;ST
Civil;200772986;4051093;SV TÊ SOLD 32 MM E TÊ REDUÇÃO SOLD 32MM;ST
Civil;200490010;4051093;SV TÊ SOLD 32 MM E TÊ REDUÇÃO SOLD 32MM;ST
Civil;200772986;4051094;SV TÊ SOLD 40 MM E TÊ REDUÇÃO SOLD 40MM;ST
Civil;200490010;4051094;SV TÊ SOLD 40 MM E TÊ REDUÇÃO SOLD 40MM;ST
Civil;200772986;4051095;SV TÊ SOLD 50 MM E TÊ REDUÇÃO SOLD 50MM;ST
Civil;200490010;4051095;SV TÊ SOLD 50 MM E TÊ REDUÇÃO SOLD 50MM;ST
Civil;200490010;4051096;SV TÊ SOLD 60 MM E TÊ REDUÇÃO SOLD 60MM;ST
Civil;200772986;4051096;SV TÊ SOLD 60 MM E TÊ REDUÇÃO SOLD 60MM;ST
Civil;200772986;4051097;SV UNIÃO SOLDÁVEL 20 MM;ST
Civil;200490010;4051097;SV UNIÃO SOLDÁVEL 20 MM;ST
Civil;200772986;4051098;SV UNIÃO SOLDÁVEL 25 MM;ST
Civil;200490010;4051098;SV UNIÃO SOLDÁVEL 25 MM;ST
Civil;200772986;4051099;SV UNIÃO SOLDÁVEL 32 MM;ST
Civil;200490010;4051099;SV UNIÃO SOLDÁVEL 32 MM;ST
Civil;200772986;4051100;"SV ADAPTADOR SOLD 40MMX1.1/4""";ST
Civil;200490010;4051100;"SV ADAPTADOR SOLD 40MMX1.1/4""";ST
Civil;200772986;4051101;SV UNIÃO SOLDÁVEL 40 MM;ST
Civil;200490010;4051101;SV UNIÃO SOLDÁVEL 40 MM;ST
Civil;200772986;4051102;SV UNIÃO SOLDÁVEL 50 MM;ST
Civil;200490010;4051102;SV UNIÃO SOLDÁVEL 50 MM;ST
Civil;200772986;4051103;SV UNIÃO SOLDÁVEL 60 MM;ST
Civil;200490010;4051103;SV UNIÃO SOLDÁVEL 60 MM;ST
Civil;200772986;4051104;"SV JOELHO 90° COM BUCHA LATAO 20MMX1/2""";ST
Civil;200490010;4051104;"SV JOELHO 90° COM BUCHA LATAO 20MMX1/2""";ST
Civil;200490010;4051105;SV JOELHO 90° COM BUCHA LATAO 25MM;ST
Civil;200772986;4051105;SV JOELHO 90° COM BUCHA LATAO 25MM;ST
Civil;200772986;4051106;SV JOELHO 90° COM BUCHA LATAO 32MM;ST
Civil;200490010;4051106;SV JOELHO 90° COM BUCHA LATAO 32MM;ST
Civil;200772986;4051107;SV LUVA SOLD C BUCHA LATAO 20MM;ST
Civil;200490010;4051107;SV LUVA SOLD C BUCHA LATAO 20MM;ST
Civil;200772986;4051108;SV LUVA SOLD C BUCHA LATAO 25MM;ST
Civil;200490010;4051108;SV LUVA SOLD C BUCHA LATAO 25MM;ST
Civil;200772986;4051109;SV LUVA SOLD C BUCHA LATAO 32MM;ST
Civil;200490010;4051109;SV LUVA SOLD C BUCHA LATAO 32MM;ST
Civil;200772986;4051110;"SV TE SOLD C BUCHA LATAO 20MMX1/2""";ST
Civil;200490010;4051110;"SV TE SOLD C BUCHA LATAO 20MMX1/2""";ST
Civil;200772986;4051111;SV TE SOLD C BUCHA LATAO 25MM;ST
Civil;200490010;4051111;SV TE SOLD C BUCHA LATAO 25MM;ST
Civil;200772986;4051112;SV TE SOLD C BUCHA LATAO 32MM;ST
Civil;200772986;4050363;SV ELETRODUTO GALV SEMI PESADO 1/2;M
Civil;200490010;4051112;SV TE SOLD C BUCHA LATAO 32MM;ST
Civil;200772986;4051113;"SV ADAPTADOR SOD C FLANGE 50MMX1.1/2""";ST
Civil;200490010;4051113;"SV ADAPTADOR SOD C FLANGE 50MMX1.1/2""";ST
Civil;200772986;4051114;"SV LUVA SOLD C ROSCA 20MMX1/2""";ST
Civil;200490010;4051114;"SV LUVA SOLD C ROSCA 20MMX1/2""";ST
Civil;200490010;4051115;SV LUVA SOLD C ROSCA 25MM;ST
Civil;200772986;4051115;SV LUVA SOLD C ROSCA 25MM;ST
Civil;200490010;4051116;SV LUVA SOLD C ROSCA 32MM;ST
Civil;200772986;4051116;SV LUVA SOLD C ROSCA 32MM;ST
Civil;200772986;4051117;SV LUVA SOLD C ROSCA 40MM;ST
Civil;200490010;4051117;SV LUVA SOLD C ROSCA 40MM;ST
Civil;200772986;4051118;SV LUVA SOLD C ROSCA 50MM;ST
Civil;200490010;4051118;SV LUVA SOLD C ROSCA 50MM;ST
Civil;200772986;4051119;"SV ADAPTADOR SOLD C FLANGE 60MMX2""";ST
Civil;200490010;4051119;"SV ADAPTADOR SOLD C FLANGE 60MMX2""";ST
Civil;200490010;4051120;SV LUVA DE REDUÇÃO SOLDÁVEL 25 X 20 MM;ST
Civil;200772986;4051120;SV LUVA DE REDUÇÃO SOLDÁVEL 25 X 20 MM;ST
Civil;200772986;4051121;SV LUVA DE REDUÇÃO SOLDÁVEL 32 X 25 MM;ST
Civil;200490010;4051121;SV LUVA DE REDUÇÃO SOLDÁVEL 32 X 25 MM;ST
Civil;200772986;4051122;SV LUVA DE REDUÇÃO SOLDÁVEL 40 X 32 MM;ST
Civil;200490010;4051122;SV LUVA DE REDUÇÃO SOLDÁVEL 40 X 32 MM;ST
Civil;200772986;4051123;SV LUVA DE REDUÇÃO SOLDÁVEL 50 X 25 MM;ST
Civil;200490010;4051123;SV LUVA DE REDUÇÃO SOLDÁVEL 50 X 25 MM;ST
Civil;200772986;4051330;SV LUVA PRESSAO ELETRODUTO REFORÇADO;ST
Civil;200772986;4051124;SV LUVA DE REDUÇÃO SOLDÁVEL 60 X 50 MM;ST
Civil;200490010;4051124;SV LUVA DE REDUÇÃO SOLDÁVEL 60 X 50 MM;ST
Civil;200772986;4051125;"SV JOELHO 90° SOLD C ROSCA 20MMX1/2""";ST
Civil;200490010;4051125;"SV JOELHO 90° SOLD C ROSCA 20MMX1/2""";ST
Civil;200772986;4051126;SV JOELHO 90° SOLD C ROSCA 25MM;ST
Civil;200490010;4051126;SV JOELHO 90° SOLD C ROSCA 25MM;ST
Civil;200772986;4051127;SV JOELHO 90° SOLD C ROSCA 32MM;ST
Civil;200490010;4051127;SV JOELHO 90° SOLD C ROSCA 32MM;ST
Civil;200772986;4051128;SV JOELHO RED 90° SOLD 25X20MM;ST
Civil;200490010;4051128;SV JOELHO RED 90° SOLD 25X20MM;ST
Civil;200772986;4051129;SV JOELHO RED 90° SOLD 32X25MM;ST
Civil;200490010;4051129;SV JOELHO RED 90° SOLD 32X25MM;ST
Civil;200772986;4051130;"SV TE SOLD C ROSCA 20MMX1/2""";ST
Civil;200490010;4051130;"SV TE SOLD C ROSCA 20MMX1/2""";ST
Civil;200772986;4051131;SV TE SOLD C ROSCA 25MM;ST
Civil;200490010;4051131;SV TE SOLD C ROSCA 25MM;ST
Civil;200772986;4051132;"SV TE SOLD C ROSCA 32 MM X 3/4""";ST
Civil;200490010;4051132;"SV TE SOLD C ROSCA 32 MM X 3/4""";ST
Civil;200772986;4051133;SV BUCHA DE RED SOLD LONGA 32 X 20 MM;ST
Civil;200490010;4051133;SV BUCHA DE RED SOLD LONGA 32 X 20 MM;ST
Civil;200772986;4051134;SV BUCHA DE RED SOLD LONGA 40 X 20 OU 25;ST
Civil;200490010;4051134;SV BUCHA DE RED SOLD LONGA 40 X 20 OU 25;ST
Civil;200772986;4051135;SV BUCHA DE RED SOLD LONGA 50 X 20;ST
Civil;200490010;4051135;SV BUCHA DE RED SOLD LONGA 50 X 20;ST
Civil;200772986;4051136;SV BUCHA DE RED SOLD LONGA 60 X 25;ST
Civil;200490010;4051136;SV BUCHA DE RED SOLD LONGA 60 X 25;ST
Civil;200772986;4051137;"SV ADAPTADOR SOLD CURTO 20 MM X 1/2""";ST
Civil;200490010;4051137;"SV ADAPTADOR SOLD CURTO 20 MM X 1/2""";ST
Civil;200772986;4051138;"SV ADAPTADOR SOLD CURTO 25 MM X 3/4""";ST
Civil;200490010;4051138;"SV ADAPTADOR SOLD CURTO 25 MM X 3/4""";ST
Civil;200772986;4051139;"SV ADAPTADOR SOLD CURTO 32 MM X 1""";ST
Civil;200490010;4051139;"SV ADAPTADOR SOLD CURTO 32 MM X 1""";ST
Civil;200772986;4051140;SV ANEL DE BORRACHA 40MM;ST
Civil;200490010;4051140;SV ANEL DE BORRACHA 40MM;ST
Civil;200772986;4051141;SV ANEL DE BORRACHA 50MM;ST
Civil;200490010;4051141;SV ANEL DE BORRACHA 50MM;ST
Civil;200772986;4051142;SV ANEL DE BORRACHA 75MM;ST
Civil;200490010;4051142;SV ANEL DE BORRACHA 75MM;ST
Civil;200490010;4051143;SV ANEL DE BORRACHA 100MM;ST
Civil;200772986;4051143;SV ANEL DE BORRACHA 100MM;ST
Civil;200772986;4051145;SV CURVA CURTA R45 40MM;ST
Civil;200772986;4051362;SV 1MÓDULO CARREGADOR USB GB;ST
Civil;200490010;4051145;SV CURVA CURTA R45 40MM;ST
Civil;200772986;4051146;SV CURVA CURTA 45° OU 90° 50MM;ST
Civil;200490010;4051146;SV CURVA CURTA 45° OU 90° 50MM;ST
Civil;200772986;4051147;SV CURVA CURTA 45° OU 90° 75MM;ST
Civil;200490010;4051147;SV CURVA CURTA 45° OU 90° 75MM;ST
Civil;200772986;4051148;SV CURVA CURTA 45° OU 90° 100MM;ST
Civil;200490010;4051148;SV CURVA CURTA 45° OU 90° 100MM;ST
Civil;200772986;4051149;SV CURVA 90° LONGA 40 MM;ST
Civil;200772986;4050413;SV PAINEL 1,030MM COM POSTE 1080 MM;M
Civil;200772986;4050416;SV PAINEL 2030MM COM POSTE 2480 MM;M
Civil;200772986;4050417;SV PAINEL 1030MM COM POSTE CHUMB 1500 MM;M
Civil;200772986;4050420;SV PAINEL 2430MM COM POSTE CHUMB 3200 MM;M
Civil;200772986;4051373;SV SUSTITUIÇÃO POSTES CHUMBADOS OU PARAF;ST
Civil;200490010;4051149;SV CURVA 90° LONGA 40 MM;ST
Civil;200772986;4051150;SV CURVA 45° OU 90° LONGA 50 MM;ST
Civil;200490010;4051150;SV CURVA 45° OU 90° LONGA 50 MM;ST
Civil;200772986;4051151;SV CURVA 45° OU 90° LONGA 75 MM;ST
Civil;200490010;4051151;SV CURVA 45° OU 90° LONGA 75 MM;ST
Civil;200772986;4051152;SV CURVA 45° OU 90° LONGA 100 MM;ST
Civil;200490010;4051152;SV CURVA 45° OU 90° LONGA 100 MM;ST
Civil;200772986;4050712;SV ENG MET PARA TELHADO SEM PINTURA;KG
Civil;200772986;4051153;SV JOELHO 90° COM VISITA 100 X 50 MM;ST
Civil;200490010;4051153;SV JOELHO 90° COM VISITA 100 X 50 MM;ST
Civil;200772986;4051154;SV JUNÇÃO SIMPLES 50 X 50 MM;ST
Civil;200490010;4051154;SV JUNÇÃO SIMPLES 50 X 50 MM;ST
Civil;200772986;4050435;SV ENGENHEIRO HN;H
Civil;200772986;4050436;SV ENGENHEIRO HN DISP;H
Civil;200772986;4050437;SV ENGENHEIRO HE RESIDUAL;H
Civil;200772986;4050440;SV ENGENHEIRO H NOT DISP;H
Civil;200772986;4050442;SV ENGENHEIRO HE NOT RES;H
Civil;200772986;4050446;SV ENGENHEIRO PER CHEIA;H
Civil;200772986;4050445;SV ENGENHEIRO INS CHEIA;H
Civil;200772986;4050448;SV TST HN;H
Civil;200772986;4050450;SV TST HE RES;H
Civil;200772986;4050457;SV TST HE NOT RES;H
Civil;200772986;4050458;SV TST HE NOT DISP;H
Civil;200772986;4050459;SV TST HN PER CHEIA;H
Civil;200772986;4050461;SV TST HN INS CHEIA;H
Civil;200772986;4050465;SV TEC PLAN HN;H
Civil;200772986;4050466;SV TEC PLAN HN DISP;H
Civil;200772986;4050467;SV TEC PLAN HE RES;H
Civil;200772986;4050472;SV TEC PLAN H NOT DISP;H
Civil;200772986;4050474;SV TEC PLAN HE NOT RES;H
Civil;200772986;4050475;SV TEC PLAN HE NOT DISP;H
Civil;200772986;4050476;SV TEC PLAN H PER CHEIA;H
Civil;200772986;4050478;SV TEC PLAN H INS CHEIA;H
Civil;200772986;4050490;SV ENC HN;H
Civil;200772986;4050492;SV ENC HE RES;H
Civil;200772986;4050497;SV ENC H NOT DISP;H
Civil;200772986;4050500;SV ENC HE NOT DISP;H
Civil;200772986;4050501;SV ENC H PER CHEIA;H
Civil;200772986;4050503;SV ENC H INS CHEIA;H
Civil;200772986;4050505;SV ELETRICISTA HN;H
Civil;200772986;4050506;SV ELETRICISTA HN DISP;H
Civil;200772986;4050507;SV ELETRICISTA HE RES;H
Civil;200772986;4050509;SV ELETRICISTA HE DISP;H
Civil;200772986;4050512;SV ELETRICISTA H NOT DISP;H
Civil;200772986;4050514;SV ELETRICISTA HE NOT RES;H
Civil;200772986;4050515;SV ELETRICISTA HE NOT DISP;H
Civil;200772986;4050516;SV ELETRICISTA H PER CHEIA;H
Civil;200772986;4050518;SV ELETRICISTA H INS CHEIA;H
Civil;200772986;4050519;SV ELETRICISTA H INS RES;H
Civil;200772986;4050520;SV SOLDADOR HN;H
Civil;200772986;4050521;SV SOLDADOR HN DISP;H
Civil;200772986;4050522;SV SOLDADOR HE RES;H
Civil;200772986;4050524;SV SOLDADOR HE DISP;H
Civil;200772986;4050527;SV SOLDADOR H NOT DISP;H
Civil;200772986;4050529;SV SOLDADOR HE NOT RES;H
Civil;200772986;4050530;SV SOLDADOR HE NOT DISP;H
Civil;200772986;4050531;SV SOLDADOR H PER CHEIA;H
Civil;200772986;4050532;SV SOLDADOR H PER RES;H
Civil;200772986;4050533;SV SOLDADOR H INS CHEIA;H
Civil;200772986;4050022;SV MARTELETEIRO HN;H
Civil;200772986;4050024;SV MARTELETEIRO HE RES;H
Civil;200772986;4050029;SV MARTELETEIRO H NOT DISP;H
Civil;200772986;4050542;SV MARTELETEIRO HE NOT DISP;H
Civil;200772986;4050543;SV MARTELETEIRO H PER CHEIA;H
Civil;200772986;4050545;SV MARTELETEIRO H INS CHEIA;H
Civil;200772986;4050547;SV VIDRACEIRO HN;H
Civil;200772986;4050548;SV VIDRACEIRO HN DISP;H
Civil;200772986;4050549;SV VIDRACEIRO HE RES;H
Civil;200772986;4050550;SV VIDRACEIRO HE CHEIA;H
Civil;200772986;4050551;SV VIDRACEIRO HE DISP;H
Civil;200772986;4050552;SV VIDRACEIRO H NOT CHEIA;H
Civil;200772986;4050553;SV VIDRACEIRO H NOT RES;H
Civil;200772986;4050554;SV VIDRACEIRO H NOT DISP;H
Civil;200772986;4050555;SV VIDRACEIRO HE NOT;H
Civil;200772986;4050556;SV VIDRACEIRO HE NOT RES;H
Civil;200772986;4050557;SV VIDRACEIRO HE NOT DISP;H
Civil;200772986;4050558;SV VIDRACEIRO H PER CHEIA;H
Civil;200772986;4050559;SV VIDRACEIRO H PER RES;H
Civil;200772986;4050560;SV VIDRACEIRO H INS CHEIA;H
Civil;200772986;4050561;SV VIDRACEIRO H INS RES;H
Civil;200772986;4050932;SV VIDRACEIRO MENSAL;SV
Civil;200772986;4051383;SV MOB DESMOB VIDRACEIRO;SV
Civil;200772986;4050562;SV OP MAQ HN;H
Civil;200772986;4050563;SV OP MAQ HN DISP;H
Civil;200772986;4050564;SV OP MAQ HE RES;H
Civil;200772986;4050566;SV OP MAQ HE DISP;H
Civil;200772986;4050569;SV OP MAQ H NOT DISP;H
Civil;200772986;4050571;SV OP MAQ HE NOT RES;H
Civil;200772986;4050572;SV OP MAQ HE NOT DISP;H
Civil;200772986;4050573;SV OP MAQ H PER CHEIA;H
Civil;200772986;4050575;SV OP MAQ H INS CHEIA;H
Civil;200772986;4050577;SV OFICIAL HN;H
Civil;200772986;4050579;SV OFICIAL HE RES;H
Civil;200772986;4050584;SV OFICIAL H NOT DISP;H
Civil;200772986;4050586;SV OFICIAL HE NOT RES;H
Civil;200772986;4050587;SV OFICIAL HE NOT DISP;H
Civil;200772986;4050588;SV OFICIAL H PER CHEIA;H
Civil;200772986;4050590;SV OFICIAL H INS CHEIA;H
Civil;200772986;4050592;SV AJUDANTE HN;H
Civil;200772986;4050596;SV AJUDANTE HE DISP;H
Civil;200772986;4050599;SV AJUDANTE H NOT DISP;H
Civil;200772986;4050601;SV AJUDANTE HE NOT RES;H
Civil;200772986;4050602;SV AJUDANTE HE NOT DISP;H
Civil;200772986;4050603;SV AJUDANTE H PER CHEIA;H
Civil;200772986;4050605;SV AJUDANTE H INS CHEIA;H
Civil;200772986;4050607;SV ALMOXARIFE HN;H
Civil;200772986;4050608;SV ALMOXARIFE HN DISP;H
Civil;200772986;4050609;SV ALMOXARIFE HE RES;H
Civil;200772986;4050612;SV ALMOXARIFE HE DISP;H
Civil;200772986;4050615;SV ALMOXARIFE H NOT DISP;H
Civil;200772986;4050618;SV ALMOXARIFE HE NOT DISP;H
Civil;200772986;4050619;SV ALMOXARIFE H PER CHEIA;H
Civil;200772986;4050620;SV ALMOXARIFE H PER RES;H
Civil;200772986;4050621;SV ALMOXARIFE H INS CHEIA;H
Civil;200772986;4050622;SV ALMOXARIFE H INS RES;H
Civil;200772986;4050623;SV PINTOR HN;H
Civil;200772986;4050624;SV PINTOR HN DISP;H
Civil;200772986;4050625;SV PINTOR HE RES;H
Civil;200772986;4050627;SV PINTOR HE DISP;H
Civil;200772986;4050628;SV PINTOR H NOT CHEIA;H
Civil;200772986;4050629;SV PINTOR H NOT RES;H
Civil;200772986;4050640;SV PINTOR H NOT DISP;H
Civil;200772986;4050641;SV PINTOR HE NOT;H
Civil;200772986;4050642;SV PINTOR HE NOT RES;H
Civil;200772986;4050643;SV PINTOR HE NOT DISP;H
Civil;200772986;4050644;SV PINTOR H PER CHEIA;H
Civil;200772986;4050645;SV PINTOR H PER RES;H
Civil;200772986;4050647;SV PINTOR H INS CHEIA;H
Civil;200772986;4050648;SV PINTOR H INS RES;H
Civil;200772986;4051388;SV MOB DESMOB PINTOR;SV
Civil;200772986;4050649;SV AUX ADM HN;H
Civil;200772986;4050650;SV AUX ADM HN DISP;H
Civil;200772986;4050651;SV AUX ADM HE RES;H
Civil;200772986;4050653;SV AUX ADM HE DISP;H
Civil;200772986;4050654;SV AUX ADM H NOT CHEIA;H
Civil;200772986;4050655;SV AUX ADM H NOT RES;H
Civil;200772986;4050656;SV AUX ADM H NOT DISP;H
Civil;200772986;4050657;SV AUX ADM HE NOT;H
Civil;200772986;4050658;SV AUX ADM HE NOT RES;H
Civil;200772986;4050659;SV AUX ADM HE NOT DISP;H
Civil;200772986;4050660;SV AUX ADM H PER CHEIA;H
Civil;200772986;4050661;SV AUX ADM H PER RES;H
Civil;200772986;4050662;SV AUX ADM H INS CHEIA;H
Civil;200772986;4050663;SV AUX ADM H INS RES;H
Civil;200772986;4049953;SV RETROESCAVADEIRA H IMPRODUTIVA;H
Civil;200772986;4049955;SV CAMINHÃO BASCULA H IMPROD;H
Civil;200772986;4049958;SV CAMINHAO CARR MUNCK H IMPROD;H
Civil;200772986;4051155;SV JUNÇÃO SIMPLES  75 X 75 MM;ST
Civil;200490010;4051155;SV JUNÇÃO SIMPLES  75 X 75 MM;ST
Civil;200772986;4050682;SV GERADOR 10kVA - HORA IMPRODUTIVA;H
Civil;200772986;4061995;EXAME COVID-19 - SOROLÓGICO IGG E IGM;SV
Civil;200772986;4061996;EXAME COVID-19 - RT-PCR;SV
Civil;200772986;4056705;CONT. TECNOL DE CONCRETO REFRAT PROJETAD;SV
Civil;200772986;4056706;LOCAÇÃO DE MISTURADOR PLANETÁRIO HORIZO;MON
Civil;200772986;4056707;LOCAÇÃO DE MISTURADOR PLANETÁRIO HORIZON;SV
Civil;200772986;4056708;LOCAÇÃO DE MIST PLANETÁRIO HORIZON DIARI;SV
Civil;200772986;4056710;REVESTIMENTO DE DOIS COMPONENTES EPÓXI A;M2
Civil;200772986;4051156;SV JUNÇÃO SIMPLES  100 X 75 OU 100 MM;ST
Civil;200490010;4051156;SV JUNÇÃO SIMPLES  100 X 75 OU 100 MM;ST
Civil;200772986;4051157;SV ADAPTADOR PARA SAÍDA DE VASO 100 MM;ST
Civil;200772986;4057138;MOB/DESMOB MAQUINA DE JATEAMENTO ABRASIV;SV
Civil;200490010;4051157;SV ADAPTADOR PARA SAÍDA DE VASO 100 MM;ST
Civil;200772986;4051158;SV LUVA SIMPLES E DE CORRER 40 MM;ST
Civil;200490010;4051158;SV LUVA SIMPLES E DE CORRER 40 MM;ST
Civil;200772986;4051159;SV LUVA SIMPLES E DE CORRER 50 MM;ST
Civil;200772986;4065176;FORNECI JUNTA JEENE JJ8097 VV EPDM OU SI;M
Civil;200772986;4065175;LOCAÇÃO DE AUTO TRANSFORMADOR TRIF 35 KV;SV
Civil;200490010;4051159;SV LUVA SIMPLES E DE CORRER 50 MM;ST
Civil;200772986;4051160;SV LUVA SIMPLES E DE CORRER 75 MM;ST
Civil;200490010;4051160;SV LUVA SIMPLES E DE CORRER 75 MM;ST
Civil;200772986;4062827;PALLET CONTENTOR 02 TAMBORES 120L;ST
Civil;200772986;4062828;PALLET CONTENTOR 04 TAMBORES 420L;ST
Civil;200772986;4062909;SPILL DRUM RECIP PLÁSTICO C/TAMPA 200L;ST
Civil;200772986;4051161;SV LUVA SIMPLES E DE CORRER 100 MM;ST
Civil;200772986;4063141;TURFA ORGAN ABSORV OLEOS/DERIV CJ 10KG;ST
Civil;200772986;4063142;MANTA ABSORV QUÍMICOS 40CM X 50CM X 2MM;ST
Civil;200772986;4063143;VERMICULITA ABSORV EXPANDIDA FINA 10KG;ST
Civil;200772986;4063144;PINGADEIRA TIPO CHAPÉU CONCRETO 56MM;M
Civil;200772986;4063145;PINGADEIRA TIPO CHAPÉU CONCRETO 760MM;M
Civil;200772986;4079112;SV - MURO DE GABIÃO TIPO CAIXA (por Grav;SV
Civil;200772986;4079114;SV - MURO DE GABIÃO TIPO CAIXA (por Grav;SV
Civil;200772986;4079220;SV - ESTACAS EM HÉLICE CONTÍNUA;SV
Civil;200772986;4079221;SV - ESTACAS EM HÉLICE CONTÍNUA;SV
Civil;200772986;4079222;SV - ESTACA CIRCULAR ESCAVADA;SV
Civil;200772986;4079223;SV - ESTACA CIRCULAR ESCAVADA;SV
Civil;200772986;4079224;SV - Concreto HC CAA I - Classe C30;SV
Civil;200772986;4079228;SV - ROLO COMPACTADOR - CONTROLE REMOTO;SV
Civil;200772986;4079229;SV - MOBILIZAÇÃO DE EQUIPE E EQUIPAMENTO;SV
Civil;200772986;4079230;SV - DESMOBILIZAÇÃO DE EQUIPE E EQUIPAME;SV
Civil;200772986;4079593;SV - MOBILIZAÇÃO DE COMPACTADOR / ESTAQU;SV
Civil;200772986;4079231;SV - ENCARREGADO DE GABIÃO - MOB/DESMOB;SV
Civil;200772986;4079232;SV - ENCARREGADO DE GABIÃO - MENSAL;SV
Civil;200772986;4079233;SV - ENCARREGADO DE GABIÃO - HE;SV
Civil;200772986;4079234;SV - GABIONISTA - MOB/DESMOB;SV
Civil;200772986;4079235;SV - GABIONISTA - MENSAL;SV
Civil;200772986;4079236;SV - GABIONISTA - HE;SV
Civil;200772986;4082302;SV - ENGENHEIRO GEOTÉCNICO - MOB/DESMOB;SV
Civil;200772986;4082303;SV - ENGENHEIRO GEOTÉCNICO - MENSAL;SV
Civil;200772986;4082304;SV - ENGENHEIRO GETÉCNICO - HORA EXTRA;SV
Civil;200772986;4082306;SV - MARTELETEIRO  - HORA NORMAL;SV
Civil;200772986;4082307;SV - MARTELETEIRO  - HORA NORMAL A DISP;SV
Civil;200772986;4082308;SV - MARTELETEIRO  - HORA EXTRA RESIDUA;SV
Civil;200772986;4082309;SV - MARTELETEIRO  - HORA EXTRA CHEIA;SV
Civil;200772986;4082370;SV - MARTELETEIRO  - HORA EXTRA A DISPO;SV
Civil;200772986;4082371;SV - MARTELETEIRO  - HORA NOTURNA CHEIA;SV
Civil;200772986;4082372;SV - MARTELETEIRO  - HORA NOTURNA RESID;SV
Civil;200772986;4082373;SV - MARTELETEIRO  - HORA NOTURNA A DIS;SV
Civil;200772986;4082374;SV - MARTELETEIRO  - HORA EXTRA NOTURNA;SV
Civil;200772986;4082375;SV - MARTELETEIRO  HE NOTURNA RESIDUAL;SV
Civil;200772986;4082376;SV - MARTELETEIRO  - HE NOTURNA A DISP;SV
Civil;200772986;4082377;SV - MARTELETEIRO  - HE PERICLOSA CHEIA;SV
Civil;200772986;4082378;SV - MARTELETEIRO  - HORA PERICULOSA RES;SV
Civil;200772986;4082379;SV - MARTELETEIRO - HORA INSALUBRE CHEIA;SV
Civil;200772986;4082380;SV - MARTELETEIRO  - HORA INSALUBRE RESI;SV
Civil;200772986;4084133;SUPERVISOR DE OBRAS - HORA NORMAL;H
Civil;200772986;4086367;SUPERVISOR DE OBRAS - H NORMAL;H
Civil;200772986;4086368;SUPERVISOR DE OBRAS - HE RESIDUAL;H
Civil;200772986;4086370;SUPERVISOR DE OBRAS- HE;H
Civil;200772986;4086372;SUPERVISOR DE OBRAS - HNOT RESIDUAL;H
Civil;200772986;4086373;SUPERVISOR DE OBRAS- HNOT;H
Civil;200772986;4086375;SUPERVISOR DE OBRAS - HE NOT RESIDUAL;H
Civil;200772986;4086376;SUPERVISOR DE OBRAS- HE NOT;H
Civil;200772986;4086377;SUPERVISOR DE OBRAS - HPER CHEIA;H
Civil;200772986;4086379;SUPERVISOR DE OBRAS - HINS CHEIA;H
Civil;200772986;4086382;SUPERVISOR OBRAS MOB/DESMOB SV EX ROT;SV
Civil;200772986;4084134;SENSOR DE FADIGA;ST
Civil;200772986;4086383;MOTORISTA - HORA NORMAL;H
Civil;200772986;4086384;MOTORISTA - HORA NORMAL À DISPOSICAO;H
Civil;200772986;4086385;MOTORISTA - HE RESIDUAL;H
Civil;200772986;4086387;MOTORISTA - HE;H
Civil;200772986;4086388;MOTORISTA - HNOT CHEIA;H
Civil;200772986;4086389;MOTORISTA - HNOT RESIDUAL;H
Civil;200772986;4086390;MOTORISTA - HNOT;H
Civil;200772986;4084135;MOTORISTA - HORA EXTRA NOTURNA;H
Civil;200772986;4086391;MOTORISTA - HE NOT RESIDUAL;H
Civil;200772986;4086392;MOTORISTA - HE NOT;H
Civil;200772986;4086393;MOTORISTA - HORA PERICULOSA CHEIA;H
Civil;200772986;4086394;MOTORISTA - HORA PERICULOSA RESIDUAL;H
Civil;200772986;4086395;MOTORISTA - HORA INSALUBRE CHEIA;H
Civil;200772986;4086396;MOTORISTA - HORA INSALUBRE RESIDUAL;H
Civil;200772986;4086398;MOTORISTA - MOB/DESMOB SV EX ROT;SV
Civil;200772986;4086399;TÉC. MEDIÇÃO - HORA NORMAL;H
Civil;200772986;4086400;TÉC. MEDIÇÃO - HORA NORMAL A DISPOSICAO;H
Civil;200772986;4086401;TÉC. MEDIÇÃO - HE RESIDUAL;H
Civil;200772986;4086402;TÉC. MEDIÇÃO - HE CHEIA;H
Civil;200772986;4086403;TÉC. MEDIÇÃO - HE;H
Civil;200772986;4086404;TÉC. MEDIÇÃO - HNOT CHEIA;H
Civil;200772986;4086405;TÉC. MEDIÇÃO - HNOT RESIDUAL;H
Civil;200772986;4086406;TÉC. MEDIÇÃO - HNOT;H
Civil;200772986;4084136;TÉC. MEDIÇÃO  - HORA EXTRA NOTURNA;H
Civil;200772986;4086407;TÉC. MEDIÇÃO - HE NOT RESIDUAL;H
Civil;200772986;4086408;TÉC. MEDIÇÃO - HE NOT;H
Civil;200772986;4086409;TÉC. MEDIÇÃO - HORA PERICULOSA CHEIA;H
Civil;200772986;4086411;TÉC. MEDIÇÃO - HORA INSALUBRE CHEIA;H
Civil;200772986;4086414;TÉC. MEDIÇÃO - MOB/DESMOB SV EX ROT;SV
Civil;200772986;4086415;AUXILIAR TÉC DE ENG - HORA NORMAL;H
Civil;200772986;4086416;AUXILIAR TÉC DE ENG - HORA NORMAL A DISP;H
Civil;200772986;4086417;AUXILIAR TÉC DE ENG - HE RESIDUAL;H
Civil;200772986;4086418;AUXILIAR TÉC DE ENGENHARIA - HE CHEIA;H
Civil;200772986;4086419;AUXILIAR TÉCNICO DE ENGENHARIA - HE;H
Civil;200772986;4086420;AUXILIAR TÉC DE ENGENHARIA - HNOT CHEIA;H
Civil;200772986;4086421;AUXILIAR TÉC DE ENG - HNOT RESIDUAL;H
Civil;200772986;4086422;AUXILIAR TÉCNICO DE ENGENHARIA - HNOT;H
Civil;200772986;4086423;AUXILIAR TÉCNICO DE ENGENHARIA- HE NOT;H
Civil;200772986;4086424;AUXILIAR TÉC DE ENG - HE NOT RESIDUAL;H
Civil;200772986;4086425;AUXILIAR TÉC DE ENGENHARIA - HE NOT;H
Civil;200772986;4086426;AUXILIAR TÉC DE ENG - HPER CHEIA;H
Civil;200772986;4086427;AUXILIAR TÉC DE ENG - HPER RESIDUAL;H
Civil;200772986;4086428;AUXILIAR TÉC DE ENG - HINS CHEIA;H
Civil;200772986;4086431;AUX TÉC DE ENG - MOB/DESMOB SV EX ROT;SV
Civil;200772986;4086432;PEDREIRO - HORA NORMAL À DISPOSICAO;H
Civil;200772986;4086433;PEDREIRO - HE RESIDUAL;H
Civil;200772986;4086435;PEDREIRO - HE;H
Civil;200772986;4086437;PEDREIRO - HNOT RESIDUAL;H
Civil;200772986;4086440;PEDREIRO - HE NOT RESIDUAL;H
Civil;200772986;4086442;PEDREIRO - HORA PERICULOSA CHEIA;H
Civil;200772986;4086443;PEDREIRO - HORA PERICULOSA RESIDUAL;H
Civil;200772986;4086444;PEDREIRO - HORA INSALUBRE CHEIA;H
Civil;200772986;4086447;PEDREIRO - MOB/DESMOB SV EX ROT;SV
Civil;200772986;4086448;CARPINTEIRO - HORA NORMAL;H
Civil;200772986;4086449;CARPINTEIRO - HORA NORMAL A DISPOSICAO;H
Civil;200772986;4086450;CARPINTEIRO - HE RESIDUAL;H
Civil;200772986;4086452;CARPINTEIRO - HE;H
Civil;200772986;4086453;CARPINTEIRO - HNOT CHEIA;H
Civil;200772986;4086454;CARPINTEIRO - HNOT RESIDUAL;H
Civil;200772986;4086455;CARPINTEIRO - HNOT;H
Civil;200772986;4086456;CARPINTEIRO - HE NOT;H
Civil;200772986;4086457;CARPINTEIRO - HE NOT RESIDUAL;H
Civil;200772986;4086458;CARPINTEIRO - HE NOT A DISPOSICAO;H
Civil;200772986;4086459;CARPINTEIRO - HORA PERICULOSA CHEIA;H
Civil;200772986;4086460;CARPINTEIRO - HORA PERICULOSA RESIDUAL;H
Civil;200772986;4086461;CARPINTEIRO - HORA INSALUBRE CHEIA;H
Civil;200772986;4086464;CARPINTEIRO - MOB/DESMOB SV EX ROT;SV
Civil;200772986;4086465;ARMADOR - HORA NORMAL;H
Civil;200772986;4086466;ARMADOR - HORA NORMAL A DISPOSICAO;H
Civil;200772986;4086467;ARMADOR - HE RESIDUAL;H
Civil;200772986;4086468;ARMADOR - HE CHEIA;H
Civil;200772986;4086469;ARMADOR - HE;H
Civil;200772986;4086470;ARMADOR - HNOT CHEIA;H
Civil;200772986;4086471;ARMADOR - HNOT RESIDUAL;H
Civil;200772986;4086472;ARMADOR - HNOT;H
Civil;200772986;4086473;ARMADOR - HE NOT;H
Civil;200772986;4086474;ARMADOR - HE NOT RESIDUAL;H
Civil;200772986;4086475;ARMADOR - HE NOT A DISPOSICAO;H
Civil;200772986;4086476;ARMADOR - HORA PERICULOSA CHEIA;H
Civil;200772986;4086477;ARMADOR - HORA PERICULOSA RESIDUAL;H
Civil;200772986;4086478;ARMADOR - HORA INSALUBRE CHEIA;H
Civil;200772986;4086479;ARMADOR - HORA INSALUBRE RESIDUAL;H
Civil;200772986;4086480;ARMADOR - MENSAL;SV
Civil;200772986;4086481;ARMADOR - MOB/DESMOB SV EX ROT;SV
Civil;200772986;4086482;MONTADOR DE ANDAIME - HORA NORMAL;H
Civil;200772986;4086483;MONTADOR DE ANDAIME - HORA NORMAL A DISP;H
Civil;200772986;4086484;MONTADOR DE ANDAIME - HE RESIDUAL;H
Civil;200772986;4086486;MONTADOR DE ANDAIME - HE;H
Civil;200772986;4086488;MONTADOR DE ANDAIME - HNOT RESIDUAL;H
Civil;200772986;4086489;MONTADOR DE ANDAIME - HNOT;H
Civil;200772986;4086490;MONTADOR DE ANDAIME - HE NOT;H
Civil;200772986;4086491;MONTADOR DE ANDAIME - HE NOT RESIDUAL;H
Civil;200772986;4086492;MONTADOR DE ANDAIME - HE NOT A DISPOSICA;H
Civil;200772986;4086493;MONTADOR DE ANDAIME - HPER CHEIA;H
Civil;200772986;4086494;MONTADOR DE ANDAIME - HPER RESIDUAL;H
Civil;200772986;4086495;MONTADOR DE ANDAIME - HINS CHEIA;H
Civil;200772986;4086498;MONTADOR ANDAIME-MOB/DESMOB SV EX ROT;SV
Civil;200772986;4088005;LÍDER DE OBRA - HORA NORMAL;H
Civil;200772986;4088006;LÍDER DE OBRA - HORA NORMAL À DISPOSIÇÃO;H
Civil;200772986;4088007;LÍDER DE OBRA - HORA EXTRA RESIDUAL;H
Civil;200772986;4088008;LÍDER DE OBRA - HORA EXTRA CHEIA;H
Civil;200772986;4088009;LÍDER DE OBRA - HORA EXTRA À DISPOSIÇÃO;H
Civil;200772986;4088211;LÍDER DE OBRA - HORA NOTURNA RESIDUA;H
Civil;200772986;4088212;LÍDER DE OBRA - HORA NOTURNA À DISPOSIÇÃ;H
Civil;200772986;4088214;LÍDER DE OBRA - HORA EXTRA NOTURNA RESID;H
Civil;200772986;4088216;LÍDER DE OBRA - HORA EXTRA NOTURNA À DIS;H
Civil;200772986;4088218;LÍDER DE OBRA - HORA PERICULOSA CHEIA;H
Civil;200772986;4088219;LÍDER DE OBRA - HORA PERICULOSA RESIDUAL;H
Civil;200772986;4088220;LÍDER DE OBRA - HORA INSALUBRE CHEIA;H
Civil;200772986;4088221;LÍDER DE OBRA - HORA INSALUBRE RESIDUAL;H
Civil;200772986;4088223;LÍDER DE OBRA - MOB / DESMOB EX 30 D;SV
Civil;200772986;4088224;AUXILIAR DE SERVIÇOS GERAIS - HORA NORMA;H
Civil;200772986;4088225;AUXILIAR DE SERVIÇOS GERAIS - HORA NORMA;H
Civil;200772986;4088226;AUXILIAR DE SERVIÇOS GERAIS - HORA EXTRA;H
Civil;200772986;4088227;AUXILIAR DE SERVIÇOS GERAIS H EXTR CHEIA;H
Civil;200772986;4088228;AUXILIAR DE SERVIÇOS GERAIS - HE DISP;H
Civil;200772986;4088229;AUXILIAR DE SERVIÇOS GERAIS HNOIT CHEIA;H
Civil;200772986;4088230;AUXILIAR DE SERVIÇOS GERAIS - HNOTUR RES;H
Civil;200772986;4088231;AUXILIAR DE SERVIÇOS GERAIS - HNOTUR DIS;H
Civil;200772986;4088232;AUXILIAR DE SERVIÇOS GERAIS - HEXTRA NOT;H
Civil;200772986;4088233;AUXILIAR DE SERVIÇOS GERAIS - HEXTRA RES;H
Civil;200772986;4088234;AUXILIAR DE SV GERAIS - HEXT NOIT DISP;H
Civil;200772986;4088235;AUXILIAR DE SV GERAIS - HORA PERIC CHEIA;H
Civil;200772986;4088236;AUXILIAR DE SVGERAIS - HORA PERIC RESID;H
Civil;200772986;4088237;AUXILIAR DE SV GERAIS - HORA INSAL CHEIA;H
Civil;200772986;4088238;AUXILIAR DE SV GERAIS - HORA INSAL RESID;H
Civil;200772986;4088240;AUXILIAR SV GERAIS MOB/DESM SV EX ROTINA;SV
Civil;200772986;5000220;LÍDER DE OBRA - HORA EXTRA NOTURNA;H
Civil;200772986;4091599;SV - MANUT CANT ADM OBRAS 21 à 40 Colab;SV
Civil;200772986;4091850;SV - MANUT CANT ADM OBRAS 41 à 60 Colab;SV
Civil;200772986;4095394;CONCR 10 MPA PRÉ-MISTUR USINADO CPII HE;M3
Civil;200772986;4095293;SV CONCRETO 18MPA PRE MISTURADO USINADO;M3
Civil;200772986;4095390;CONCRETO 30 MPA USIN PII – FATOR 0,55 HE;M3
Civil;200772986;4095393;CONCRETO 20 MPA USINADO CP-V, 24 HR - HE;M3
Civil;200772986;4095392;CONCRETO 30 MPA USIN PII – FATOR 0,55 HE;M3
Civil;200772986;4095395;BOMBEAMENTO CONCR P/ VOLUMES ATÉ 40M³ HE;M3
Civil;200772986;4095294;SV CONCR 20MPA PRE MISTURADO USINADO HE;M3
Civil;200772986;4095396;SV APLICAÇÃO DE GRAUTE HE;M3
Civil;200772986;4095298;SV CONCR 40MPA PRE MISTURADO USINADO HE;M3
Civil;200772986;4095297;SV CONC 25MPA PRE MISTURADO USINADO HE;M3
Civil;200772986;4095291;SV CONCRE 15MPA PRE MISTURADO USINADO HE;M3
Civil;200772986;4099543;SV Microconcreto fluido resist. a sulfat;SV
Civil;200772986;4099544;SV Graute fluido resistente a sulfatos;SV
Civil;200772986;4099545;SV Argamassa estrutural tixotrópica alta;SV
Civil;200772986;4100365;AUX. ELETRICISTA - HORA NORMAL;H
Civil;200772986;4100366;AUX. ELETRICISTA - HORA NORMAL À DISPOSI;H
Civil;200772986;4100367;AUX. ELETRICISTA - HORA EXTRA RESIDUAL;H
Civil;200772986;4100368;AUX. ELETRICISTA - HORA EXTRA CHEIA;H
Civil;200772986;4100369;AUX. ELETRICISTA - HORA EXTRA À DISPOSIÇ;H
Civil;200772986;4100540;AUX. ELETRICISTA - HORA NOT CHEIA;H
Civil;200772986;4100541;AUX. ELETRICISTA - HORA NOT RESIDUAL;H
Civil;200772986;4100542;AUX. ELETRICISTA - HORA NOT À DISPOSIÇÃO;H
Civil;200772986;4100543;AUX. ELETRICISTA - HORA EXTRA NOT;H
Civil;200772986;4100544;AUX. ELETRICISTA - HORA EXTRA NOT RESIDU;H
Civil;200772986;4100545;AUX. ELETRICISTA - HORA EXTRA NOT À DISP;H
Civil;200772986;4100546;AUX. ELETRICISTA - HORA PERICULOSA CHEIA;H
Civil;200772986;4100547;AUX. ELETRICISTA - HORA PERICULOSA RESID;H
Civil;200772986;4100548;AUX. ELETRICISTA - HORA INSALUBRE CHEIA;H
Civil;200772986;4100549;AUX. ELETRICISTA - HORA INSALUBRE RESIDU;H
Civil;200772986;4100551;AUX. ELETRICISTA - MOB/DESMOB SV EXTRA -;SV
Civil;200772986;4100552;LÍDER ELÉTRICA - HORA NORMAL;H
Civil;200772986;4100553;LÍDER ELÉTRICA - HORA NORMAL À DISPOSIÇÃ;H
Civil;200772986;4100554;LÍDER ELÉTRICA - HORA EXTRA RESIDUAL;H
Civil;200772986;4100555;LÍDER ELÉTRICA - HORA EXTRA CHEIA;H
Civil;200772986;4100556;LÍDER ELÉTRICA - HORA EXTRA À DISPOSIÇÃO;H
Civil;200772986;4100558;LÍDER ELÉTRICA - HORA NOT RESIDUAL;H
Civil;200772986;4100559;LÍDER ELÉTRICA - HORA NOT À DISPOSIÇÃO;H
Civil;200772986;4100560;LÍDER ELÉTRICA - HORA EXTRA NOT;H
Civil;200772986;4100561;LÍDER ELÉTRICA - HORA EXTRA NOT RESIDUAL;H
Civil;200772986;4100562;LÍDER ELÉTRICA - HORA EXTRA NOT À DISPOS;H
Civil;200772986;4100563;LÍDER ELÉTRICA - HORA PERICULOSA CHEIA;H
Civil;200772986;4100564;LÍDER ELÉTRICA - HORA PERICULOSA RESIDUA;H
Civil;200772986;4100565;LÍDER ELÉTRICA - HORA INSALUBRE CHEIA;H
Civil;200772986;4100566;LÍDER ELÉTRICA - HORA INSALUBRE RESIDUAL;H
Civil;200772986;4100568;LÍDER ELÉTRICA-MOB/DESM. SV EXTRA-30 DIA;SV
Civil;200772986;4100569;AUX TST - HORA NORMAL;H
Civil;200772986;4100570;AUX TST - HORA NORMAL À DISPOSIÇÃO;H
Civil;200772986;4100571;AUX TST - HORA EXTRA RESIDUAL;H
Civil;200772986;4100573;AUX TST - HORA EXTRA À DISPOSIÇÃO;H
Civil;200772986;4100575;AUX TST - HORA NOT RESIDUAL;H
Civil;200772986;4100576;AUX TST - HORA NOT À DISPOSIÇÃO;H
Civil;200772986;4100578;AUX TST - HORA EXTRA NOT RESIDUAL;H
Civil;200772986;4100579;AUX TST - HORA EXTRA NOT À DISPOSIÇÃO;H
Civil;200772986;4100580;AUX TST - HORA PERICULOSA CHEIA;H
Civil;200772986;4100581;AUX TST - HORA PERICULOSA RESIDUAL;H
Civil;200772986;4100582;AUX TST - HORA INSALUBRE CHEIA;H
Civil;200772986;4100585;AUX TST - MOB/DESMOB SV EXTRA - 30 DIAS;SV
Civil;200772986;4100586;SUPERVISOR TST - HORA NORMAL;H
Civil;200772986;4100587;SUPERVISOR TST - HORA NORMAL À DISPOSIÇÃ;H
Civil;200772986;4100588;SUPERVISOR TST - HORA EXTRA RESIDUAL;H
Civil;200772986;4100589;SUPERVISOR TST - HORA EXTRA CHEIA;H
Civil;200772986;4100590;SUPERVISOR TST - HORA EXTRA À DISPOSIÇÃO;H
Civil;200772986;4100591;SUPERVISOR TST - HORA NOT CHEIA;H
Civil;200772986;4100592;SUPERVISOR TST - HORA NOT RESIDUAL;H
Civil;200772986;4100593;SUPERVISOR TST - HORA NOT À DISPOSIÇÃO;H
Civil;200772986;4100594;SUPERVISOR TST - HORA EXTRA NOT;H
Civil;200772986;4100595;SUPERVISOR TST - HORA EXTRA NOT RESIDUAL;H
Civil;200772986;4100596;SUPERVISOR TST - HORA EXTRA NOT À DISPOS;H
Civil;200772986;4100597;SUPERVISOR TST - HORA PERICULOSA CHEIA;H
Civil;200772986;4100598;SUPERVISOR TST - HORA PERICULOSA RESIDUA;H
Civil;200772986;4100599;SUPERVISOR TST - HORA INSALUBRE CHEIA;H
Civil;200772986;4100600;SUPERVISOR TST - HORA INSALUBRE RESIDUAL;H
Civil;200772986;4100602;SUPERVISOR TST-MOB/DESM. SV EXTRA-30 DIA;SV
Civil;200772986;4100603;SUPERVISOR ADM - HORA NORMAL;H
Civil;200772986;4100604;SUPERVISOR ADM - HORA NORMAL À DISPOSIÇÃ;H
Civil;200772986;4100605;SUPERVISOR ADM - HORA EXTRA RESIDUAL;H
Civil;200772986;4100606;SUPERVISOR ADM - HORA EXTRA CHEIA;H
Civil;200772986;4100607;SUPERVISOR ADM - HORA EXTRA À DISPOSIÇÃO;H
Civil;200772986;4100608;SUPERVISOR ADM - HORA NOT CHEIA;H
Civil;200772986;4100609;SUPERVISOR ADM - HORA NOT RESIDUAL;H
Civil;200772986;4100610;SUPERVISOR ADM - HORA NOT À DISPOSIÇÃO;H
Civil;200772986;4100611;SUPERVISOR ADM - HORA EXTRA NOT;H
Civil;200772986;4100612;SUPERVISOR ADM - HORA EXTRA NOT RESIDUAL;H
Civil;200772986;4100613;SUPERVISOR ADM - HORA EXTRA NOT À DISPOS;H
Civil;200772986;4100614;SUPERVISOR ADM - HORA PERICULOSA CHEIA;H
Civil;200772986;4100615;SUPERVISOR ADM - HORA PERICULOSA RESIDUA;H
Civil;200772986;4100616;SUPERVISOR ADM - HORA INSALUBRE CHEIA;H
Civil;200772986;4100617;SUPERVISOR ADM - HORA INSALUBRE RESIDUAL;H
Civil;200772986;4100618;SUPERVISOR ADM - MENSAL;SV
Civil;200772986;4100619;SUPERVISOR ADM-MOB/DESM.SV EXTRA 30 DIAS;SV
Civil;200772986;4100620;ASSISTENTE ADM - HORA NORMAL;H
Civil;200772986;4100621;ASSISTENTE ADM - HORA NORMAL À DISPOSIÇÃ;H
Civil;200772986;4100622;ASSISTENTE ADM - HORA EXTRA RESIDUAL;H
Civil;200772986;4100623;ASSISTENTE ADM - HORA EXTRA CHEIA;H
Civil;200772986;4100624;ASSISTENTE ADM - HORA EXTRA À DISPOSIÇÃO;H
Civil;200772986;4100625;ASSISTENTE ADM - HORA NOT CHEIA;H
Civil;200772986;4100626;ASSISTENTE ADM - HORA NOT RESIDUAL;H
Civil;200772986;4100627;ASSISTENTE ADM - HORA NOT À DISPOSIÇÃO;H
Civil;200772986;4100628;ASSISTENTE ADM - HORA EXTRA NOT;H
Civil;200772986;4100629;ASSISTENTE ADM - HORA EXTRA NOT RESIDUAL;H
Civil;200772986;4100630;ASSISTENTE ADM - HORA EXTRA NOT À DISPOS;H
Civil;200772986;4100631;ASSISTENTE ADM - HORA PERICULOSA CHEIA;H
Civil;200772986;4100632;ASSISTENTE ADM - HORA PERICULOSA RESIDUA;H
Civil;200772986;4100633;ASSISTENTE ADM - HORA INSALUBRE CHEIA;H
Civil;200772986;4100634;ASSISTENTE ADM - HORA INSALUBRE RESIDUAL;H
Civil;200772986;4100636;ASSISTENTE ADM-MOB/DESM.SV EXTRA 30 DIAS;SV
Civil;200772986;4100637;SUPERVISOR - HORA NORMAL;H
Civil;200772986;4100639;SUPERVISOR - HORA EXTRA RESIDUAL;H
Civil;200772986;4100641;SUPERVISOR - HORA EXTRA À DISPOSIÇÃO;H
Civil;200772986;4100643;SUPERVISOR - HORA NOT RESIDUAL;H
Civil;200772986;4100644;SUPERVISOR - HORA NOT À DISPOSIÇÃO;H
Civil;200772986;4100646;SUPERVISOR - HORA EXTRA NOT RESIDUAL;H
Civil;200772986;4100647;SUPERVISOR - HORA EXTRA NOT À DISPOSIÇÃO;H
Civil;200772986;4100648;SUPERVISOR - HORA PERICULOSA CHEIA;H
Civil;200772986;4100649;SUPERVISOR - HORA PERICULOSA RESIDUAL;H
Civil;200772986;4100650;SUPERVISOR - HORA INSALUBRE CHEIA;H
Civil;200772986;4100653;SUPERVISOR - MOB/DESMOB SV EXTRA-30 DIAS;SV
Civil;200772986;4100654;SUPERVISOR ANDAIME - HORA NORMAL;H
Civil;200772986;4100655;SUPERVISOR ANDAIME - HORA NORMAL À DISPO;H
Civil;200772986;4100656;SUPERVISOR ANDAIME - HORA EXTRA RESIDUAL;H
Civil;200772986;4100657;SUPERVISOR ANDAIME - HORA EXTRA CHEIA;H
Civil;200772986;4100658;SUPERVISOR ANDAIME - HORA EXTRA À DISPOS;H
Civil;200772986;4100659;SUPERVISOR ANDAIME - HORA NOT CHEIA;H
Civil;200772986;4100660;SUPERVISOR ANDAIME - HORA NOT RESIDUAL;H
Civil;200772986;4100661;SUPERVISOR ANDAIME - HORA NOT À DISPOSIÇ;H
Civil;200772986;4100662;SUPERVISOR ANDAIME - HORA EXTRA NOT;H
Civil;200772986;4100663;SUPERVISOR ANDAIME - HORA EXTRA NOT RESI;H
Civil;200772986;4100664;SUPERVISOR ANDAIME - HORA EXTRA NOT À DI;H
Civil;200772986;4100665;SUPERVISOR ANDAIME - HORA PERICULOSA CHE;H
Civil;200772986;4100666;SUPERVISOR ANDAIME - HORA PERICULOSA RES;H
Civil;200772986;4100667;SUPERVISOR ANDAIME - HORA INSALUBRE CHEI;H
Civil;200772986;4100668;SUPERVISOR ANDAIME - HORA INSALUBRE RESI;H
Civil;200772986;4100669;SUPERVISOR ANDAIME - MENSAL;SV
Civil;200772986;4100670;SUPERVISOR ANDAIME - MOB/DESMOB SV EXTRA;SV
Civil;200772986;4100671;LÍDER ANDAIME - HORA NORMAL;H
Civil;200772986;4100672;LÍDER ANDAIME - HORA NORMAL À DISPOSIÇÃO;H
Civil;200772986;4100673;LÍDER ANDAIME - HORA EXTRA RESIDUAL;H
Civil;200772986;4100675;LÍDER ANDAIME - HORA EXTRA À DISPOSIÇÃO;H
Civil;200772986;4100676;LÍDER ANDAIME - HORA NOT CHEIA;H
Civil;200772986;4100677;LÍDER ANDAIME - HORA NOT RESIDUAL;H
Civil;200772986;4100678;LÍDER ANDAIME - HORA NOT À DISPOSIÇÃO;H
Civil;200772986;4100680;LÍDER ANDAIME - HORA EXTRA NOT RESIDUAL;H
Civil;200772986;4100681;LÍDER ANDAIME - HORA EXTRA NOT À DISPOSI;H
Civil;200772986;4100682;LÍDER ANDAIME - HORA PERICULOSA CHEIA;H
Civil;200772986;4100683;LÍDER ANDAIME - HORA PERICULOSA RESIDUAL;H
Civil;200772986;4100684;LÍDER ANDAIME - HORA INSALUBRE CHEIA;H
Civil;200772986;4100685;LÍDER ANDAIME - HORA INSALUBRE RESIDUAL;H
Civil;200772986;4100686;LÍDER ANDAIME - MENSAL;SV
Civil;200772986;4100687;LÍDER ANDAIME-MOB/DESMOB SV EXTRA-30 DIA;SV
Civil;200772986;4100688;FEITOR - HORA NORMAL;H
Civil;200772986;4100689;FEITOR - HORA NORMAL À DISPOSIÇÃO;H
Civil;200772986;4100690;FEITOR - HORA EXTRA RESIDUAL;H
Civil;200772986;4100691;FEITOR - HORA EXTRA CHEIA;H
Civil;200772986;4100692;FEITOR - HORA EXTRA À DISPOSIÇÃO;H
Civil;200772986;4100693;FEITOR - HORA NOT CHEIA;H
Civil;200772986;4100694;FEITOR - HORA NOT RESIDUAL;H
Civil;200772986;4100695;FEITOR - HORA NOT À DISPOSIÇÃO;H
Civil;200772986;4100696;FEITOR - HORA EXTRA NOT;H
Civil;200772986;4100697;FEITOR - HORA EXTRA NOT RESIDUAL;H
Civil;200772986;4100698;FEITOR - HORA EXTRA NOT À DISPOSIÇÃO;H
Civil;200772986;4100699;FEITOR - HORA PERICULOSA CHEIA;H
Civil;200772986;4100700;FEITOR - HORA PERICULOSA RESIDUAL;H
Civil;200772986;4100701;FEITOR - HORA INSALUBRE CHEIA;H
Civil;200772986;4100702;FEITOR - HORA INSALUBRE RESIDUAL;H
Civil;200772986;4100703;FEITOR - MENSAL;SV
Civil;200772986;4100704;FEITOR - MOB/DESMOB SV EXTRA - 30 DIAS;SV
Civil;200772986;4101872;ENCARREGADO DE ANDAIME - HORA NORMAL;H
Civil;200772986;4101873;ENCARREGADO DE ANDAIME-H NORMAL À DISPOS;H
Civil;200772986;4101874;ENCARREGADO DE ANDAIME -H EXTRA RESIDUAL;H
Civil;200772986;4101912;ENCARREGADO DE ANDAIME-H EXTRA À DISPOSI;H
Civil;200772986;4101913;ENCARREGADO DE ANDAIME-H NOTURNA CHEIA;H
Civil;200772986;4101914;ENCARREGADO D ANDAIME-H NOTURNA RESIDUAL;H
Civil;200772986;4101915;ENCARREGADO D ANDAIME-H NOTURNA A DISPOS;H
Civil;200772986;4101916;ENCARREGADO DE ANDAIME-HORA EXTRA NOTURN;H
Civil;200772986;4101917;ENCARREGADO DE ANDAIME-H EXTRA NOT RESID;H
Civil;200772986;4101918;ENCARREGADO ANDAIME-H EXTRA NOT A DISPOS;H
Civil;200772986;4101919;ENCARREGADO ANDAIME-H PERICULOSA CHEIA;H
Civil;200772986;4101960;ENCARREGADO ANDAIME-H PERICULOSA RESIDUA;H
Civil;200772986;4101961;ENCARREGADO ANDAIME-HORA INSALUBRE CHEIA;H
Civil;200772986;4114352;Ensaios por determinação da sedimentação;SV
Civil;200772986;4114357;PERMANENCIA TENDA-TAM 6X6-ACIMA DE 6 MES;MON
Civil;200772986;4119247;Sistema Blindado Seguro blindagem valas;SV
Civil;200772986;4121107;Fracionament Concreto-Adc vol mín.4,50m3;SV
Civil;200772986;4121108;Fracionament Concreto-Adc vol mín.4,00m3;SV
Civil;300623388;4091855;TERRAPLANAGEM E MANUTENÇÃO DAS PAVIMENTA;SV
Civil;300623388;4123534;BASE GRADUADA;TO
Civil;200490010;4051161;SV LUVA SIMPLES E DE CORRER 100 MM;ST
Civil;200772986;4051162;SV REDUÇÃO EXCÊNTRICA 75 X 50 MM;ST
Civil;200490010;4051162;SV REDUÇÃO EXCÊNTRICA 75 X 50 MM;ST
Civil;200772986;4051163;SV REDUÇÃO EXCÊNTRICA 100 X 50 OU 75 MM;ST
Civil;200490010;4051163;SV REDUÇÃO EXCÊNTRICA 100 X 50 OU 75 MM;ST
Civil;200772986;4051164;SV TÊ SANITÁRIO 40 X 40 MM;ST
Civil;200490010;4011030;SV-ACABAMENTO P/REGIST PRESSAO/GAVETA .;SV
Civil;200490010;4041080;SV-ACRILICO 4MM;SV
Civil;200490010;4040980;SV-ACRILICO 6MM;SV
Civil;200490010;4051164;SV TÊ SANITÁRIO 40 X 40 MM;ST
Civil;200772986;4051165;SV TÊ SANITÁRIO 50 X 50 MM;ST
Civil;200490010;4051165;SV TÊ SANITÁRIO 50 X 50 MM;ST
Civil;200772986;4051166;SV TÊ SANITÁRIO 75 X 50 OU 75 MM;ST
Civil;200490010;4051166;SV TÊ SANITÁRIO 75 X 50 OU 75 MM;ST
Civil;200772986;4051167;SV TÊ SANITÁRIO 100 X 50 OU 75 OU 100 MM;ST
Civil;200490010;4051167;SV TÊ SANITÁRIO 100 X 50 OU 75 OU 100 MM;ST
Civil;200772986;4051168;SV BUCHA DE REDUÇÃO LONGA 50 X 40 MM;ST
Civil;200490010;4040982;"SV-ADAPTADOR DE PVC 25MM X 3/4""";SV
Civil;200490010;4040983;"SV-ADAPTADOR DE PVC 32MM X 1""";SV
Civil;200490010;4051168;SV BUCHA DE REDUÇÃO LONGA 50 X 40 MM;ST
Civil;200772986;4051169;SV TÊ DE INSPEÇÃO 100 X 75 MM;ST
Civil;200490010;4051169;SV TÊ DE INSPEÇÃO 100 X 75 MM;ST
Civil;200772986;4051170;SV CAP E PLUG 50 MM;ST
Civil;200490010;4051170;SV CAP E PLUG 50 MM;ST
Civil;200772986;4051171;SV CAP E PLUG 75 MM;ST
Civil;200490010;4051171;SV CAP E PLUG 75 MM;ST
Civil;200772986;4051172;SV CAP E PLUG 100 MM;ST
Civil;200490010;4051172;SV CAP E PLUG 100 MM;ST
Civil;200772986;4051173;SV CAIXA SINF COM GRELHA 100 X 100X 50MM;ST
Civil;200490010;4051173;SV CAIXA SINF COM GRELHA 100 X 100X 50MM;ST
Civil;200772986;4051174;SV CAIXA SINF C GRELHA 150 X 150 X 50MM;ST
Civil;200490010;4051174;SV CAIXA SINF C GRELHA 150 X 150 X 50MM;ST
Civil;200772986;4051175;SV CAIXA SINF C GRELHA 150 X 185 X 75 MM;ST
Civil;200490010;4051175;SV CAIXA SINF C GRELHA 150 X 185 X 75 MM;ST
Civil;200772986;4051176;SV CAIXA SINF C GRELHA 100 X 150 X 50 MM;ST
Civil;200490010;4051176;SV CAIXA SINF C GRELHA 100 X 150 X 50 MM;ST
Civil;200772986;4051177;SV CORPO CAIXA SECA 100 X 100 X 40 MM;ST
Civil;200490010;4051177;SV CORPO CAIXA SECA 100 X 100 X 40 MM;ST
Civil;200772986;4051178;SV RALO C GRELHA 100 X 53 X 40 MM;ST
Civil;200490010;4051178;SV RALO C GRELHA 100 X 53 X 40 MM;ST
Civil;200772986;4051179;SV RALO C SAIDA ART C GRELHA 100 X 40 MM;ST
Civil;200490010;4051179;SV RALO C SAIDA ART C GRELHA 100 X 40 MM;ST
Civil;200772986;4051180;SV GRELHA BRANCA QUAD OU RED 100MM;ST
Civil;200490010;4051180;SV GRELHA BRANCA QUAD OU RED 100MM;ST
Civil;200772986;4051181;SV GRELHA INOX QUAD OU RED 100MM;ST
Civil;200490010;4051181;SV GRELHA INOX QUAD OU RED 100MM;ST
Civil;200772986;4051182;SV CAIXA SINF 100 X 100 X 50 MM C GRELHA;ST
Civil;200490010;4051182;SV CAIXA SINF 100 X 100 X 50 MM C GRELHA;ST
Civil;200772986;4051183;SV CAIXA SINF 150 X 150 X 50 MM C GRELHA;ST
Civil;200490010;4051183;SV CAIXA SINF 150 X 150 X 50 MM C GRELHA;ST
Civil;200772986;4051184;SV CAIXA SINF 150 X 185 X 75 MM C GRELHA;ST
Civil;200490010;4051184;SV CAIXA SINF 150 X 185 X 75 MM C GRELHA;ST
Civil;200772986;4051185;SV CORPO CAIXA SECA C GRELHA 100X100X40;ST
Civil;200490010;4040984;SV-ALVENARIA BLOCO CONCRETO - 19X19X39CM;SV
Civil;200490010;4051185;SV CORPO CAIXA SECA C GRELHA 100X100X40;ST
Civil;200772986;4051186;SV RALO 100X53X40 C GRELHA;ST
Civil;200490010;4051186;SV RALO 100X53X40 C GRELHA;ST
Civil;200772986;4051187;SV RALO SAIDA ART C GRELHA 100X40;ST
Civil;200490010;4051187;SV RALO SAIDA ART C GRELHA 100X40;ST
Civil;200772986;4051188;SV GRELHA BRANCA 150MM;ST
Civil;200490010;4051188;SV GRELHA BRANCA 150MM;ST
Civil;200772986;4051189;SV GRELHA INOX 150MM;ST
Civil;200490010;4051189;SV GRELHA INOX 150MM;ST
Civil;200772986;4051190;SV TAMPA CEGA REDONDA 100 MM;ST
Civil;200490010;4040985;SV-ALVENARIA DE TIJOLO 6 FUROS ESP 12 CM;SV
Civil;200490010;4012372;SV-ALVENARIA DE TIJOLO A VISTA 15 CM .;SV
Civil;200490010;4012743;SV-ALVENARIA DE TIJOLO MACICO ESP 10 CM.;SV
Civil;200490010;4051190;SV TAMPA CEGA REDONDA 100 MM;ST
Civil;200772986;4051191;SV TAMPA CEGA 150MM;ST
Civil;200490010;4051191;SV TAMPA CEGA 150MM;ST
Civil;200772986;4051192;SV CAIXA SINF C GRELHA 100X140X50MM;ST
Civil;200490010;4051192;SV CAIXA SINF C GRELHA 100X140X50MM;ST
Civil;200772986;4051193;SV CAIXA SINF C GRELHA 150X170X75MM;ST
Civil;200490010;4051193;SV CAIXA SINF C GRELHA 150X170X75MM;ST
Civil;200490010;4040988;SV-AREIA FINA;SV
Civil;200772986;4051194;SV CAIXA SINF C GRELHA 100X140X50MM INOX;ST
Civil;200490010;4051194;SV CAIXA SINF C GRELHA 100X140X50MM INOX;ST
Civil;200772986;4051195;SV CAIXA SINF C GRELHA 150X170X75MM INOX;ST
Civil;200490010;4051195;SV CAIXA SINF C GRELHA 150X170X75MM INOX;ST
Civil;200772986;4051198;"SV REGISTRO DE GAVETA 3/4""";ST
Civil;200490010;4051198;"SV REGISTRO DE GAVETA 3/4""";ST
Civil;200772986;4051199;"SV VÁLVULA DE ESFERA BRUTA 1/2""";ST
Civil;200490010;4051199;"SV VÁLVULA DE ESFERA BRUTA 1/2""";ST
Civil;200772986;4051200;"SV VÁLVULA DE ESFERA BRUTO 3/4""";ST
Civil;200490010;4051200;"SV VÁLVULA DE ESFERA BRUTO 3/4""";ST
Civil;200772986;4051201;"SV VÁLVULA DE ESFERA BRUTO 1""";ST
Civil;200490010;4051201;"SV VÁLVULA DE ESFERA BRUTO 1""";ST
Civil;200772986;4051202;"SV VÁLVULA DE ESFERA BRUTO 2""";ST
Civil;200490010;4051202;"SV VÁLVULA DE ESFERA BRUTO 2""";ST
Civil;200490010;4040989;SV-ASSENTO SANITARIO PVC COR BRANCA - AL;SV
Civil;200490010;4012970;SV-ASSENTO SANITARIO PVC COR BRANCA .;SV
Civil;200490010;4040990;SV-AZULEJO PAREDE 10CMx10CM C/ ARGAMASSA;SV
Civil;200490010;4040991;SV-AZULEJO PAREDE 20CMx20CM C/ ARGAMASSA;SV
Civil;200772986;4051203;SV VALVULA DE MICTORIO CROMADO;ST
Civil;200490010;4051203;SV VALVULA DE MICTORIO CROMADO;ST
Civil;200772986;4051204;SV REGISTRO DE PRESSÃO BRUTO;ST
Civil;200490010;4014159;SV-BACIA SANITARIA BRANCA MOD STANDARD .;SV
Civil;200490010;4040992;SV-BACIA SANITARIA C/CAIXA ACOPLADA BRAN;SV
Civil;200490010;4051204;SV REGISTRO DE PRESSÃO BRUTO;ST
Civil;200772986;4051205;SV VALVULA DE ESCOAMENTO PIA DE COZ;ST
Civil;200490010;4051205;SV VALVULA DE ESCOAMENTO PIA DE COZ;ST
Civil;200772986;4051206;SV VALVULA DE ESCOAMENTO P TANQUE S LAD;ST
Civil;200490010;4051206;SV VALVULA DE ESCOAMENTO P TANQUE S LAD;ST
Civil;200772986;4051208;"SV REGISTRO DE GAVETA BRUTO 1/2""";ST
Civil;200490010;4040994;SV-BRITA TAMANHO 25;SV
Civil;200490010;4051208;"SV REGISTRO DE GAVETA BRUTO 1/2""";ST
Civil;200772986;4051209;SV SIFAO P LAVATORIO CROMADO;ST
Civil;200490010;4051209;SV SIFAO P LAVATORIO CROMADO;ST
Civil;200772986;4051210;SV SIFÃO P/ PIA CROMADO 1 1/2;ST
Civil;200490010;4051210;SV SIFÃO P/ PIA CROMADO 1 1/2;ST
Civil;200772986;4051211;SV SIFÃO P/ PIA CROMADO 1 1/4;ST
Civil;200490010;4051211;SV SIFÃO P/ PIA CROMADO 1 1/4;ST
Civil;200772986;4051214;SV TUBO DE LIG C ANEL PARA BACIA;ST
Civil;200490010;4051214;SV TUBO DE LIG C ANEL PARA BACIA;ST
Civil;200772986;4051215;SV CJ CROMADO P FIXAÇÃO TANQUE;ST
Civil;200490010;4011081;"SV-BUCHA DE REDUCAO DE 50MM X 1/2"" .";SV
Civil;200490010;4051215;SV CJ CROMADO P FIXAÇÃO TANQUE;ST
Civil;200772986;4051216;SV CJ P FIXAÇÃO DE LAVATORIO E COLUNA;ST
Civil;200490010;4051216;SV CJ P FIXAÇÃO DE LAVATORIO E COLUNA;ST
Civil;200772986;4051217;SV CJ P FIXAÇÃO DE BACIAS E BIDES;ST
Civil;200490010;4051217;SV CJ P FIXAÇÃO DE BACIAS E BIDES;ST
Civil;200772986;4051218;SV CJ P INST MICTORIO;ST
Civil;200490010;4051218;SV CJ P INST MICTORIO;ST
Civil;200772986;4051219;SV DUCHA HIG C REG E DER CROMADO;ST
Civil;200490010;4051219;SV DUCHA HIG C REG E DER CROMADO;ST
Civil;200772986;4051220;SV TORNEIRA DE MESA C FEC AUT P LAVATORI;ST
Civil;200490010;4051220;SV TORNEIRA DE MESA C FEC AUT P LAVATORI;ST
Civil;200772986;4051221;SV TORNEIRA PAREDE C FEC AUT P LAVATORIO;ST
Civil;200490010;4051221;SV TORNEIRA PAREDE C FEC AUT P LAVATORIO;ST
Civil;200772986;4051222;"SV REGISTO DE GAVETA BRUTO 3/4""";ST
Civil;200490010;4051222;"SV REGISTO DE GAVETA BRUTO 3/4""";ST
Civil;200772986;4051223;SV TORNEIRA MESA BICA BAIXA P LAVATORIO;ST
Civil;200490010;4051223;SV TORNEIRA MESA BICA BAIXA P LAVATORIO;ST
Civil;200772986;4051224;SV TORNEIRA PAREDE CURTA P LAVATORIO;ST
Civil;200490010;4051224;SV TORNEIRA PAREDE CURTA P LAVATORIO;ST
Civil;200490010;4051225;SV TORNEIRA P TANQUE;ST
Civil;200772986;4051225;SV TORNEIRA P TANQUE;ST
Civil;200772986;4051226;SV TORNEIRA DE PAREDE PARA COZINHA;ST
Civil;200490010;4051226;SV TORNEIRA DE PAREDE PARA COZINHA;ST
Civil;200772986;4051227;SV TORNEIRA DE MESA P COZINHA;ST
Civil;200490010;4051227;SV TORNEIRA DE MESA P COZINHA;ST
Civil;200490010;4051228;SV TORNEIRA PAREDE BICA MOVEL P COZINHA;ST
Civil;200772986;4051228;SV TORNEIRA PAREDE BICA MOVEL P COZINHA;ST
Civil;200772986;4051229;SV TORNEIRA DE MESA BICA MOVEL P COZINHA;ST
Civil;200490010;4051229;SV TORNEIRA DE MESA BICA MOVEL P COZINHA;ST
Civil;200772986;4051230;"SV REGISTRO DE GAVETA BRUTO 1""";ST
Civil;200490010;4051230;"SV REGISTRO DE GAVETA BRUTO 1""";ST
Civil;200772986;4051231;SV CABIDE CROMADO;ST
Civil;200490010;4051231;SV CABIDE CROMADO;ST
Civil;200772986;4051232;SV PORTA TOALHA BARRA;ST
Civil;200490010;4051232;SV PORTA TOALHA BARRA;ST
Civil;200772986;4051233;SV PORTA TOALHA ARGOLA;ST
Civil;200490010;4012552;SV-CAIXA GORDURA PVC 150X75 C/ARO .;SV
Civil;200490010;4012620;SV-CAIXA GORDURA PVC 200X75 C/ARO .;SV
Civil;200490010;4011231;SV-CAIXA P/ AR CONDICIONADO 21.000BTUS .;SV
Civil;200490010;4011186;SV-CAIXA SANFONADA DE 150MM .;SV
Civil;200490010;4011470;SV-CAIXA SIFONADA PVC 100X50 C/ARO-GREL.;SV
Civil;200490010;4051233;SV PORTA TOALHA ARGOLA;ST
Civil;200772986;4051234;SV SABONETEIRA;ST
Civil;200490010;4051234;SV SABONETEIRA;ST
Civil;200772986;4051236;"SV REGISTRO DE GAVETA BRUTO 1 1/4""";ST
Civil;200490010;4051236;"SV REGISTRO DE GAVETA BRUTO 1 1/4""";ST
Civil;200772986;4051237;"SV REGISTRO DE GAVETA BRUTO 1 1/2""";ST
Civil;200490010;4051237;"SV REGISTRO DE GAVETA BRUTO 1 1/2""";ST
Civil;200772986;4051239;"SV REGISTRO DE GAVETA BRUTO 2""";ST
Civil;200490010;4051239;"SV REGISTRO DE GAVETA BRUTO 2""";ST
Civil;200772986;4051240;"SV REGISTRO DE GAVETA BRUTO 3""";ST
Civil;200490010;4051240;"SV REGISTRO DE GAVETA BRUTO 3""";ST
Civil;200772986;4051241;SV REGISTRO GAVETA C/CANOPLA CROMADA 3/4;ST
Civil;200490010;4051241;SV REGISTRO GAVETA C/CANOPLA CROMADA 3/4;ST
Civil;200490010;4012628;SV-CAMINHAO CACAMBA .;SV
Civil;200490010;4051242;SV CUBA INOX P COZ EMBUTIR 500X350X150MM;ST
Civil;200772986;4051242;SV CUBA INOX P COZ EMBUTIR 500X350X150MM;ST
Civil;200772986;4051243;SV TANQUE SIMPLES INOX C VALVULA;ST
Civil;200490010;4051243;SV TANQUE SIMPLES INOX C VALVULA;ST
Civil;200772986;4051244;SV CHUVEIRO 4 ESTAÇÕES PLÁSTICO;ST
Civil;200490010;4051244;SV CHUVEIRO 4 ESTAÇÕES PLÁSTICO;ST
Civil;200490010;4011443;SV-CANOPLA ANTI-VANDALISMO P/ DESCARGA .;SV
Civil;200772986;4051245;SV ASSENTO PARA SANITÁRIO OVAL;ST
Civil;200490010;4011464;SV-CAP DE PVC DE 100MM .;SV
Civil;200490010;4011459;SV-CAP DE PVC DE 150MM .;SV
Civil;200490010;4011441;SV-CAP DE PVC DE 25MM .;SV
Civil;200490010;4011438;SV-CAP DE PVC DE 50MM .;SV
Civil;200490010;4051245;SV ASSENTO PARA SANITÁRIO OVAL;ST
Civil;200772986;4051246;SV SIFAO AJUST P LAVATORIO COPO METALIZA;ST
Civil;200490010;4051246;SV SIFAO AJUST P LAVATORIO COPO METALIZA;ST
Civil;200772986;4051247;SV TANQUE 30 LITROS 510X535X295 MM;ST
Civil;200490010;4040998;SV-CERAMICA 60CMx60CM - PEI 5 - P/PISO C;SV
Civil;200490010;4051247;SV TANQUE 30 LITROS 510X535X295 MM;ST
Civil;200772986;4051248;SV TANQUE 40 LITROS 500X600X330 MM;ST
Civil;200490010;4051248;SV TANQUE 40 LITROS 500X600X330 MM;ST
Civil;200490010;4040995;SV-CERAMICA GAIL P/PAREDE C/ REJUNTE;SV
Civil;200490010;4040996;SV-CERAMICA GAIL P/PISO C/REJUNTAMENTO;SV
Civil;200772986;4051249;SV COLUNA PARA TANQUE 110X145X540 MM;ST
Civil;200490010;4051249;SV COLUNA PARA TANQUE 110X145X540 MM;ST
Civil;200772986;4051250;SV BACIA CONVENCIONAL;ST
Civil;200490010;4011456;SV-CHICOTE DE PVC DE 45CM .;SV
Civil;200490010;4051250;SV BACIA CONVENCIONAL;ST
Civil;200772986;4051251;SV BACIA PARA CAIXA ACOPLADA;ST
Civil;200490010;4051251;SV BACIA PARA CAIXA ACOPLADA;ST
Civil;200772986;4051252;SV CAIXA ACOPLADA PARA BACIA;ST
Civil;200490010;4051252;SV CAIXA ACOPLADA PARA BACIA;ST
Civil;200772986;4051253;SV MICTÓRIO COM SIFÃO INTEGRADO;ST
Civil;200490010;4051253;SV MICTÓRIO COM SIFÃO INTEGRADO;ST
Civil;200772986;4051254;SV LAVATÓRIO;ST
Civil;200490010;4051254;SV LAVATÓRIO;ST
Civil;200772986;4051255;SV COLUNA PARA LAVATÓRIO;ST
Civil;200490010;4051255;SV COLUNA PARA LAVATÓRIO;ST
Civil;200772986;4051256;SV LAVATÓRIO SUSPENSO;ST
Civil;200490010;4051256;SV LAVATÓRIO SUSPENSO;ST
Civil;200772986;4051257;SV CUBA DE EMBUTIR OVAL 305X390 MM;ST
Civil;200490010;4051257;SV CUBA DE EMBUTIR OVAL 305X390 MM;ST
Civil;200772986;4051258;SV CAIXA D'AGUA ALTA DENS 500L;ST
Civil;200490010;4051258;SV CAIXA D'AGUA ALTA DENS 500L;ST
Civil;200772986;4051259;SV CAIXA D'AGUA ALTA DENS 750L;ST
Civil;200490010;4051259;SV CAIXA D'AGUA ALTA DENS 750L;ST
Civil;200772986;4051260;SV CAIXA D'AGUA ALTA DENS 1000L;ST
Civil;200490010;4051260;SV CAIXA D'AGUA ALTA DENS 1000L;ST
Civil;200772986;4051261;SV CAIXA D'AGUA ALTA DENS 1500L;ST
Civil;200490010;4051261;SV CAIXA D'AGUA ALTA DENS 1500L;ST
Civil;200772986;4051262;SV CAIXA D'AGUA ALTA DENS 2000L;ST
Civil;200490010;4051262;SV CAIXA D'AGUA ALTA DENS 2000L;ST
Civil;200772986;4051263;SV CAIXA D'AGUA ALTA DENS 3000L;ST
Civil;200490010;4051263;SV CAIXA D'AGUA ALTA DENS 3000L;ST
Civil;200772986;4051264;SV CAIXA D'AGUA ALTA DENS 5000L;ST
Civil;200490010;4051264;SV CAIXA D'AGUA ALTA DENS 5000L;ST
Civil;200772986;4051265;SV TORNEIRA BÓIA PARA CAIXA D'ÁGUA;ST
Civil;200490010;4041000;SV-CONCRETO BETOMINADO FCK 30MPA - INTER;SV
Civil;200490010;4051265;SV TORNEIRA BÓIA PARA CAIXA D'ÁGUA;ST
Civil;200772986;4051266;"SV REGISTRO ESFERA SOLDÁVEL - 1/2""";ST
Civil;200490010;4051266;"SV REGISTRO ESFERA SOLDÁVEL - 1/2""";ST
Civil;200490010;4051267;"SV REGISTRO ESFERA SOLDÁVEL - 3/4""";ST
Civil;200772986;4051267;"SV REGISTRO ESFERA SOLDÁVEL - 3/4""";ST
Civil;200490010;4051268;"SV REGISTRO ESFERA SOLDÁVEL - 1""";ST
Civil;200772986;4051268;"SV REGISTRO ESFERA SOLDÁVEL - 1""";ST
Civil;200772986;4051269;"SV REGISTRO ESFERA SOLDÁVEL - 1.1/4""";ST
Civil;200490010;4051269;"SV REGISTRO ESFERA SOLDÁVEL - 1.1/4""";ST
Civil;200772986;4051270;"SV REGISTRO ESFERA SOLDÁVEL - 2""";ST
Civil;200490010;4051270;"SV REGISTRO ESFERA SOLDÁVEL - 2""";ST
Civil;200772986;4051271;"SV REGISTRO ESFERA SOLDÁVEL - 2.1/2""";ST
Civil;200490010;4051271;"SV REGISTRO ESFERA SOLDÁVEL - 2.1/2""";ST
Civil;200772986;4051272;"SV REGISTRO ESFERA ROSCÁVEL - 1/2""";ST
Civil;200490010;4051272;"SV REGISTRO ESFERA ROSCÁVEL - 1/2""";ST
Civil;200490010;4051273;"SV REGISTRO ESFERA ROSCÁVEL - 3/4""";ST
Civil;200772986;4051273;"SV REGISTRO ESFERA ROSCÁVEL - 3/4""";ST
Civil;200490010;4041001;SV-CONJUNTO FIXACAO DE LAVATORIO;SV
Civil;200490010;4011439;SV-CONJUNTO FIXACAO DE VASO .;SV
Civil;200772986;4051274;"SV REGISTRO ESFERA ROSCÁVEL - 1""";ST
Civil;200490010;4051274;"SV REGISTRO ESFERA ROSCÁVEL - 1""";ST
Civil;200772986;4051275;"SV REGISTRO ESFERA ROSCÁVEL - 1.1/4""";ST
Civil;200490010;4051275;"SV REGISTRO ESFERA ROSCÁVEL - 1.1/4""";ST
Civil;200772986;4051276;"SV REGISTRO ESFERA ROSCÁVEL - 2""";ST
Civil;200490010;4051276;"SV REGISTRO ESFERA ROSCÁVEL - 2""";ST
Civil;200772986;4051277;"SV ADAPTADOR P CAIXA D'AGUA C REG 2.1/2""";ST
Civil;200490010;4051277;"SV ADAPTADOR P CAIXA D'AGUA C REG 2.1/2""";ST
Civil;200772986;4051278;SV ADAPTADOR P CAIXA D'AGUA C REG 20MM;ST
Civil;200490010;4051278;SV ADAPTADOR P CAIXA D'AGUA C REG 20MM;ST
Civil;200772986;4051279;SV ADAPTADOR P CAIXA D'AGUA C REG 25MM;ST
Civil;200490010;4051279;SV ADAPTADOR P CAIXA D'AGUA C REG 25MM;ST
Civil;200772986;4051280;SV ADAPTADOR P CAIXA D'AGUA C REG 32MM;ST
Civil;200490010;4051280;SV ADAPTADOR P CAIXA D'AGUA C REG 32MM;ST
Civil;200772986;4051281;SV ADAPTADOR P CAIXA D'AGUA C REG 40MM;ST
Civil;200490010;4051281;SV ADAPTADOR P CAIXA D'AGUA C REG 40MM;ST
Civil;200772986;4051282;SV ADAPTADOR P CAIXA D'AGUA C REG 50MM;ST
Civil;200490010;4051282;SV ADAPTADOR P CAIXA D'AGUA C REG 50MM;ST
Civil;200772986;4051283;SV ADAPTADOR P CAIXA D'AGUA C REG 60MM;ST
Civil;200490010;4051283;SV ADAPTADOR P CAIXA D'AGUA C REG 60MM;ST
Civil;200772986;4051284;SV ADAPTADOR SOLD C ANEL P CX DAGUA 20MM;ST
Civil;200490010;4051284;SV ADAPTADOR SOLD C ANEL P CX DAGUA 20MM;ST
Civil;200772986;4051285;SV ADAPTADOR SOLD C ANEL P CX DAGUA 25MM;ST
Civil;200490010;4051285;SV ADAPTADOR SOLD C ANEL P CX DAGUA 25MM;ST
Civil;200772986;4051286;SV ADAPTADOR SOLD C ANEL P CX DAGUA 32MM;ST
Civil;200490010;4051286;SV ADAPTADOR SOLD C ANEL P CX DAGUA 32MM;ST
Civil;200772986;4051287;SV ADAPTADOR SOLD C ANEL P CX DAGUA 40MM;ST
Civil;200490010;4051287;SV ADAPTADOR SOLD C ANEL P CX DAGUA 40MM;ST
Civil;200772986;4051288;SV ADAPTADOR SOLD C ANEL P CX DAGUA 50MM;ST
Civil;200490010;4051288;SV ADAPTADOR SOLD C ANEL P CX DAGUA 50MM;ST
Civil;200490010;4011079;SV-CURVA LONGA DE PVC 32MM .;SV
Civil;200490010;4011075;SV-CURVA LONGA PVC 75MM (SOLDAVEL) .;SV
Civil;200490010;4011105;SV-CURVA PVC DE 110MM (SOLDAVEL) .;SV
Civil;200772986;4051289;SV ADAPTADOR SOLD C ANEL P CX DAGUA 60MM;ST
Civil;200490010;4051289;SV ADAPTADOR SOLD C ANEL P CX DAGUA 60MM;ST
Civil;200772986;4051290;"SV CONDULETE 1/2"" SEM ROSCA";ST
Civil;200490010;4051290;"SV CONDULETE 1/2"" SEM ROSCA";ST
Civil;200772986;4051291;"SV CONDULETE 3/4"" SEM ROSCA";ST
Civil;200490010;4051291;"SV CONDULETE 3/4"" SEM ROSCA";ST
Civil;200772986;4051292;"SV CONDULETE 1"" SEM ROSCA";ST
Civil;200490010;4051292;"SV CONDULETE 1"" SEM ROSCA";ST
Civil;200772986;4051294;"SV CONDULETE 1 1/2"" SEM ROSCA";ST
Civil;200490010;4051294;"SV CONDULETE 1 1/2"" SEM ROSCA";ST
Civil;200772986;4051295;"SV CONDULETE 2"" SEM ROSCA";ST
Civil;200490010;4051295;"SV CONDULETE 2"" SEM ROSCA";ST
Civil;200772986;4051296;"SV CONDULETE 2 1/2"" SEM ROSCA";ST
Civil;200490010;4051296;"SV CONDULETE 2 1/2"" SEM ROSCA";ST
Civil;200772986;4051297;"SV CONDULETE 3"" SEM ROSCA";ST
Civil;200490010;4051297;"SV CONDULETE 3"" SEM ROSCA";ST
Civil;200772986;4051298;"SV CONDULETE 4"" SEM ROSCA";ST
Civil;200490010;4051298;"SV CONDULETE 4"" SEM ROSCA";ST
Civil;200772986;4051299;"SV CONDULETE 1/2"" COM ROSCA";ST
Civil;200490010;4051299;"SV CONDULETE 1/2"" COM ROSCA";ST
Civil;200772986;4051300;"SV CONDULETE 3/4"" COM ROSCA";ST
Civil;200490010;4051300;"SV CONDULETE 3/4"" COM ROSCA";ST
Civil;200772986;4051301;"SV CONDULETE 1"" COM ROSCA";ST
Civil;200490010;4051301;"SV CONDULETE 1"" COM ROSCA";ST
Civil;200772986;4051302;"SV CONDULETE 1 1/4"" COM ROSCA";ST
Civil;200490010;4051302;"SV CONDULETE 1 1/4"" COM ROSCA";ST
Civil;200772986;4051303;"SV CONDULETE 1 1/2"" COM ROSCA";ST
Civil;200490010;4051303;"SV CONDULETE 1 1/2"" COM ROSCA";ST
Civil;200772986;4051304;"SV CONDULETE 2"" COM ROSCA";ST
Civil;200490010;4051304;"SV CONDULETE 2"" COM ROSCA";ST
Civil;200772986;4051305;"SV CONDULETE 2 1/2"" COM ROSCA";ST
Civil;200490010;4051305;"SV CONDULETE 2 1/2"" COM ROSCA";ST
Civil;200772986;4051306;"SV CONDULETE 3"" COM ROSCA";ST
Civil;200490010;4051306;"SV CONDULETE 3"" COM ROSCA";ST
Civil;200772986;4051307;"SV CONDULETE 4"" COM ROSCA";ST
Civil;200490010;4051307;"SV CONDULETE 4"" COM ROSCA";ST
Civil;200772986;4051308;SV CX PASSAGEM ALUM 100 X 100 X 60 mm;ST
Civil;200490010;4051308;SV CX PASSAGEM ALUM 100 X 100 X 60 mm;ST
Civil;200772986;4051309;SV CX PASSAGEM ALUM 150 X 150 X 100 mm;ST
Civil;200490010;4051309;SV CX PASSAGEM ALUM 150 X 150 X 100 mm;ST
Civil;200772986;4051310;SV CX PASSAGEM ALUM 200 X 200 X 100 mm;ST
Civil;200490010;4051310;SV CX PASSAGEM ALUM 200 X 200 X 100 mm;ST
Civil;200772986;4051311;"SV CX PASSAGEM PVC 4"" x 2""";ST
Civil;200490010;4012759;"SV-DOBRADICA CROMADA 3 X 2"" P/PORTA .";SV
Civil;200490010;4041007;SV-DOBRADIÇA VAI-E-VEM;SV
Civil;200490010;4051311;"SV CX PASSAGEM PVC 4"" x 2""";ST
Civil;200490010;4041008;"SV-DUCHA HIGIÊNICA - ""DOCOL""";SV
Civil;200772986;4051312;"SV CX PASSAGEM PVC 4"" x 4""";ST
Civil;200490010;4051312;"SV CX PASSAGEM PVC 4"" x 4""";ST
Civil;200772986;4051313;"SV CX PASSAGEM OCT 4"" x 4"" FUNDO MOVEL";ST
Civil;200490010;4051313;"SV CX PASSAGEM OCT 4"" x 4"" FUNDO MOVEL";ST
Civil;200772986;4051314;"SV CX PASSAGEM OCT 3"" x 3"" ANEL DESLIZAN";ST
Civil;200490010;4051314;"SV CX PASSAGEM OCT 3"" x 3"" ANEL DESLIZAN";ST
Civil;200772986;4051315;"SV CX PASSAGEM OCT 4"" x 4"" ANEL DESLIZAN";ST
Civil;200490010;4051315;"SV CX PASSAGEM OCT 4"" x 4"" ANEL DESLIZAN";ST
Civil;200772986;4051316;"SV LUVA DE PRESSÃO 3/8""";ST
Civil;200490010;4051316;"SV LUVA DE PRESSÃO 3/8""";ST
Civil;200772986;4051317;"SV LUVA DE PRESSÃO 1/2""";ST
Civil;200490010;4051317;"SV LUVA DE PRESSÃO 1/2""";ST
Civil;200772986;4051318;"SV LUVA DE PRESSÃO 3/4""";ST
Civil;200490010;4051318;"SV LUVA DE PRESSÃO 3/4""";ST
Civil;200772986;4051319;"SV LUVA DE PRESSÃO 1""";ST
Civil;200490010;4051319;"SV LUVA DE PRESSÃO 1""";ST
Civil;200772986;4051320;SV PROLONGADOR CX OCTOGONAL;ST
Civil;200490010;4051320;SV PROLONGADOR CX OCTOGONAL;ST
Civil;200772986;4051321;SV SUPORTE P INST TOMADAS E INT CANALETA;ST
Civil;200490010;4051321;SV SUPORTE P INST TOMADAS E INT CANALETA;ST
Civil;200772986;4051322;SV COTOVELO PARA CANALETA;ST
Civil;200490010;4051322;SV COTOVELO PARA CANALETA;ST
Civil;200772986;4051323;SV TAMPA EXTREMIDADE PARA CANALETA;ST
Civil;200490010;4051323;SV TAMPA EXTREMIDADE PARA CANALETA;ST
Civil;200772986;4051324;"SV CX LUZ ELETRODUTO REF 4"" x 2""";ST
Civil;200490010;4051324;"SV CX LUZ ELETRODUTO REF 4"" x 2""";ST
Civil;200772986;4051325;"SV CX LUZ ELETRODUTO REF 4"" x 4""";ST
Civil;200490010;4051325;"SV CX LUZ ELETRODUTO REF 4"" x 4""";ST
Civil;200772986;4051326;SV CX LUZ ELETRODUTO REF OCT FUNDO MOVEL;ST
Civil;200490010;4051326;SV CX LUZ ELETRODUTO REF OCT FUNDO MOVEL;ST
Civil;200772986;4051327;SV CX LUZ ELETRODUTO REF OCT FUNDO FIXO;ST
Civil;200490010;4051327;SV CX LUZ ELETRODUTO REF OCT FUNDO FIXO;ST
Civil;200772986;4051328;SV PROLONGADOR ELETRODUTO REFORÇADO;ST
Civil;200490010;4011451;SV-ESPELHO CRISTAL DE 6MM .;SV
Civil;200490010;4051328;SV PROLONGADOR ELETRODUTO REFORÇADO;ST
Civil;200772986;4051329;SV CX EMBUTIR OCT FUNDO MOVEL ELET REF;ST
Civil;200490010;4051329;SV CX EMBUTIR OCT FUNDO MOVEL ELET REF;ST
Civil;200490010;4012987;SV-FECHADURA LIVRE/OCUPADA P/DIVISORIA .;SV
Civil;200490010;4041009;SV-FECHADURA LOCKELL CROMADA P/DIVISORIA;SV
Civil;200490010;4013109;SV-FECHADURA P/PORTA EXT TIPO ALAVANCA .;SV
Civil;200490010;4013076;SV-FECHADURA P/PORTA EXT TIPO BOLA .;SV
Civil;200490010;4011206;"SV-FERROLHO TARJETA DE 4"" - CROMADO .";SV
Civil;200772986;4051331;SV DISJUTOR MONOPOLAR 10 A 25A;ST
Civil;200490010;4051331;SV DISJUTOR MONOPOLAR 10 A 25A;ST
Civil;200772986;4051332;SV DISJUTOR MONOPOLAR 32 a 63A;ST
Civil;200490010;4051332;SV DISJUTOR MONOPOLAR 32 a 63A;ST
Civil;200772986;4051333;SV DISJUTOR BIPOLAR 10 a 25A;ST
Civil;200490010;4051333;SV DISJUTOR BIPOLAR 10 a 25A;ST
Civil;200772986;4051334;SV DISJUTOR BIPOLAR 32 a 63A;ST
Civil;200490010;4051334;SV DISJUTOR BIPOLAR 32 a 63A;ST
Civil;200772986;4051335;SV DISJUTOR TRIPOLAR 10 a 25A;ST
Civil;200490010;4051335;SV DISJUTOR TRIPOLAR 10 a 25A;ST
Civil;200490010;4041010;SV-FÓRMICA NAS CORES (BRANCO, BEGE E AZU;SV
Civil;200490010;4010930;SV-FORRO EM GESSO ACARTONADO .;SV
Civil;200490010;4011162;SV-FORRO LA DE ROCHA.;SV
Civil;200772986;4051336;SV DISJUTOR TRIPOLAR 32 a 63A;ST
Civil;200490010;4051336;SV DISJUTOR TRIPOLAR 32 a 63A;ST
Civil;200772986;4051337;SV DISJUTOR PROT DIF BIPOLAR 10 a 40A;ST
Civil;200490010;4051337;SV DISJUTOR PROT DIF BIPOLAR 10 a 40A;ST
Civil;200772986;4051338;SV DISJUTOR TRIPOLAR 160A 690/800 V;ST
Civil;200490010;4051338;SV DISJUTOR TRIPOLAR 160A 690/800 V;ST
Civil;200490010;4041012;SV-GRANITO BRANCO;SV
Civil;200490010;4041011;SV-GRANITO CINZA;SV
Civil;200772986;4051339;SV QDC C BARRAMENTO +GERAL 12 DISJUNTOR;ST
Civil;200490010;4051339;SV QDC C BARRAMENTO +GERAL 12 DISJUNTOR;ST
Civil;200772986;4051340;SV QDC C BARRAMENTO +GERAL 24 DISJUNTOR;ST
Civil;200490010;4051340;SV QDC C BARRAMENTO +GERAL 24 DISJUNTOR;ST
Civil;200772986;4051341;SV QDC C BARRAMENTO +GERAL 36 DISJUNTOR;ST
Civil;200490010;4041015;SV-IMPERM. C/MANTA ROLO 90CMx10M;SV
Civil;200490010;4041013;SV-IMPERM. C/MANTA-ROLO 40CMx10M;SV
Civil;200490010;4051341;SV QDC C BARRAMENTO +GERAL 36 DISJUNTOR;ST
Civil;200772986;4051342;"SV PLACA CEGA 2 X 4"" + SUPORTE";ST
Civil;200490010;4051342;"SV PLACA CEGA 2 X 4"" + SUPORTE";ST
Civil;200772986;4051343;"SV PLACA UM POSTO 2 X 4"" + SUPORTE";ST
Civil;200490010;4051343;"SV PLACA UM POSTO 2 X 4"" + SUPORTE";ST
Civil;200490010;4012510;SV-ISOLAMENTO AREA C/FITA ZEBRADA .;SV
Civil;200490010;4040792;SV-ISOLAMENTO COM TAPUMES EM MADERITE;SV
Civil;200772986;4051344;"SV PLACA DOIS POSTOS 2 X 4"" + SUPORTE";ST
Civil;200490010;4051344;"SV PLACA DOIS POSTOS 2 X 4"" + SUPORTE";ST
Civil;200772986;4051345;"SV PLACA TRÊS POSTOS 2 X 4"" + SUPORTE";ST
Civil;200490010;4051345;"SV PLACA TRÊS POSTOS 2 X 4"" + SUPORTE";ST
Civil;200772986;4051346;"SV PLACA 1 + 1 POSTOS 4 X 4"" +SUPORTE";ST
Civil;200490010;4051346;"SV PLACA 1 + 1 POSTOS 4 X 4"" +SUPORTE";ST
Civil;200772986;4051347;"SV PLACA 2 + 2 POSTOS 4 X 4"" + SUPORTE";ST
Civil;200490010;4051347;"SV PLACA 2 + 2 POSTOS 4 X 4"" + SUPORTE";ST
Civil;200772986;4051348;"SV PLACA 3 + 3 POSTOS 4 X 4"" + SUPORTE";ST
Civil;200490010;4011195;SV-JOELHO DE PVC 100MM X 45º (ESGOTO) .;SV
Civil;200490010;4011161;SV-JOELHO DE PVC 100MM X 90º (ESGOTO) .;SV
Civil;200490010;4011190;SV-JOELHO DE PVC 200MM .;SV
Civil;200490010;4011191;SV-JOELHO PVC 50MM X 45º .;SV
Civil;200490010;4011173;SV-JOELHO PVC 50MM X 90º .;SV
Civil;200490010;4051348;"SV PLACA 3 + 3 POSTOS 4 X 4"" + SUPORTE";ST
Civil;200772986;4051349;SV TOMADA 2P+T 1MÓDULO - 10A/250V;ST
Civil;200490010;4010922;SV-JOELHO/LUVA PVC ESG PLUV CL. 8 150MM.;SV
Civil;200490010;4010919;SV-JOELHO/LUVA PVC ESG PLUV CL. 8 200MM.;SV
Civil;200490010;4051349;SV TOMADA 2P+T 1MÓDULO - 10A/250V;ST
Civil;200772986;4051350;SV TOMADA 2P+T 1MÓDULO - 20A/250V;ST
Civil;200490010;4051350;SV TOMADA 2P+T 1MÓDULO - 20A/250V;ST
Civil;200490010;4040794;SV-KIT'S DE REPARO P/ CX ACOPLADA - DECA;SV
Civil;200772986;4051351;SV INTERRUPTOR SIMPLES 1MÓDULO - 10A/250;ST
Civil;200490010;4051351;SV INTERRUPTOR SIMPLES 1MÓDULO - 10A/250;ST
Civil;200490010;4040797;SV-LAVATÓRIO - CUBA INOX 400x340MM;SV
Civil;200772986;4051352;SV INTERRUPTOR PARALELO 1MÓDULO-10A/250;ST
Civil;200490010;4040795;SV-LAVATÓTIO OVAL CERÂMICO;SV
Civil;200490010;4011330;SV-LINHA DE MADEIRA 3X4 .;SV
Civil;200490010;4051352;SV INTERRUPTOR PARALELO 1MÓDULO-10A/250;ST
Civil;200772986;4051355;SV INTERRUPTOR SIMP BIPOLAR 1MÓD-10A/250;ST
Civil;200490010;4051355;SV INTERRUPTOR SIMP BIPOLAR 1MÓD-10A/250;ST
Civil;200772986;4051356;SV INTERRUPTOR PARA BIPOLAR 1MÓD-10A/250;ST
Civil;200490010;4051356;SV INTERRUPTOR PARA BIPOLAR 1MÓD-10A/250;ST
Civil;200772986;4051357;SV 1MÓDULO CEGO;ST
Civil;200490010;4051357;SV 1MÓDULO CEGO;ST
Civil;200772986;4051358;SV 1MÓDULO SAÍDA FIO 11 mm;ST
Civil;200490010;4051358;SV 1MÓDULO SAÍDA FIO 11 mm;ST
Civil;200772986;4051359;SV 1MÓDULO CONECTOR RJ45;ST
Civil;200490010;4051359;SV 1MÓDULO CONECTOR RJ45;ST
Civil;200772986;4051360;SV 1MÓDULO CONECTOR RJ11;ST
Civil;200490010;4051360;SV 1MÓDULO CONECTOR RJ11;ST
Civil;200772986;4051361;SV 1MÓDULO PULSADOR CAMPAINHA;ST
Civil;200490010;4011151;"SV-LUVA DE REDUCAO PVC 50MM X 1.1/2"" .";SV
Civil;200490010;4051361;SV 1MÓDULO PULSADOR CAMPAINHA;ST
Civil;200772986;4051363;SV 1TOMADA 4 CONTATOS + RJ11;ST
Civil;200490010;4051363;SV 1TOMADA 4 CONTATOS + RJ11;ST
Civil;200772986;4051364;SV LUMINARIA 2X32W FORRO ITAIM 2050;ST
Civil;200490010;4011259;"SV-LUVA DE REDUCAOO PVC 25MM X 3/4"" .";SV
Civil;200490010;4011177;"SV-LUVA PVC 20MM X 1/2"" .";SV
Civil;200490010;4011156;SV-LUVA PVC DE 75MM (SOLDAVEL).;SV
Civil;200490010;4051364;SV LUMINARIA 2X32W FORRO ITAIM 2050;ST
Civil;200772986;4051365;SV LUMINARIA 2X32W SOBREPOR ITAIM 3050;ST
Civil;200490010;4051365;SV LUMINARIA 2X32W SOBREPOR ITAIM 3050;ST
Civil;200772986;4051366;SV LUMINARIA 4X16W SOBREPOR ITAIM 2003;ST
Civil;200490010;4051366;SV LUMINARIA 4X16W SOBREPOR ITAIM 2003;ST
Civil;200772986;4051367;SV LUMINARIA 4X28/54W SOBREPOR ITAIM2005;ST
Civil;200490010;4051367;SV LUMINARIA 4X28/54W SOBREPOR ITAIM2005;ST
Civil;200772986;4051368;SV LUMINARIA COMP 4X26W ITAIM 2105;ST
Civil;200490010;4051368;SV LUMINARIA COMP 4X26W ITAIM 2105;ST
Civil;200772986;4051369;SV LUMINARIA COMP 2X32W ITAIM 3003;ST
Civil;200490010;4051369;SV LUMINARIA COMP 2X32W ITAIM 3003;ST
Civil;200772986;4051370;SV REFLETOR ILUM C LAMP VAPOR MET E REAT;ST
Civil;200490010;4051370;SV REFLETOR ILUM C LAMP VAPOR MET E REAT;ST
Civil;200772986;4051371;SV BASE PARA FOTOCÉLULA;ST
Civil;200490010;4051371;SV BASE PARA FOTOCÉLULA;ST
Civil;200772986;4051372;SV RELÉ FOTOELÉTRICO 10A;ST
Civil;200490010;4051372;SV RELÉ FOTOELÉTRICO 10A;ST
Civil;200772986;4051374;"SV HASTE DE ATERR DO GRADIL 5/8""X3000MM";ST
Civil;200490010;4051374;"SV HASTE DE ATERR DO GRADIL 5/8""X3000MM";ST
Civil;200772986;4051375;SV GRAMPO ESTANHADO P ATERR DE CERCA;ST
Civil;200490010;4040799;SV-MASSA UNICA INT C/AR CI CAL ESP 15 MM;SV
Civil;200490010;4051375;SV GRAMPO ESTANHADO P ATERR DE CERCA;ST
Civil;200490010;4041050;SV-MEIO FIO CONCRETO PRE-MOLDADO H=30 CM;SV
Civil;200490010;4041051;SV-MEIO FIO CONCRETO PRE-MOLDADO H=50 CM;SV
Civil;200772986;4051390;SV PORTA REVESTIDA FORMICA 0,60 X 1,80M;ST
Civil;200490010;4014177;SV-MICTORIO C/SIFAO INTEGRADO-BRANCA .;SV
Civil;200490010;4051390;SV PORTA REVESTIDA FORMICA 0,60 X 1,80M;ST
Civil;200490010;4011298;SV-MOLA DE PISO P/ PORTA DE VIDRO .;SV
Civil;200772986;4051391;SV PORTA PRANCHETA UMA FOLHA 0.60 X 2.10;ST
Civil;200490010;4051391;SV PORTA PRANCHETA UMA FOLHA 0.60 X 2.10;ST
Civil;200772986;4051392;SV PORTA PRANCHETA UMA FOLHA 0.70 X 2.10;ST
Civil;200490010;4051392;SV PORTA PRANCHETA UMA FOLHA 0.70 X 2.10;ST
Civil;200490010;4014009;SV-PISO CONCRETO ARMADO C/TELA DUPLA .;SV
Civil;200772986;4051394;SV PORTA PRANCHETA UMA FOLHA 0.80 X 2.10;ST
Civil;200490010;4041052;SV-PISO EM GRANITO 30CMx30CM CINZA CORUM;SV
Civil;200490010;4041053;SV-PISO EM PEDRA ARDOSIA 30CMx20CM;SV
Civil;200490010;4051394;SV PORTA PRANCHETA UMA FOLHA 0.80 X 2.10;ST
Civil;200490010;4041054;SV-PISO PAVIFLEX LISO 30CMx30CM;SV
Civil;200490010;4041057;SV-PISO PORCELANATO 100CMx100CM - PEI 5;SV
Civil;200490010;4041055;SV-PISO PORCELANATO 40CMx40CM - PEI 5;SV
Civil;200490010;4041056;SV-PISO PORCELANATO 60CMx60CM-PEI 5;SV
Civil;200772986;4051395;SV PORTA PRANCHETA UMA FOLHA 0.60 X 2.10;ST
Civil;200490010;4051395;SV PORTA PRANCHETA UMA FOLHA 0.60 X 2.10;ST
Civil;200772986;4051396;SV PORTA PRANCHETA UMA FOLHA 0.70 X 2.10;ST
Civil;200490010;4051396;SV PORTA PRANCHETA UMA FOLHA 0.70 X 2.10;ST
Civil;200772986;4051397;SV PORTA PRANCHETA UMA FOLHA 0.80 X 2.10;ST
Civil;200490010;4051397;SV PORTA PRANCHETA UMA FOLHA 0.80 X 2.10;ST
Civil;200772986;4051398;SV PORTA PRANCHETA UMA FOLHA 1.00X2.10;ST
Civil;200490010;4051398;SV PORTA PRANCHETA UMA FOLHA 1.00X2.10;ST
Civil;200772986;4051399;SV CAP E PLUG 40 MM;ST
Civil;200490010;4051399;SV CAP E PLUG 40 MM;ST
Civil;200772986;4051400;"SV PLACA CEGA 4X4"" + SUPORTE";ST
Civil;200490010;4051400;"SV PLACA CEGA 4X4"" + SUPORTE";ST
Civil;200490010;4013134;SV-PORTAS DE MADEIRA 60X2,10 C/MARCO 15.;SV
Civil;200490010;4041059;SV-PORTAS DE MADEIRA 70X2,10 C/MARCO 15;SV
Civil;200490010;4012935;SV-PORTAS DE MADEIRA 80X2,10 C/MARCO 15.;SV
Civil;200490010;4041060;SV-PORTAS DE MADEIRA 90X2,10 C/MARCO 15;SV
Civil;200490010;4011474;SV-RALO SECO PVC 40 MM C/ARO-GRELHA PVC.;SV
Civil;200490010;4011025;"SV-REGISTRO ESFERA METAL 1"" A 2"" .";SV
Civil;200490010;4011014;"SV-REGISTRO ESFERA METAL 1/2"" E 3/4"" .";SV
Civil;200490010;4011055;"SV-REGISTRO ESFERA PVC 1"" A 2"".";SV
Civil;200490010;4041063;"SV-SV-REGISTRO ESFERA PVC 1/2"" E 3/4""";SV
Civil;200490010;4010911;SV-REGISTRO GAV C/ACABAMENTO CROM 25MM .;SV
Civil;200490010;4010909;SV-REGISTRO GAV C/ACABAMENTO CROM 32MM .;SV
Civil;200490010;4010915;SV-REGISTRO PRES C/ACAB CROM 25MM .;SV
Civil;200490010;4011418;SV-SIFAO METAL P/LAVATORIO E PIA 1 A 1 .;SV
Civil;200490010;4011331;SV-TAMPA P/ CX BOCA-DE-LOBO .;SV
Civil;200490010;4011070;SV-TE PVC 100MM .;SV
Civil;200490010;4011136;SV-TE PVC 50MM .;SV
Civil;200490010;4011054;SV-TE PVC 50MM X 25MM .;SV
Civil;200490010;4012376;SV-TELHA FIBROCIMENTO ONDULADA ESP 6 MM.;SV
Civil;200490010;4041068;SV-TELHA FIBROCIMENTO ONDULADA ESP 8 MM;SV
Civil;200490010;4041067;SV-TELHA FIBROCIMENTO TIPO KALHETAO;SV
Civil;200490010;4041069;"SV-TORNEIRA BOIA METAL P/CX DAGUA 1.1/2""";SV
Civil;200490010;4041070;"SV-TORNEIRA BOIA METAL P/CX DAGUA 3/4""";SV
Civil;200490010;4041071;SV-TORNEIRA BOIA P/CX DESCARGA  PVC 1/2;SV
Civil;200490010;4011121;SV-TORNEIRA MESA CROMADA-FABRIMAR .;SV
Civil;200490010;4041072;SV-TORNEIRA MISTURAD BICA MOVEL-FABRIMAR;SV
Civil;200490010;4011069;SV-TORNEIRA PAREDE BICA MOVEL-FABRIMAR .;SV
Civil;200490010;4011125;"SV-TORNEIRA PVC DE 1/2"" (PLASTICO) .";SV
Civil;200490010;4011106;SV-TUBO PVC 6,00M X 20MM .;SV
Civil;200490010;4011100;SV-TUBO PVC 6,00M X 50MM .;SV
Civil;200490010;4011074;SV-TUBO PVC 6,00M X 75MM (SOLDAVEL) .;SV
Civil;200490010;4041075;SV-TUBULACAO ESG CLOACAL/PLUV CL.8 150 M;SV
Civil;200490010;4041076;SV-TUBULACAO ESG CLOACAL/PLUV CL.8 200 M;SV
Civil;200490010;4011137;"SV-UNIAO PVC DE 1.1/2"" .";SV
Civil;200490010;4041077;SV-VALVULA CROMADA C/LADRAO P/LAVATÓRIO;SV
Civil;200490010;4011433;SV-VALVULA DESC HIDRA 40 MM C/ACAB CROM.;SV
Civil;200490010;4011080;"SV-VALVULA LATAO CROMADO DE 1"" E 1/2"" .";SV
Civil;200490010;4011430;SV-VALVULA P/MICTORIO C/ACAB CROM .;SV
Civil;200490010;4012949;SV-VIDRO LISO INCOLOR ESP 4MM .;SV
Civil;200490010;4012895;SV-VIDRO LISO INCOLOR ESP 6MM .;SV
Civil;200490010;4041078;SV-VIDRO TEMPERADO DE 6MM;SV
Civil;200490010;4041079;SV-VIDRO TEMPERADO DE 8MM;SV
Civil;200490010;4011135;SV-VIDRO TRANSPARENTE DE 6MM .;SV
Civil;200490010;4123124;MARTELETE ELÉTRICO DE 30KG;SV
Civil;200490010;4123125;MARTELETE ELÉTRICO DE 5KG;SV
Civil;200490010;4123126;SERRA CIRCULAR MANUAL;SV
Civil;200490010;4123127;FURADEIRA DE 2KG;SV
Civil;200490010;4123128;SERRA TICO TICO;SV
Civil;200490010;4123129;CORTADORA DE PISO;SV
Civil;200490010;4123530;MOBILIZAÇÃO E DESMOBILIZAÇÃO DE RETROESC;SV
Civil;200490010;4123531;ARGAMASSA REPARO ESTRUTURAL;SV
Civil;200490010;4123532;SUPERGRAUTE ALTA RESISTÊNCIA 25KG;SV
Civil;200490010;4123533;CAIXA ESTACIONÁRIA;SV
Civil;200490010;4123540;PERFURATRIZ;SV
Civil;200490010;4123541;"BROCA 1 1/2""= 38,1MM PARA PERFURATRIZ";SV
Civil;200490010;4123542;"BROCA 2 1/4""= 57,15MM PARA PERFURATRIZ";SV
Civil;200490010;4123543;"BROCA 3 1/4""= 82,55MM PARA PERFURATRIZ";SV
Civil;200490010;4123544;"BROCA 5"" = 127MM PARA PERFURATRIZ";SV
Civil;200490010;4123545;"BROCA 6 1/4""= 158,75MM PARA PERFURATRIZ";SV
Civil;200490010;4123546;VIBRADOR A COMBUSTÃO COM CHICOTE;SV
Civil;200490010;4123547;ARMATEC NEUTRALIZADOR DE FERRUGEM;SV
Civil;200490010;4123548;SERRA MÁRMORE;SV
Civil;200490010;4123549;COMPACTADOR DE PISO;SV
Civil;200490010;4123550;ROLO COMPACTADOR HIDRÁULICO;SV
Civil;201332350;4096184;SOLDADOR/MAÇARIQUEIRO - ROTINA;SV
Civil;201332350;4096185;MARTELETEIRO - ROTINA;SV
Civil;201332350;4096186;VIDRACEIRO - ROTINA;SV
Civil;201332350;4096188;ALMOXARIFE - ROTINA;SV
Civil;201332350;4096191;SUPERVISOR DE OBRAS - ROTINA;SV
Civil;201332350;4096195;ARMADOR ROTINA;SV
Civil;201332350;4096196;OFICIAL DE RECUPERAÇÃO ROTINA;SV
Civil;201332350;4096207;LOC MISTURADOR PLANETÁRIO HORIZON 500KG;TAG
Civil;201332350;4096209;LOC AUTO TRANSF TRIFÁSICO 35 KVA /127V;TAG
Civil;200772986;4055613;SV LOCAÇÃO DE SANITÁRIO QUÍMICO;SV
Civil;200490010;4055613;SV LOCAÇÃO DE SANITÁRIO QUÍMICO;SV
Civil;200772986;4056606;SISTEMA DE REVESTIMENTO ARGAMASSADO CIME;M2
Civil;200490010;4056606;SISTEMA DE REVESTIMENTO ARGAMASSADO CIME;M2
Civil;201813190;4056670;SV - SMARTPHONE PARA RDO ELETRONICO;SV
Civil;200772986;4056709;REVESTIMENTO ANTICORROSIVO EPOXI DE ALTA;M2
Civil;200490010;4056709;REVESTIMENTO ANTICORROSIVO EPOXI DE ALTA;M2
Civil;200772986;4056714;"LINHA DE VIDA EM CABO DE AÇO 3/8""";M
Civil;200490010;4056714;"LINHA DE VIDA EM CABO DE AÇO 3/8""";M
Civil;200772986;4056715;"CLIPS GALVANIZADO P/CABOS 3/8""";SV
Civil;200490010;4056715;"CLIPS GALVANIZADO P/CABOS 3/8""";SV
Civil;200772986;4056716;"LINHA DE VIDA EM CABO DE AÇO 1/2""";M
Civil;200490010;4056716;"LINHA DE VIDA EM CABO DE AÇO 1/2""";M
Civil;200772986;4056717;"CLIPS GALVANIZADO P/CABOS 1/2""";SV
Civil;200490010;4056717;"CLIPS GALVANIZADO P/CABOS 1/2""";SV
Civil;200772986;4056721;SV - EXAUSTOR 220V vazao 3000m³/h;SV
Civil;200490010;4056721;SV - EXAUSTOR 220V vazao 3000m³/h;SV
Civil;200772986;4056723;CABO PP 500V 3X2,5MM²;M
Civil;200490010;4056723;CABO PP 500V 3X2,5MM²;M
Civil;200772986;4056724;TOMADA 3X16A 220/240V N3046 STECK;ST
Civil;200490010;4056724;TOMADA 3X16A 220/240V N3046 STECK;ST
Civil;200775708;4058056;SV-PINTURA TINTA ESMALTE BASE ÁGUA - ES;M2
Civil;200775708;4058062;SV MOB E DESMOB DE PLATAFORMA 35/25 RT;SV
Civil;200775708;4058063;SV MOB E DESMOB PLATAFORMA 1350;SV
Civil;200775708;4058064;PINTURA TINTA ESMALTE BASE SOLVENTE 1 DE;M2
Civil;200775708;4058065;PINTURA TINTA ESMALTE BASE SOLVENTE 2 DE;M2
Civil;200775708;4058066;PINTURA TINTA ESMALTE BASE SOLVENTE - 1;M2
Civil;200775708;4058067;PINTURA TINTA ESMALTE BASE SOLVENTE - 2;M2
Civil;200775708;4058068;SV-APLICAÇÃO DE  VERNIZ SINTÉTICO BASE;M2
Civil;200775708;4058069;SV-PRIMER ÓXIDO DE FERRO - BASE SOLVENT;M2
Civil;200775708;4058070;SV-PINTURA TINTA ESMALTE BASE ÁGUA - 1;M2
Civil;200775708;4058071;SV-PINTURA TINTA ESMALTE BASE ÁGUA - PA;M2
Civil;200775708;4058072;SV-PINTURA TINTA ESMALTE BASE ÁGUA - ESQ;M2
Civil;200775708;4058073;SV - FORNECIMENTO E MONTAGEM DE ANDAIME;M3
Civil;200775708;4058074;SV - PINTURA ESMALTE SINTÉTICO BASE SOLV;ML
Civil;200775708;4058075;SV - PINTURA ESMALTE SINTÉTICO BASE ÁGUA;ML
Civil;200775708;4058076;SV-PINTURA TINTA EPOXI BASE SOLVENTE;M2
Civil;200775708;4058077;SV-PINTURA TINTA EPOXI BASE SOLVENTE 2;M2
Civil;200772986;4058589;CERAMICA GAIL IND. 1017 BEGE 240X116X17M;M2
Civil;200490010;4058589;CERAMICA GAIL IND. 1017 BEGE 240X116X17M;M2
Civil;200772986;4058850;"TUBO CPVC 100MM (4"")";M
Civil;200490010;4058850;"TUBO CPVC 100MM (4"")";M
Civil;200772986;4058851;"TUBO CPVC 50MM (2"")";M
Civil;200490010;4058851;"TUBO CPVC 50MM (2"")";M
Civil;200772986;4058852;"CURVA LONGA CPVC 100MM (4"") 90°";ST
Civil;200490010;4058852;"CURVA LONGA CPVC 100MM (4"") 90°";ST
Civil;200772986;4058853;"TE CPVC 100MM (4"")";ST
Civil;200490010;4058853;"TE CPVC 100MM (4"")";ST
Civil;201332350;4096420;HIDRÁULICO - HORA NORMAL;H
Civil;201332350;4096421;HIDRÁULICO - HORA NORMAL À DISPOSIÇÃO;H
Civil;201332350;4096424;HIDRÁULICO - HORA EXTRA À DISPOSIÇÃO;H
Civil;201332350;4096426;HIDRÁULICO - HORA EXTRA NOTURNA;H
Civil;201332350;4096427;HIDRÁULICO - HORA EXTRA NOTURNA À DISPOS;H
Civil;201332350;4096428;HIDRÁULICO - HORA PERICULOSA 100%;H
Civil;201332350;4096429;HIDRÁULICO - HORA PERICULOSA 50%;H
Civil;201332350;4096430;HIDRÁULICO - HORA INSALUBRE 100%;H
Civil;201332350;4096431;HIDRÁULICO - HORA INSALUBRE 50%;H
Civil;201332350;4096432;SERRALHEIRO - HORA NORMAL;H
Civil;201332350;4096433;SERRALHEIRO - HORA NORMAL À DISPOSIÇÃO;H
Civil;201332350;4096436;SERRALHEIRO - HORA EXTRA À DISPOSIÇÃO;H
Civil;201332350;4096437;SERRALHEIRO - HORA NOTURNA À DISPOSIÇÃO;H
Civil;201332350;4096438;SERRALHEIRO - HORA EXTRA NOTURNA;H
Civil;201332350;4096439;SERRALHEIRO - HORA EXTRA NOTURNA À DISP;H
Civil;201332350;4096440;SERRALHEIRO - HORA PERICULOSA 100%;H
Civil;201332350;4096441;SERRALHEIRO - HORA PERICULOSA 50%;H
Civil;201332350;4096442;SERRALHEIRO - HORA INSALUBRE 100%;H
Civil;201332350;4096443;SERRALHEIRO - HORA INSALUBRE 50%;H
Civil;201332350;4096444;CARPINTEIRO - HORA NORMAL;H
Civil;201332350;4096445;CARPINTEIRO - HORA NORMAL À DISPOSIÇÃO;H
Civil;201332350;4096448;CARPINTEIRO - HORA EXTRA À DISPOSIÇÃO;H
Civil;201332350;4096449;CARPINTEIRO - HORA NOTURNA À DISPOSIÇÃO;H
Civil;201332350;4096450;CARPINTEIRO - HORA EXTRA NOTURNA;H
Civil;201332350;4096451;CARPINTEIRO - HORA EXTRA NOTURNA À DISPO;H
Civil;201332350;4096452;CARPINTEIRO - HORA PERICULOSA 100%;H
Civil;201332350;4096453;CARPINTEIRO - HORA PERICULOSA 50%;H
Civil;201332350;4096454;CARPINTEIRO - HORA INSALUBRE 100%;H
Civil;201332350;4096455;CARPINTEIRO - HORA INSALUBRE 50%;H
Civil;201332350;4096456;ARMADOR - HORA NORMAL;H
Civil;201332350;4096457;ARMADOR - HORA NORMAL À DISPOSIÇÃO;H
Civil;201332350;4096458;ARMADOR - HORA EXTRA 50%;H
Civil;201332350;4096459;ARMADOR - HORA EXTRA 100%;H
Civil;201332350;4096460;ARMADOR - HORA EXTRA À DISPOSIÇÃO;H
Civil;201332350;4096461;ARMADOR - HORA NOTURNA À DISPOSIÇÃO;H
Civil;201332350;4096462;ARMADOR - HORA EXTRA NOTURNA;H
Civil;201332350;4096463;ARMADOR - HORA EXTRA NOTURNA À DISPOSIÇÃ;H
Civil;201332350;4096464;ARMADOR - HORA PERICULOSA 100%;H
Civil;201332350;4096465;ARMADOR - HORA PERICULOSA 50%;H
Civil;201332350;4096466;ARMADOR - HORA INSALUBRE 100%;H
Civil;201332350;4096467;ARMADOR - HORA INSALUBRE 50%;H
Civil;201332350;4098064;MOBILIZAÇÃO INICIAL  p/ pessoa;H
Civil;201332350;4098133;Rtroativo Coordenador Integridade;H
Civil;201332350;4098134;Rtroativo Coordenador facilities;H
Civil;200772986;4058854;"LUVA CPVC 100MM (4"")";ST
Civil;200490010;4058854;"LUVA CPVC 100MM (4"")";ST
Civil;200772986;4059074;SACOS DE RÁFIA;ST
Civil;200490010;4059074;SACOS DE RÁFIA;ST
Civil;200772986;4059075;FORMA EM TÁBUA DE LEI TIPO PRANCHÃO;M2
Civil;200490010;4059075;FORMA EM TÁBUA DE LEI TIPO PRANCHÃO;M2
Civil;200490010;4059396;CONCRETO FCK 40MPA PROJETADO VIA SECA C;M3
Civil;200772986;4059396;CONCRETO FCK 40MPA PROJETADO VIA SECA C;M3
Civil;200303818;4060318;"ANCORAGEM QUÍMICA SISTEMA HVA DA H 1/2""";CM
Civil;200303818;4060319;"""ANCORAGEM QUÍMICA SISTEMA HVA DA 7/8";CM
Civil;200303818;4060320;"FURAÇÃO EM BLOCO CARBONO COM COROA 3/4""";CM
Civil;200303818;4060321;"FURAÇÃO EM BLOCO CARBONO COM COROA 1/2""";CM
Civil;200303818;4060383;"FURAÇÃO EM BLOCO CARBONO COM COROA 2""";CM
Civil;200303818;4060384;"FURAÇÃO EM BLOCO CARBONO COM COROA 3""";CM
Civil;200303818;4060385;"FURAÇÃO EM BLOCO CARBONO COM COROA 4""";CM
Civil;200303818;4060386;SV-GRAUTEAMENTO BASE EQUIP EPOXI SIKADUR;M3
Civil;200303818;4060387; SV-GRAUTEAMENTO BASE EQUIP PEGA RÁPIDA;M3
Civil;200303818;4060388;SV-GRAUTEAMENTO DE BASE EQUIP CIMENTÍCIO;M3
Civil;200303818;4060389;ANCORAGEM QUÍMICA SISTEMA HVA DA 5/8;CM
Civil;200303818;4060390;ANCORAGEM QUÍMICA SISTEMA HVA DA 3/4;CM
Civil;200303818;4060391;"ANCORAGEM QUÍMICA SISTEMA HVA DA 1""";CM
Civil;200303818;4060392;ANCORAGEM QUÍMICA SISTEMA HVA DA 3/16;CM
Civil;200303818;4060393;"ARMADURA CA-50 D <= 1/2"" INCLUSIVE CORTE";KG
Civil;200303818;4060394;DEMOLIÇÃO DE CONCRETO ARMADO COM MARTELE;M3
Civil;200303818;4060395;FORMA PARA RECUPERAÇÃO DE ESTRUTURAS SEM;M2
Civil;200303818;4060396;APICOAMENTO MECÂNICO COM MARTELETE ELÉTR;M2
Civil;200303818;4060397;MOBILIZAÇÃO E DESMOBILIZAÇÃO DO OPERADOR;SV
Civil;200303818;4060398;MOBILIZAÇÃO E DESMOBILIZAÇÃO DO AJUDANTE;SV
Civil;200303818;4060399;MOBILIZAÇÃO E DESMOBILIZAÇÃO DO TÉCNICO;SV
Civil;200303818;4060400;MOBILIZAÇÃO E DESMOBILIZAÇÃO DO ENCARREG;SV
Civil;200303818;4060401;FORNECIMENTO E APLICAÇÃO DE JUNTA ELÁST2;M
Civil;200303818;4060402;REPARO DE BORDA DE JUNTA DE DILATAÇÃO (P;M
Civil;200303818;4060403;FORNECIMENTO E APLICAÇÃO DE INJEÇÃO DE G;CDM
Civil;200303818;4060404;FORNECIMENTO E APLICAÇÃO DE GEL ACRÍLICO;CDM
Civil;200303818;4060405;FORNECIMENTO E APLICAÇÃO DE INJEÇÃO DE R;CDM
Civil;200303818;4060406;FORNECIMENTO E APLICAÇÃO DE INJEÇÃO DE P;CDM
Civil;200303818;4060407;FORNECIMENTO E APLICAÇÃO DE MASTIQUE EM;CDM
Civil;200303818;4060408;FORNECIMENTO E APLICAÇÃO DE ESTUQUE;M2
Civil;200303818;4060409;FORNECIMENTO E APLICAÇÃO DE GRAUTE;M3
Civil;200303818;4060410;RECUPERAÇÃO DE BROCAS E NICHOS, ATÉ 3CM;M2
Civil;200303818;4060411;RECUPERAÇÃO DE BROCAS E NICHOS, ATÉ 6CM;M2
Civil;200303818;4060412;RECUPERAÇÃO DE BROCAS E NICHOS, ATÉ 10CM;M2
Civil;200303818;4060413;FORNECIMENTO E APLICAÇÃO DE JUNTA 1CM;M
Civil;200303818;4060414;FORNECIMENTO E APLICAÇÃO DE JUNTA 1,5CM;M
Civil;200303818;4060415;FORNECIMENTO E APLICAÇÃO DE JUNTA 2,5CM;M
Civil;200303818;4060416;FORNECIMENTO E APLICAÇÃO DE JUNTA 3CM;M
Civil;200303818;4060417;FORNECIMENTO E APLICAÇÃO DE JUNTA 3,5CM;M
Civil;200303818;4060418;FORNECIMENTO E APLICAÇÃO DE JUNTA 4CM;M
Civil;200303818;4060419;FORNECIMENTO E APLICAÇÃO DE JUNTA 5CM;M
Civil;200303818;4060420;FORNECIMENTO E APLICAÇÃO DE MASTIQUE EM;CDM
Civil;200303818;4060421;FORNECIMENTO E APLICAÇÃO DE JUNTA 2CM;M
Civil;200303818;4060422;FORNECIMENTO E APLICAÇÃO DE JUNTA ELÁ2,5;M
Civil;200775708;4060650;PINTOR Valor HE (R$) Feriados e Dom;H
Civil;200775708;4060651;PINTOR Valor de Hora Noturna (R$) 22:00;H
Civil;200775708;4060652;PINTOR Valor H com Insalubridade;H
Civil;200775708;4060653;PINTOR Valor de MOB/DESMOB Extra;SV
Civil;200775708;4060654;ENCARREGADO Valor HE (R$) Feriados e Dom;H
Civil;200775708;4060655;ENCARREGADO Valor de Hora Noturna (R$);H
Civil;200775708;4060656;ENCARREGADO Valor H com Insalubridade;H
Civil;200775708;4060657;ENCARREGADO Valor de MOB/DESMOB Extra;SV
Civil;200775708;4060658;TEC PLANEJ Valor Mensal (R$);SV
Civil;200775708;4060659;TEC PLANEJ Valor HE (R$) Seg a Sab;H
Civil;200775708;4060660;TEC PLANEJ Valor HE (R$) Feriados e Dom;H
Civil;200775708;4060661;TEC PLANEJ Valor de Hora Noturna (R$) 22;H
Civil;200775708;4060662;TEC PLANEJ Valor H com Insalubridade;H
Civil;200775708;4060663;TEC PLANEJ Valor H com Periculosidade;H
Civil;200775708;4060664;TEC PLANEJ Valor de MOB/DESMOB Extra;SV
Civil;200775708;4060665;TEC SEG Valor HE (R$) Feriados e Dom;H
Civil;200775708;4060666;TEC SEG Valor de Hora Noturna (R$) 22:00;H
Civil;200775708;4060667;TEC SEG Valor H com Insalubridade;H
Civil;200775708;4060668;TEC SEG Valor de MOB/DESMOB Extra;SV
Civil;200775708;4060669;SV-APLICAÇÃO DE PRIMER EPOXI HIDROSSOLÚ;M2
Civil;200775708;4060670;SV-PINTURA TINTA EPOXI HIDROSSOLÚVEL;M2
Civil;200775708;4060672;COMPRESSOR DIÁRIA;SV
Civil;200775708;4060673;EQUIPAMENTO DE HIDROJATO DIÁRIA;SV
Civil;200775708;4060674; PLATAFORMA MÓVEL MODELO 600 AJ MENSAL;SV
Civil;200775708;4060675;PLATAFORMA MÓVEL MODELO 1350 MENSAL;SV
Civil;200775708;4060676;COMPRESSOR MENSAL;SV
Civil;200775708;4060677;EQUIPAMENTO DE HIDROJATO MENSAL;SV
Civil;200775708;4061193;MOB E DESMOB COMPRESSOR;SV
Civil;200775708;4061194;MOB E DESMOB HIDROJATO;SV
Civil;200772986;4061933;CONCRETO 40 MPA PROJETADO VIA SECA, COM;M3
Civil;200490010;4061933;CONCRETO 40 MPA PROJETADO VIA SECA, COM;M3
Civil;200772986;4061990;ARMADURA CA-50 DN 6,3MM INCLUSIVE CORTE,;KG
Civil;200490010;4061990;ARMADURA CA-50 DN 6,3MM INCLUSIVE CORTE,;KG
Civil;200772986;4061991;ARMADURA CA-50 DN 8,0MM INCLUSIVE CORTE;KG
Civil;200490010;4061991;ARMADURA CA-50 DN 8,0MM INCLUSIVE CORTE;KG
Civil;200772986;4061992;ARMADURA CA-50 DN 10,0MM INCLUSIVE CORT;KG
Civil;200490010;4061992;ARMADURA CA-50 DN 10,0MM INCLUSIVE CORT;KG
Civil;200772986;4061993;ARMADURA CA-50 DN 12,5MM INCLUSIVE CORT;KG
Civil;200490010;4061993;ARMADURA CA-50 DN 12,5MM INCLUSIVE CORT;KG
Civil;200775708;4062110;SV-PINTURA COM TINTA EPOXI FENOLICO;M2
Civil;201813190;4062573;SV - LEITOR NFC PARA RDO ELETRONICO;SV
Civil;201813190;4062793;SV MECÂNICO ALPINISTA NI/N2 HN;H
Civil;201813190;4062794;SV MECÂNICO ALPINISTA NI/N2 HE 100;H
Civil;201813190;4062795;SV MECÂNICO ALPINISTA NI/N2 HE 50;H
Civil;201813190;4062796;SV MECÂNICO ALPINISTA NI/N2 AN;H
Civil;201813190;4062811;Teste de Atenção Imediata (TAI);SV
Civil;201813190;4062812;SV DIÁRIA CJ Aparelho Autônomo de Resp;SV
Civil;201813190;4062813;Caminhão Munk mensal;SV
Civil;201813190;4062814;Manta Asfáltica metro linear;SV
Civil;201813190;4062815;Passarela de Telhado certificada Unidade;SV
Civil;201813190;4062816;Projeto de linha de Vida Unidade;SV
Civil;201813190;4062817;Calha de até 1,25mm metro linear;SV
Civil;201813190;4062818;Plataforma Elevatória 26M DIÁRIA;SV
Civil;201813190;4062819;Plataforma Elevatória 43M DIÁRIA;SV
Civil;200775708;4062821;SV- Supervisor de Pintura- (VERBA MÊS);SV
Civil;200303818;4062825;SV - MOB/DESMOB LOC ROBÔ DE DEMOLIÇÃO;SV
Civil;200772986;4062826;CORDÃO ABSOR LÍQ AGRESS -7,60CM X 1,20M;ST
Civil;200490010;4062826;CORDÃO ABSOR LÍQ AGRESS -7,60CM X 1,20M;ST
Civil;201813190;4062840;MOB UNICA Aparelho Autônomo de Respira;SV
Civil;201813190;4062841;MOB/DESMOB Plataforma Elevatória 26M;SV
Civil;201813190;4062842;MOB/DESMOB Plataforma Elevatória 43M;SV
Civil;200303818;4062985;SV - LOC ROBÔ DE DEMOLIÇÃO CONTROLADO;SV
Civil;200775708;4063118;SV- Supervisor de Pintura-HE SEG A SAB;H
Civil;200775708;4063119;SV- Supervisor de Pintura-HE FER E DOMIN;H
Civil;200491752;4096198;MOB DE NOVO EFEITIVO FIXO P/ PESSOA;SV
Civil;200772986;4063140;BIG BAG MATE IMPERMEAVEL 500KG c/4 Alças;ST
Civil;200490010;4063140;BIG BAG MATE IMPERMEAVEL 500KG c/4 Alças;ST
Civil;200775708;4063180;SV- Supervisor de Pintura-HORA ADC NOTUR;H
Civil;200775708;4063181;SV- Supervisor de Pintura-HORA C/INSALUB;H
Civil;200775708;4063182;SV- Supervisor de Pintura-HORA C/PERICUL;H
Civil;200775708;4063183;SV- Supervisor de Pintura-MOB/DESMOB EXT;SV
Civil;200303818;4063615;SV-Técnico Planejamento- Hora Extr Resid;H
Civil;200303818;4063616;SV-Técnico Planejamento- Hora Notur Resi;H
Civil;200303818;4063617;SV-Técnico Planej-HORA EXT NOTURNA RESID;H
Civil;200303818;4063618;SV-Técnico Planej-HORA A DISPOSIÇÃO;H
Civil;200303818;4063619;SV-Técnico Planej-HORA NORMAL CHEIA;H
Civil;200303818;4064510;SV-Técnico Planej-HORA NOTURNA CHEIA;H
Civil;200303818;4064511;SV-Técnico Planej-HORA EXTRAORD CHEIA;H
Civil;200772986;4065170;CONCRETO 30 MPA USIN PII – FATOR 0,55;M3
Civil;200490010;4065170;CONCRETO 30 MPA USIN PII – FATOR 0,55;M3
Civil;200772986;4065171;CONCRETO 30 MPA  USINADO CP-V 03 DIAS;M3
Civil;200490010;4065171;CONCRETO 30 MPA  USINADO CP-V 03 DIAS;M3
Civil;200772986;4065172;CONCRETO 20 MPA USINADO CP-V, 24 HORAS;M3
Civil;200490010;4065172;CONCRETO 20 MPA USINADO CP-V, 24 HORAS;M3
Civil;200772986;4065173;CONCRETO 10 MPA PRÉ-MISTUR USINADO CPII;M3
Civil;200490010;4065173;CONCRETO 10 MPA PRÉ-MISTUR USINADO CPII;M3
Civil;200775708;4065193;SV-PINTURA C/TINTA ETIL SILICATO INORG;M2
Civil;201813190;4066002;SV - Técnico de planejamento HN;H
Civil;200775708;4066040;SV-PINTURA COM TINTA EPÓXI TAR FREE;M2
Civil;201813190;4066293;SV - Técnico de planej HN + HE SEG-SAB;H
Civil;201813190;4066294;SV - Técnico de planej HN + HE DOM-FERI;H
Civil;201813190;4066295;SV - Técnico de planej HN + AD NOT;H
Civil;201813190;4066296;SV - Técnico de planej adicional Pericul;MON
Civil;201813190;4066297;SV - Técnico de planej H pericul + HE;H
Civil;200775708;4066380;SV- Supervisor de Segurança;SV
Civil;200775708;4066381;SV- Supervisor Segurança- HE Seg a Sab;H
Civil;200775708;4066382;SV- Supervisor Segurança- HE Feriad Dom;H
Civil;200775708;4066383;SV- Supervisor Segurança- Hora Noturna;H
Civil;200775708;4066384;SV- Supervisor Segurança-Valor H c/Insal;H
Civil;200775708;4066385;SV- Supervisor Segurança-Valor H c/Peric;H
Civil;200775708;4066386;SV- Supervisor Segurança-MOB/DESMOB;SV
Civil;200491752;4096402;CONSULT TÉCNICA - SERVIÇOS ESPECIALIZADO;H
Civil;200772986;4066520;AGREGADO MINERAL DE QUARTZO 100% SECO DE;KG
Civil;200490010;4066520;AGREGADO MINERAL DE QUARTZO 100% SECO DE;KG
Civil;200772986;4066521;PONTE DE ADERÊNCIA P/REVESTIMENTOS;M2
Civil;200490010;4066521;PONTE DE ADERÊNCIA P/REVESTIMENTOS;M2
Civil;200772986;4066522;REVESTIMENTO EPÓXI DE ALTA RESISTÊNCIA;M2
Civil;200490010;4066522;REVESTIMENTO EPÓXI DE ALTA RESISTÊNCIA;M2
Civil;200772986;4066523;REVESTIMENTO DE URETANO ARGAMASSADO DE A;M2
Civil;200490010;4066523;REVESTIMENTO DE URETANO ARGAMASSADO DE A;M2
Civil;201813190;4067120;Técnico de Segurança do Trabalho add Per;MON
Civil;200491752;4096419;Diária de Parada p/pessoa;TAG
Civil;201813190;4067121;Supervisor de Acesso N3 add Pericul mês;MON
Civil;201813190;4067122;Pintor Alpinista N1/N2 add Pericul mês;MON
Civil;201813190;4067123;Caldeireiro Alpinista N1/N2 add Pericul;MON
Civil;201813190;4067124;Ajudante add Pericul mês;MON
Civil;201813190;4067125;Técnico de Segurança do Trabalho H Peric;H
Civil;201813190;4067126;Supervisor de Acesso N3 H Peric. + Extra;H
Civil;201813190;4067127;Pintor Alpinista N1/N2 H Peric. + Extra;H
Civil;201813190;4067128;Caldeireiro Alpinista N1/N2 H Peric. + E;H
Civil;201813190;4067129;Ajudante H Peric. + Extra (seg a sáb);H
Civil;300343622;4100163;HIDRÁULICO - HORA NORMAL À DISPOSIÇÃO;H
Civil;300343622;4100166;HIDRÁULICO - HORA EXTRA À DISPOSIÇÃO;H
Civil;300343622;4100167;HIDRÁULICO - HORA NOTURNA À DISPOSIÇÃO;H
Civil;300343622;4100168;HIDRÁULICO - HORA EXTRA NOTURNA;H
Civil;300343622;4100169;HIDRÁULICO - HORA EXTRA NOTURNA À DISPOS;H
Civil;300343622;4100180;HIDRÁULICO - HORA INSALUBRE 100%;H
Civil;300343622;4100181;HIDRÁULICO - HORA INSALUBRE 50%;H
Civil;300343622;4100183;CARPINTEIRO - HORA NORMAL À DISPOSIÇÃO;H
Civil;300343622;4100186;CARPINTEIRO - HORA EXTRA À DISPOSIÇÃO;H
Civil;300343622;4100187;CARPINTEIRO - HORA NOTURNA À DISPOSIÇÃO;H
Civil;300343622;4100188;CARPINTEIRO - HORA EXTRA NOTURNA;H
Civil;300343622;4100189;CARPINTEIRO - HORA EXTRA NOTURNA À DISPO;H
Civil;300343622;4100190;CARPINTEIRO - HORA INSALUBRE 100%;H
Civil;300343622;4100191;CARPINTEIRO - HORA INSALUBRE 50%;H
Civil;300343622;4123595;AUXILIAR DE PLANEJAMENTO NORMAL;H
Civil;300343622;4123596;AUXILIAR DE PLANEJAMENTO HE 50%;H
Civil;300343622;4123597;AUXILIAR DE PLANEJAMENTO HE 100%;H
Civil;300343622;4059549;Rolo compactador;SV
Civil;300343622;4123266;Compactador de solo;SV
Civil;300343622;4123268;Cortador de piso;SV
Civil;300343622;4123631;Transporte de entrega dos equip (MOB);SV
Civil;300343622;4123632;Transporte de retorno dos equip (DESMOB);SV
Civil;200346506;4101412;Faturamento Direto HB LOCACOES;SV
Civil;200380154;4101413;Faturamento Direto ROMESTUR;SV
Civil;300780238;4101299;Faturamento Direto M D TRANSPORTES;SV
Civil;200775708;4069718;SV - MOTORISTA (Mob/Desmob);SV
Civil;200775708;4069719;SV- MOTORISTA (Periculosidade);SV
Civil;200775708;4069750;SV - MOTORISTA (HE Seg a Sex);H
Civil;200775708;4069751;SV-MOTORISTA (HE Dom e Feriado);H
Civil;200775708;4069752;SV - MOTORISTA (Hora Noturna);H
Civil;200775708;4069753;SV - MOTORISTA (VERBA MÊS);SV
Civil;200775708;4069754;SV - MOTORISTA (Insalubridade);SV
Civil;200775708;4070533;SV - Camiminhão Munk- Mensal;SV
Civil;201464634;4072370;Locação de Linhas de Vida;SV
Civil;201464634;4072371;Serviços de Engenharia para Linhas Certi;SV
Civil;201464634;4072372;Inspeção de Linhas de Vida Permanentes;SV
Civil;201464634;4072373;Assessoria para Análise de Riscos de Tra;SV
Civil;201464634;4072374;Sistemas de Proteção Contra Quedas;SV
Civil;201813190;4072750;Transporte interno e externo (OB x MMB);SV
Civil;201813190;4073177;ETILÔMETRO BAF 300 S/ IMPRESSORA+MANUTEN;SV
Civil;200775708;4073947;SV - HE CAMINHÃO MUNCK;H
Civil;201813190;4074384;MOB/DESMOB Equipe  (p/ colab.);SV
Civil;201813190;4074636;SV - Ajudante AN HE 50;H
Civil;201813190;4074637;SV - Ajudante AN HE 100;H
Civil;201813190;4074638;SV-Supervisor acesso(Irata N3)AN HE 50;H
Civil;201813190;4074639;SV-Supervisor acesso(Irata N3)AN HE 100;H
Civil;201813190;4074650;SV - Tec. de Seguranca AN HE 50;H
Civil;201813190;4074651;SV - Tec. de Seguranca AN HE 100;H
Civil;201813190;4074652;SV - Técnico de planej HN + AD NOT HE 50;H
Civil;201813190;4074653;SV -Técnico de planej HN + AD NOT HE 100;H
Civil;201418204;4076666;Roçadeira;SV
Civil;201418204;4077899;Tecnico de segurança;SV
Civil;201813190;4078675;MOB/DESMOB Equipe sob demanda (<90d);SV
Civil;201813190;4078678;SV - Ajudante HN-HORA OCIOSA;H
Civil;201813190;4078679;SV - Ajudante AN-HORA OCIOSA;H
Civil;200772986;4079115;SV - COLCHÃO RENO;SV
Civil;200490010;4079115;SV - COLCHÃO RENO;SV
Civil;200772986;4079116;SV - ENROCAMENTO COM PEDRA DE MÃO;SV
Civil;200490010;4079116;SV - ENROCAMENTO COM PEDRA DE MÃO;SV
Civil;201813190;4079270;SV - Ajudante HE 50-HORA OCIOSA;H
Civil;201813190;4079271;SV-Ajudante HE 100-HORA OCIOSA;H
Civil;201813190;4079272;SV-CaldeireiroAlpinista N1/N2 HN H-HO;H
Civil;201813190;4079273;SV-CaldeireiroAlpinista N1/N2 AN H-HO;H
Civil;201813190;4079274;SV-CaldeireiroAlpinista N1/N2 HE 50 H-HO;H
Civil;201813190;4079275;SV-CaldeireiroAlpinista N1/N2 HE 100-HO;H
Civil;201813190;4079276;SV-CaldeireiroAlpinista N1/N2 AN HE H-HO;H
Civil;201813190;4079277;SV-CaldeireiroAlpinistaN1/N2 AN HE100-HO;H
Civil;201813190;4079278;SV-Supervisorde acesso (Irata N3) HN-HO;H
Civil;201813190;4079279;SV-Supervisor de acesso(Irata N3)AN-HO;H
Civil;201813190;4079280;SV-Supervisor de acesso(IrataN3)HE 50-HO;H
Civil;201813190;4079281;SV-Supervisor de acesso(IrataN3)HE100-HO;H
Civil;201813190;4079282;SV-Tec. de Seguranca HN H-HORA OCIOSA;H
Civil;201813190;4079283;SV-Tec. de Seguranca AN H-HORA OCIOSA;H
Civil;201813190;4079284;SV-Tec. de Seguranca HE 50 H-HORA OCIOSA;H
Civil;201813190;4079285;SV-Tec.de Seguranca HE 100 H-HORA OCIOSA;H
Civil;201813190;4079286;SV-Técnico de planejamento HN H-HO;H
Civil;201813190;4079287;SV-Técnico de planej HN+HE SEG-SAB H-HO;H
Civil;201813190;4079288;SV-Técnico de planej HN+HE DOM-FERI-HO;H
Civil;201813190;4079289;SV-Técnico de planej HN + AD NOT H-HO;H
Civil;201813190;4079290;SV - Ajudante AN HE 50 H-HORA OCIOSA;H
Civil;201813190;4079291; SV - Ajudante AN HE 100 H-HORA OCIOSA;H
Civil;201813190;4079292;SV-Supervisor de acesso(IrataN3)AN HE-HO;H
Civil;201813190;4079294;SV-Supervisor acesso(IrataN3)ANHE100H-HO;H
Civil;201813190;4079295;SV-Tec. de Seguranca AN HE 50 H-HO;H
Civil;201813190;4079296;SV - Tec. de Seguranca AN HE 100 H-HO;H
Civil;201813190;4079297;SV-Técnico de planej HN+AD NOT HE 50-HO;H
Civil;201813190;4079298;SV-Técnico planej HN+AD NOT HE 100H-HO;H
Civil;201418204;4079960;SV Operador de Equipamento Mensal;SV
Civil;201418204;4079961;SV ENCARREGADO MENSAL;SV
Civil;201418204;4079962;SV Pedreiro Mensal;SV
Civil;201418204;4079963;SV Operador de Roçadeira Mensal;SV
Civil;201418204;4079964;SV Preposto Mensal;SV
Civil;201418204;4079965;Motosserra;SV
Civil;201418204;4079966;Roçadeira Robotizada p/ trabalho taludes;SV
Civil;201418204;4079967;Transp. Equipamentos moveis entre SITES;SV
Civil;300353618;4079968;Caminhao 3/4 carroceria cabine suplement;SV
Civil;300353618;4079969;Camionete Cabine Dupla 4x4;SV
Civil;300353618;4079980;Mini Escavadeira;SV
Civil;201418204;4079981;Compactador a Percussão;H
Civil;201418204;4079982;Encarregado HE 100%;H
Civil;201418204;4079983;Pedreiro HE 100%;H
Civil;201418204;4079984;Operador de Roçadeira HE 100%;H
Civil;201418204;4079985;Operador de Equipamento HE 100%;H
Civil;201418204;4079986;Tecnico de segurança HE 100%;H
Civil;201418204;4079987;Roçadeira HE;H
Civil;201418204;4079988;Motosserra HE;H
Civil;300353618;4079989;Camionete Cabine Dupla 4x4 HE;H
Civil;300353618;4079990;Mini Escavadeira HE;H
Civil;201418204;4079991;Roçadeira Robotizada HE;H
Civil;300353618;4079992;Caminhao 3/4 carroceria cab. Supl. HE;H
Civil;200572646;4080763;Remoção pav danificado,carga,transporte;SV
Civil;200572646;4080764;Aplic colchão solo coesivo ou pó pedra;SV
Civil;200572646;4080765;Assentamento das pedras irregulares;SV
Civil;200572646;4080766;Enc argila ou similar para pav poliédric;SV
Civil;200572646;4080767;Compactação de pavimento poliédrico;SV
Civil;200572646;4080768;Mobilização/Desmobilização de Serviços;SV
Civil;200572646;4080769;Mobilização/Desmobilização de Mão de Obr;SV
Civil;201574182;4080770;Serviço de tarjetas/Canaleta;SV
Civil;201574182;4080771;Aplicação de CBUQ Faixa C;SV
Civil;201574182;4080772;Serviço de tapa-buracos;SV
Civil;201574182;4080773;Pintura Sinalização horiz  retro reflex;SV
Civil;201574182;4080774;Mob/Desmob de Serviços Tapa buraco;SV
Civil;201574182;4080775;Mob/Desmob Sv de Pavimentação Asfáltica;SV
Civil;201574182;4080776;Mob/Desmob SV tarjetas/Canaleta;SV
Civil;201574182;4080777;Mob/Desmob Serviços Sinalização;SV
Civil;200775708;4095274;PINTOR Valor de Desmob;SV
Civil;200775708;4095275;ENCARREGADO Valor de Desmob;SV
Civil;200775708;4095276;TEC PLANEJ Valor de desmob;SV
Civil;200775708;4095277;TEC SEG Valor de desmob;SV
Civil;200775708;4095278;SV- Supervisor de Segurança desmob;SV
Civil;200775708;4095279;SV- Supervisor Segurança-Desmob;SV
Civil;200775708;4095910;SV - MOTORISTA desmob;SV
Civil;200775708;4095911;SV DESMOb de plataforma móvel 1350;SV
Civil;200775708;4095914;SV DESMOB DE PLATAFORMA 35/25 RT;SV
Civil;200775708;4095915;DESMOB HIDROJATO;SV
Civil;200775708;4095933;DESMOB COMPRESSOR;SV
Civil;200490010;4095974;TÉC. SEGURANÇA - ROTINA;SV
Civil;201332350;4095974;TÉC. SEGURANÇA - ROTINA;SV
Civil;200491752;4095974;TÉC. SEGURANÇA - ROTINA;SV
Civil;300343622;4095974;TÉC. SEGURANÇA - ROTINA;SV
Civil;201332350;4095975;ENCARREGADO - ROTINA;SV
Civil;200490010;4095975;ENCARREGADO - ROTINA;SV
Civil;200491752;4095975;ENCARREGADO - ROTINA;SV
Civil;300343622;4095975;ENCARREGADO - ROTINA;SV
Civil;201332350;4095976;OFICIAL (PEDREIRO) - ROTINA;SV
Civil;200490010;4095976;OFICIAL (PEDREIRO) - ROTINA;SV
Civil;200491752;4095976;OFICIAL (PEDREIRO) - ROTINA;SV
Civil;300343622;4095976;OFICIAL (PEDREIRO) - ROTINA;SV
Civil;201332350;4095977;AJUDANTE - ROTINA;SV
Civil;200490010;4095977;AJUDANTE - ROTINA;SV
Civil;300343622;4095977;AJUDANTE - ROTINA;SV
Civil;201332350;4096181;ENGENHEIRO - ROTINA;SV
Civil;200491752;4096181;ENGENHEIRO - ROTINA;SV
Civil;201332350;4096187;OPERADOR DE MÁQUINA - ROTINA;SV
Civil;200491752;4096187;OPERADOR DE MÁQUINA - ROTINA;SV
Civil;300343622;4096187;OPERADOR DE MÁQUINA - ROTINA;SV
Civil;201332350;4096192;HIDRÁULICO ROTINA;SV
Civil;300343622;4096192;HIDRÁULICO ROTINA;SV
Civil;200491752;4096194;CARPINTEIRO ROTINA;SV
Civil;201332350;4096194;CARPINTEIRO ROTINA;SV
Civil;200490010;4096194;CARPINTEIRO ROTINA;SV
Civil;300343622;4096194;CARPINTEIRO ROTINA;SV
Civil;200491752;4096197;INSPETOR/PLANEJADOR - ROTINA;SV
Civil;201332350;4096197;INSPETOR/PLANEJADOR - ROTINA;SV
Civil;200490010;4096201;RETRO ESCAVADEIRA - DIÁRIA;TAG
Civil;200491752;4096201;RETRO ESCAVADEIRA - DIÁRIA;TAG
Civil;201332350;4096201;RETRO ESCAVADEIRA - DIÁRIA;TAG
Civil;300343622;4096201;RETRO ESCAVADEIRA - DIÁRIA;TAG
Civil;200491752;4096202;CAMINHÃO BÁSCULA - DIÁRIA;TAG
Civil;200490010;4096202;CAMINHÃO BÁSCULA - DIÁRIA;TAG
Civil;201332350;4096202;CAMINHÃO BÁSCULA - DIÁRIA;TAG
Civil;300343622;4096202;CAMINHÃO BÁSCULA - DIÁRIA;TAG
Civil;200490010;4096203;CAMINHÃO CARROCERIA MUNCK - DIÁRIA;TAG
Civil;201332350;4096203;CAMINHÃO CARROCERIA MUNCK - DIÁRIA;TAG
Civil;200491752;4096203;CAMINHÃO CARROCERIA MUNCK - DIÁRIA;TAG
Civil;300343622;4096203;CAMINHÃO CARROCERIA MUNCK - DIÁRIA;TAG
Civil;201332350;4096204;COMPRESSOR 250 PCM - DIÁRIA;TAG
Civil;200491752;4096204;COMPRESSOR 250 PCM - DIÁRIA;TAG
Civil;201332350;4096205;GERADOR 10kVA - DIÁRIA;TAG
Civil;200491752;4096205;GERADOR 10kVA - DIÁRIA;TAG
Civil;201332350;4096206;BOMBA SUBMERSÍVEL PORTÁTIL - DIÁRIA;TAG
Civil;200491752;4096206;BOMBA SUBMERSÍVEL PORTÁTIL - DIÁRIA;TAG
Civil;201332350;4096208;COMPRESSOR 825 PCM - DIÁRIA;TAG
Civil;200491752;4096208;COMPRESSOR 825 PCM - DIÁRIA;TAG
Civil;201332350;4096210;MOB/DESMOB MAQ JATEAMENTO ABRASIVO;SV
Civil;200491752;4096210;MOB/DESMOB MAQ JATEAMENTO ABRASIVO;SV
Civil;201332350;4096211;MOB/DESMOB MÁQUINA DE PROJEÇÃO;SV
Civil;200491752;4096211;MOB/DESMOB MÁQUINA DE PROJEÇÃO;SV
Civil;200491752;4096212;MOB/DESMOB RETRO ESCAVADEIRA;SV
Civil;200490010;4096212;MOB/DESMOB RETRO ESCAVADEIRA;SV
Civil;201332350;4096212;MOB/DESMOB RETRO ESCAVADEIRA;SV
Civil;300343622;4096212;MOB/DESMOB RETRO ESCAVADEIRA;SV
Civil;200491752;4096213;MOB/DESMOB CAMINHÃO BÁSCULA;SV
Civil;201332350;4096213;MOB/DESMOB CAMINHÃO BÁSCULA;SV
Civil;300343622;4096213;MOB/DESMOB CAMINHÃO BÁSCULA;SV
Civil;200490010;4096214;MOB/DESMOB CARROCERIA MUNCK;SV
Civil;201332350;4096214;MOB/DESMOB CARROCERIA MUNCK;SV
Civil;200491752;4096214;MOB/DESMOB CARROCERIA MUNCK;SV
Civil;300343622;4096214;MOB/DESMOB CARROCERIA MUNCK;SV
Civil;200490010;4096215;MOB/DESMOB COMPRESSOR 250 PCM;SV
Civil;201332350;4096215;MOB/DESMOB COMPRESSOR 250 PCM;SV
Civil;200491752;4096215;MOB/DESMOB COMPRESSOR 250 PCM;SV
Civil;201332350;4096216;MOB/DESMOB RETRO GERADOR 10kVA;SV
Civil;200491752;4096216;MOB/DESMOB RETRO GERADOR 10kVA;SV
Civil;201332350;4096217;MOB/DESMOB BOMBA SUBMERSÍVEL PORTÁTIL;SV
Civil;200491752;4096217;MOB/DESMOB BOMBA SUBMERSÍVEL PORTÁTIL;SV
Civil;201332350;4096218;MOB/DESMOB MISTURADOR PLANETÁRIO HORIZ;SV
Civil;200491752;4096218;MOB/DESMOB MISTURADOR PLANETÁRIO HORIZ;SV
Civil;201332350;4096219;MOB/DESMOB COMPRESSOR 825 PCM;SV
Civil;200491752;4096219;MOB/DESMOB COMPRESSOR 825 PCM;SV
Civil;201332350;4096220;MOB/DESMOB AUTO TRANSF TRIFÁSICO;SV
Civil;200491752;4096220;MOB/DESMOB AUTO TRANSF TRIFÁSICO;SV
Civil;200490010;4096221;ENGENHEIRO - HORA NORMAL;H
Civil;201332350;4096221;ENGENHEIRO - HORA NORMAL;H
Civil;200491752;4096221;ENGENHEIRO - HORA NORMAL;H
Civil;300343622;4096221;ENGENHEIRO - HORA NORMAL;H
Civil;200490010;4096222;ENGENHEIRO - HORA NORMAL À DISPOSIÇÃO;H
Civil;201332350;4096222;ENGENHEIRO - HORA NORMAL À DISPOSIÇÃO;H
Civil;200491752;4096222;ENGENHEIRO - HORA NORMAL À DISPOSIÇÃO;H
Civil;300343622;4096222;ENGENHEIRO - HORA NORMAL À DISPOSIÇÃO;H
Civil;200491752;4096223;ENGENHEIRO - HORA EXTRA 50%;H
Civil;201332350;4096223;ENGENHEIRO - HORA EXTRA 50%;H
Civil;200490010;4096223;ENGENHEIRO - HORA EXTRA 50%;H
Civil;300343622;4096223;ENGENHEIRO - HORA EXTRA 50%;H
Civil;201332350;4096224;ENGENHEIRO - HORA EXTRA 100%;H
Civil;200491752;4096224;ENGENHEIRO - HORA EXTRA 100%;H
Civil;200490010;4096224;ENGENHEIRO - HORA EXTRA 100%;H
Civil;300343622;4096224;ENGENHEIRO - HORA EXTRA 100%;H
Civil;200490010;4096225;ENGENHEIRO - HORA EXTRA À DISPOSIÇÃO;H
Civil;201332350;4096225;ENGENHEIRO - HORA EXTRA À DISPOSIÇÃO;H
Civil;200491752;4096225;ENGENHEIRO - HORA EXTRA À DISPOSIÇÃO;H
Civil;300343622;4096225;ENGENHEIRO - HORA EXTRA À DISPOSIÇÃO;H
Civil;200491752;4096226;ENGENHEIRO - HORA NOTURNA À DISPOSIÇÃO;H
Civil;200490010;4096226;ENGENHEIRO - HORA NOTURNA À DISPOSIÇÃO;H
Civil;201332350;4096226;ENGENHEIRO - HORA NOTURNA À DISPOSIÇÃO;H
Civil;300343622;4096226;ENGENHEIRO - HORA NOTURNA À DISPOSIÇÃO;H
Civil;200490010;4096227;ENGENHEIRO - HORA EXTRA NOTURNA;H
Civil;201332350;4096227;ENGENHEIRO - HORA EXTRA NOTURNA;H
Civil;200491752;4096227;ENGENHEIRO - HORA EXTRA NOTURNA;H
Civil;300343622;4096227;ENGENHEIRO - HORA EXTRA NOTURNA;H
Civil;200490010;4096228;ENGENHEIRO - HORA EXTRA NOTURNA À DISPOS;H
Civil;201332350;4096228;ENGENHEIRO - HORA EXTRA NOTURNA À DISPOS;H
Civil;200491752;4096228;ENGENHEIRO - HORA EXTRA NOTURNA À DISPOS;H
Civil;300343622;4096228;ENGENHEIRO - HORA EXTRA NOTURNA À DISPOS;H
Civil;200490010;4096229;ENGENHEIRO - HORA PERICULOSA 100%;H
Civil;201332350;4096229;ENGENHEIRO - HORA PERICULOSA 100%;H
Civil;200491752;4096229;ENGENHEIRO - HORA PERICULOSA 100%;H
Civil;200490010;4096230;ENGENHEIRO - HORA PERICULOSA 50%;H
Civil;201332350;4096230;ENGENHEIRO - HORA PERICULOSA 50%;H
Civil;200491752;4096230;ENGENHEIRO - HORA PERICULOSA 50%;H
Civil;200490010;4096231;ENGENHEIRO - HORA INSALUBRE 100%;H
Civil;201332350;4096231;ENGENHEIRO - HORA INSALUBRE 100%;H
Civil;200491752;4096231;ENGENHEIRO - HORA INSALUBRE 100%;H
Civil;300343622;4096231;ENGENHEIRO - HORA INSALUBRE 100%;H
Civil;200490010;4096232;ENGENHEIRO - HORA INSALUBRE 50%;H
Civil;201332350;4096232;ENGENHEIRO - HORA INSALUBRE 50%;H
Civil;200491752;4096232;ENGENHEIRO - HORA INSALUBRE 50%;H
Civil;300343622;4096232;ENGENHEIRO - HORA INSALUBRE 50%;H
Civil;300343622;4096233;TÉC. SEGURANÇA - HORA NORMAL;H
Civil;200490010;4096233;TÉC. SEGURANÇA - HORA NORMAL;H
Civil;201332350;4096233;TÉC. SEGURANÇA - HORA NORMAL;H
Civil;200491752;4096233;TÉC. SEGURANÇA - HORA NORMAL;H
Civil;200490010;4096234;TÉC. SEGURANÇA - HORA NORMAL À DISPOSIÇÃ;H
Civil;201332350;4096234;TÉC. SEGURANÇA - HORA NORMAL À DISPOSIÇÃ;H
Civil;200491752;4096234;TÉC. SEGURANÇA - HORA NORMAL À DISPOSIÇÃ;H
Civil;300343622;4096234;TÉC. SEGURANÇA - HORA NORMAL À DISPOSIÇÃ;H
Civil;200491752;4096235;TÉC. SEGURANÇA - HORA EXTRA 50%;H
Civil;201332350;4096235;TÉC. SEGURANÇA - HORA EXTRA 50%;H
Civil;300343622;4096235;TÉC. SEGURANÇA - HORA EXTRA 50%;H
Civil;200490010;4096235;TÉC. SEGURANÇA - HORA EXTRA 50%;H
Civil;300343622;4096236;TÉC. SEGURANÇA - HORA EXTRA 100%;H
Civil;200491752;4096236;TÉC. SEGURANÇA - HORA EXTRA 100%;H
Civil;201332350;4096236;TÉC. SEGURANÇA - HORA EXTRA 100%;H
Civil;200490010;4096236;TÉC. SEGURANÇA - HORA EXTRA 100%;H
Civil;200490010;4096237;TÉC. SEGURANÇA - HORA EXTRA À DISPOSIÇÃO;H
Civil;201332350;4096237;TÉC. SEGURANÇA - HORA EXTRA À DISPOSIÇÃO;H
Civil;200491752;4096237;TÉC. SEGURANÇA - HORA EXTRA À DISPOSIÇÃO;H
Civil;300343622;4096237;TÉC. SEGURANÇA - HORA EXTRA À DISPOSIÇÃO;H
Civil;200490010;4096238;TÉC. SEGURANÇA - HORA NOTURNA À DISPOSIÇ;H
Civil;201332350;4096238;TÉC. SEGURANÇA - HORA NOTURNA À DISPOSIÇ;H
Civil;200491752;4096238;TÉC. SEGURANÇA - HORA NOTURNA À DISPOSIÇ;H
Civil;300343622;4096238;TÉC. SEGURANÇA - HORA NOTURNA À DISPOSIÇ;H
Civil;200490010;4096239;TÉC. SEGURANÇA - HORA EXTRA NOTURNA;H
Civil;201332350;4096239;TÉC. SEGURANÇA - HORA EXTRA NOTURNA;H
Civil;200491752;4096239;TÉC. SEGURANÇA - HORA EXTRA NOTURNA;H
Civil;300343622;4096239;TÉC. SEGURANÇA - HORA EXTRA NOTURNA;H
Civil;200490010;4096240;TÉC. SEGURANÇA - HORA EXTRA NOTURNA À DI;H
Civil;201332350;4096240;TÉC. SEGURANÇA - HORA EXTRA NOTURNA À DI;H
Civil;200491752;4096240;TÉC. SEGURANÇA - HORA EXTRA NOTURNA À DI;H
Civil;300343622;4096240;TÉC. SEGURANÇA - HORA EXTRA NOTURNA À DI;H
Civil;200490010;4096241;TÉC. SEGURANÇA - HORA PERICULOSA 100%;H
Civil;201332350;4096241;TÉC. SEGURANÇA - HORA PERICULOSA 100%;H
Civil;200491752;4096241;TÉC. SEGURANÇA - HORA PERICULOSA 100%;H
Civil;200490010;4096242;TÉC. SEGURANÇA - HORA PERICULOSA 50%;H
Civil;201332350;4096242;TÉC. SEGURANÇA - HORA PERICULOSA 50%;H
Civil;200491752;4096242;TÉC. SEGURANÇA - HORA PERICULOSA 50%;H
Civil;200490010;4096243;TÉC. SEGURANÇA - HORA INSALUBRE 100%;H
Civil;201332350;4096243;TÉC. SEGURANÇA - HORA INSALUBRE 100%;H
Civil;200491752;4096243;TÉC. SEGURANÇA - HORA INSALUBRE 100%;H
Civil;300343622;4096243;TÉC. SEGURANÇA - HORA INSALUBRE 100%;H
Civil;200490010;4096244;TÉC. SEGURANÇA - HORA INSALUBRE 50%;H
Civil;201332350;4096244;TÉC. SEGURANÇA - HORA INSALUBRE 50%;H
Civil;200491752;4096244;TÉC. SEGURANÇA - HORA INSALUBRE 50%;H
Civil;300343622;4096244;TÉC. SEGURANÇA - HORA INSALUBRE 50%;H
Civil;200490010;4096245;TÉC. PLANEJ/ORÇ/MED - H NORMAL;H
Civil;201332350;4096245;TÉC. PLANEJ/ORÇ/MED - H NORMAL;H
Civil;200491752;4096245;TÉC. PLANEJ/ORÇ/MED - H NORMAL;H
Civil;300343622;4096245;TÉC. PLANEJ/ORÇ/MED - H NORMAL;H
Civil;200490010;4096246;TÉC. PLANEJ/ORÇ/MED H NORMAL À DISPOSIÇ;H
Civil;201332350;4096246;TÉC. PLANEJ/ORÇ/MED H NORMAL À DISPOSIÇ;H
Civil;200491752;4096246;TÉC. PLANEJ/ORÇ/MED H NORMAL À DISPOSIÇ;H
Civil;300343622;4096246;TÉC. PLANEJ/ORÇ/MED H NORMAL À DISPOSIÇ;H
Civil;200491752;4096247;TÉC. PLANEJ/ORÇ/MED - H EXTRA 50%;H
Civil;200490010;4096247;TÉC. PLANEJ/ORÇ/MED - H EXTRA 50%;H
Civil;201332350;4096247;TÉC. PLANEJ/ORÇ/MED - H EXTRA 50%;H
Civil;300343622;4096247;TÉC. PLANEJ/ORÇ/MED - H EXTRA 50%;H
Civil;200491752;4096248;TÉC. PLANEJ/ORÇ/MED - H EXTRA 100%;H
Civil;200490010;4096248;TÉC. PLANEJ/ORÇ/MED - H EXTRA 100%;H
Civil;201332350;4096248;TÉC. PLANEJ/ORÇ/MED - H EXTRA 100%;H
Civil;300343622;4096248;TÉC. PLANEJ/ORÇ/MED - H EXTRA 100%;H
Civil;200490010;4096249;TÉC. PLANEJ/ORÇ/MED - H EXTRA À DISPOSIÇ;H
Civil;201332350;4096249;TÉC. PLANEJ/ORÇ/MED - H EXTRA À DISPOSIÇ;H
Civil;200491752;4096249;TÉC. PLANEJ/ORÇ/MED - H EXTRA À DISPOSIÇ;H
Civil;300343622;4096249;TÉC. PLANEJ/ORÇ/MED - H EXTRA À DISPOSIÇ;H
Civil;200491752;4096250;TÉC. PLANEJ/ORÇ/MED - H NOTURNA À DISPOS;H
Civil;200490010;4096250;TÉC. PLANEJ/ORÇ/MED - H NOTURNA À DISPOS;H
Civil;201332350;4096250;TÉC. PLANEJ/ORÇ/MED - H NOTURNA À DISPOS;H
Civil;300343622;4096250;TÉC. PLANEJ/ORÇ/MED - H NOTURNA À DISPOS;H
Civil;200490010;4096251;TÉC. PLANEJ/ORÇ/MED - H EXTRA NOTURNA;H
Civil;201332350;4096251;TÉC. PLANEJ/ORÇ/MED - H EXTRA NOTURNA;H
Civil;200491752;4096251;TÉC. PLANEJ/ORÇ/MED - H EXTRA NOTURNA;H
Civil;300343622;4096251;TÉC. PLANEJ/ORÇ/MED - H EXTRA NOTURNA;H
Civil;200490010;4096252;TÉC. PLANEJ/ORÇ/MED - H EXTRA NOT À DIS;H
Civil;201332350;4096252;TÉC. PLANEJ/ORÇ/MED - H EXTRA NOT À DIS;H
Civil;200491752;4096252;TÉC. PLANEJ/ORÇ/MED - H EXTRA NOT À DIS;H
Civil;300343622;4096252;TÉC. PLANEJ/ORÇ/MED - H EXTRA NOT À DIS;H
Civil;200490010;4096253;TÉC. PLANEJ/ORÇ/MED - H PERICULOSA 100%;H
Civil;201332350;4096253;TÉC. PLANEJ/ORÇ/MED - H PERICULOSA 100%;H
Civil;200491752;4096253;TÉC. PLANEJ/ORÇ/MED - H PERICULOSA 100%;H
Civil;200490010;4096254;TÉC. PLANEJ/ORÇ/MED - H PERICULOSA 50%;H
Civil;201332350;4096254;TÉC. PLANEJ/ORÇ/MED - H PERICULOSA 50%;H
Civil;200491752;4096254;TÉC. PLANEJ/ORÇ/MED - H PERICULOSA 50%;H
Civil;200490010;4096255;TÉC. PLANEJ/ORÇ/MED - H INSALUBRE 100%;H
Civil;201332350;4096255;TÉC. PLANEJ/ORÇ/MED - H INSALUBRE 100%;H
Civil;200491752;4096255;TÉC. PLANEJ/ORÇ/MED - H INSALUBRE 100%;H
Civil;300343622;4096255;TÉC. PLANEJ/ORÇ/MED - H INSALUBRE 100%;H
Civil;200490010;4096256;TÉC. PLANEJ/ORÇ/MED - H INSALUBRE 50%;H
Civil;201332350;4096256;TÉC. PLANEJ/ORÇ/MED - H INSALUBRE 50%;H
Civil;200491752;4096256;TÉC. PLANEJ/ORÇ/MED - H INSALUBRE 50%;H
Civil;300343622;4096256;TÉC. PLANEJ/ORÇ/MED - H INSALUBRE 50%;H
Civil;300343622;4096257;ENCARREGADO - HORA NORMAL;H
Civil;200490010;4096257;ENCARREGADO - HORA NORMAL;H
Civil;201332350;4096257;ENCARREGADO - HORA NORMAL;H
Civil;200491752;4096257;ENCARREGADO - HORA NORMAL;H
Civil;200490010;4096258;ENCARREGADO - HORA NORMAL À DISPOSIÇÃO;H
Civil;201332350;4096258;ENCARREGADO - HORA NORMAL À DISPOSIÇÃO;H
Civil;200491752;4096258;ENCARREGADO - HORA NORMAL À DISPOSIÇÃO;H
Civil;300343622;4096258;ENCARREGADO - HORA NORMAL À DISPOSIÇÃO;H
Civil;201332350;4096259;ENCARREGADO - HORA EXTRA 50%;H
Civil;200491752;4096259;ENCARREGADO - HORA EXTRA 50%;H
Civil;300343622;4096259;ENCARREGADO - HORA EXTRA 50%;H
Civil;200490010;4096259;ENCARREGADO - HORA EXTRA 50%;H
Civil;201332350;4096260;ENCARREGADO - HORA EXTRA 100%;H
Civil;200491752;4096260;ENCARREGADO - HORA EXTRA 100%;H
Civil;300343622;4096260;ENCARREGADO - HORA EXTRA 100%;H
Civil;200490010;4096260;ENCARREGADO - HORA EXTRA 100%;H
Civil;200490010;4096261;ENCARREGADO - HORA EXTRA À DISPOSIÇÃO;H
Civil;201332350;4096261;ENCARREGADO - HORA EXTRA À DISPOSIÇÃO;H
Civil;200491752;4096261;ENCARREGADO - HORA EXTRA À DISPOSIÇÃO;H
Civil;300343622;4096261;ENCARREGADO - HORA EXTRA À DISPOSIÇÃO;H
Civil;200491752;4096262;ENCARREGADO - HORA NOTURNA À DISPOSIÇÃO;H
Civil;201332350;4096262;ENCARREGADO - HORA NOTURNA À DISPOSIÇÃO;H
Civil;200490010;4096262;ENCARREGADO - HORA NOTURNA À DISPOSIÇÃO;H
Civil;300343622;4096262;ENCARREGADO - HORA NOTURNA À DISPOSIÇÃO;H
Civil;200490010;4096263;ENCARREGADO - HORA EXTRA NOTURNA;H
Civil;201332350;4096263;ENCARREGADO - HORA EXTRA NOTURNA;H
Civil;200491752;4096263;ENCARREGADO - HORA EXTRA NOTURNA;H
Civil;300343622;4096263;ENCARREGADO - HORA EXTRA NOTURNA;H
Civil;200490010;4096264;ENCARREGADO - HORA EXTRA NOTURNA À DISPO;H
Civil;201332350;4096264;ENCARREGADO - HORA EXTRA NOTURNA À DISPO;H
Civil;200491752;4096264;ENCARREGADO - HORA EXTRA NOTURNA À DISPO;H
Civil;300343622;4096264;ENCARREGADO - HORA EXTRA NOTURNA À DISPO;H
Civil;200490010;4096265;ENCARREGADO - HORA PERICULOSA 100%;H
Civil;201332350;4096265;ENCARREGADO - HORA PERICULOSA 100%;H
Civil;200491752;4096265;ENCARREGADO - HORA PERICULOSA 100%;H
Civil;200490010;4096266;ENCARREGADO - HORA PERICULOSA 50%;H
Civil;201332350;4096266;ENCARREGADO - HORA PERICULOSA 50%;H
Civil;200491752;4096266;ENCARREGADO - HORA PERICULOSA 50%;H
Civil;200490010;4096267;ENCARREGADO - HORA INSALUBRE 100%;H
Civil;201332350;4096267;ENCARREGADO - HORA INSALUBRE 100%;H
Civil;200491752;4096267;ENCARREGADO - HORA INSALUBRE 100%;H
Civil;300343622;4096267;ENCARREGADO - HORA INSALUBRE 100%;H
Civil;200490010;4096268;ENCARREGADO - HORA INSALUBRE 50%;H
Civil;201332350;4096268;ENCARREGADO - HORA INSALUBRE 50%;H
Civil;200491752;4096268;ENCARREGADO - HORA INSALUBRE 50%;H
Civil;300343622;4096268;ENCARREGADO - HORA INSALUBRE 50%;H
Civil;201332350;4096269;ELETRICISTA - HORA NORMAL;H
Civil;200491752;4096269;ELETRICISTA - HORA NORMAL;H
Civil;201332350;4096270;ELETRICISTA - HORA NORMAL À DISPOSIÇÃO;H
Civil;200491752;4096270;ELETRICISTA - HORA NORMAL À DISPOSIÇÃO;H
Civil;201332350;4096271;ELETRICISTA - HORA EXTRA 50%;H
Civil;200491752;4096271;ELETRICISTA - HORA EXTRA 50%;H
Civil;201332350;4096272;ELETRICISTA - HORA EXTRA 100%;H
Civil;200491752;4096272;ELETRICISTA - HORA EXTRA 100%;H
Civil;201332350;4096273;ELETRICISTA - HORA EXTRA À DISPOSIÇÃO;H
Civil;200491752;4096273;ELETRICISTA - HORA EXTRA À DISPOSIÇÃO;H
Civil;201332350;4096274;ELETRICISTA - HORA NOTURNA À DISPOSIÇÃO;H
Civil;200491752;4096274;ELETRICISTA - HORA NOTURNA À DISPOSIÇÃO;H
Civil;201332350;4096275;ELETRICISTA - HORA EXTRA NOTURNA;H
Civil;200491752;4096275;ELETRICISTA - HORA EXTRA NOTURNA;H
Civil;201332350;4096276;ELETRICISTA - HORA EXTRA NOTURNA À DISPO;H
Civil;200491752;4096276;ELETRICISTA - HORA EXTRA NOTURNA À DISPO;H
Civil;201332350;4096277;ELETRICISTA - HORA PERICULOSA 100%;H
Civil;200491752;4096277;ELETRICISTA - HORA PERICULOSA 100%;H
Civil;201332350;4096278;ELETRICISTA - HORA PERICULOSA 50%;H
Civil;200491752;4096278;ELETRICISTA - HORA PERICULOSA 50%;H
Civil;201332350;4096279;ELETRICISTA - HORA INSALUBRE 100%;H
Civil;200491752;4096279;ELETRICISTA - HORA INSALUBRE 100%;H
Civil;201332350;4096280;ELETRICISTA - HORA INSALUBRE 50%;H
Civil;200491752;4096280;ELETRICISTA - HORA INSALUBRE 50%;H
Civil;201332350;4096281;SOLDADOR/MAÇARIQUEIRO - HORA NORMAL;H
Civil;200491752;4096281;SOLDADOR/MAÇARIQUEIRO - HORA NORMAL;H
Civil;201332350;4096282;SOLDADOR/MAÇARIQUEIRO - HORA NORMAL À DI;H
Civil;200491752;4096282;SOLDADOR/MAÇARIQUEIRO - HORA NORMAL À DI;H
Civil;201332350;4096283;SOLDADOR/MAÇARIQUEIRO - HORA EXTRA 50%;H
Civil;200491752;4096283;SOLDADOR/MAÇARIQUEIRO - HORA EXTRA 50%;H
Civil;201332350;4096284;SOLDADOR/MAÇARIQUEIRO - HORA EXTRA 100%;H
Civil;200491752;4096284;SOLDADOR/MAÇARIQUEIRO - HORA EXTRA 100%;H
Civil;201332350;4096285;SOLDADOR/MAÇARIQUEIRO - HORA EXTRA À DIS;H
Civil;200491752;4096285;SOLDADOR/MAÇARIQUEIRO - HORA EXTRA À DIS;H
Civil;201332350;4096286;SOLDADOR/MAÇARIQUEIRO - HORA NOTURNA À D;H
Civil;200491752;4096286;SOLDADOR/MAÇARIQUEIRO - HORA NOTURNA À D;H
Civil;201332350;4096287;SOLDADOR/MAÇARIQUEIRO - HORA EXTRA NOTUR;H
Civil;200491752;4096287;SOLDADOR/MAÇARIQUEIRO - HORA EXTRA NOTUR;H
Civil;201332350;4096288;SOLDADOR/MAÇ- HORA EXTRA NOT À DISPOSIÇÃ;H
Civil;200491752;4096288;SOLDADOR/MAÇ- HORA EXTRA NOT À DISPOSIÇÃ;H
Civil;201332350;4096289;SOLDADOR/MAÇARIQUEIRO - HORA PER 100%;H
Civil;200491752;4096289;SOLDADOR/MAÇARIQUEIRO - HORA PER 100%;H
Civil;201332350;4096290;SOLDADOR/MAÇARIQUEIRO - HORA PER 50%;H
Civil;200491752;4096290;SOLDADOR/MAÇARIQUEIRO - HORA PER 50%;H
Civil;201332350;4096291;SOLDADOR/MAÇARIQUEIRO - HORA INSAL100%;H
Civil;200491752;4096291;SOLDADOR/MAÇARIQUEIRO - HORA INSAL100%;H
Civil;201332350;4096292;SOLDADOR/MAÇARIQUEIRO - HORA INSAL 50%;H
Civil;200491752;4096292;SOLDADOR/MAÇARIQUEIRO - HORA INSAL 50%;H
Civil;200490010;4096293;MARTELETEIRO - HORA NORMAL;H
Civil;201332350;4096293;MARTELETEIRO - HORA NORMAL;H
Civil;200491752;4096293;MARTELETEIRO - HORA NORMAL;H
Civil;200490010;4096294;MARTELETEIRO - HORA NORMAL À DISPOSIÇÃO;H
Civil;201332350;4096294;MARTELETEIRO - HORA NORMAL À DISPOSIÇÃO;H
Civil;200491752;4096294;MARTELETEIRO - HORA NORMAL À DISPOSIÇÃO;H
Civil;200490010;4096295;MARTELETEIRO - HORA EXTRA 50%;H
Civil;201332350;4096295;MARTELETEIRO - HORA EXTRA 50%;H
Civil;200491752;4096295;MARTELETEIRO - HORA EXTRA 50%;H
Civil;200490010;4096296;MARTELETEIRO - HORA EXTRA 100%;H
Civil;201332350;4096296;MARTELETEIRO - HORA EXTRA 100%;H
Civil;200491752;4096296;MARTELETEIRO - HORA EXTRA 100%;H
Civil;200490010;4096297;MARTELETEIRO - HORA EXTRA À DISPOSIÇÃO;H
Civil;201332350;4096297;MARTELETEIRO - HORA EXTRA À DISPOSIÇÃO;H
Civil;200491752;4096297;MARTELETEIRO - HORA EXTRA À DISPOSIÇÃO;H
Civil;200490010;4096298;MARTELETEIRO - HORA NOTURNA À DISPOSIÇÃO;H
Civil;201332350;4096298;MARTELETEIRO - HORA NOTURNA À DISPOSIÇÃO;H
Civil;200491752;4096298;MARTELETEIRO - HORA NOTURNA À DISPOSIÇÃO;H
Civil;200490010;4096299;MARTELETEIRO - HORA EXTRA NOTURNA;H
Civil;201332350;4096299;MARTELETEIRO - HORA EXTRA NOTURNA;H
Civil;200491752;4096299;MARTELETEIRO - HORA EXTRA NOTURNA;H
Civil;200490010;4096300;MARTELETEIRO - HORA EXTRA NOTURNA À DISP;H
Civil;201332350;4096300;MARTELETEIRO - HORA EXTRA NOTURNA À DISP;H
Civil;200491752;4096300;MARTELETEIRO - HORA EXTRA NOTURNA À DISP;H
Civil;200490010;4096301;MARTELETEIRO - HORA PERICULOSA 100%;H
Civil;201332350;4096301;MARTELETEIRO - HORA PERICULOSA 100%;H
Civil;200491752;4096301;MARTELETEIRO - HORA PERICULOSA 100%;H
Civil;200490010;4096302;MARTELETEIRO - HORA PERICULOSA 50%;H
Civil;201332350;4096302;MARTELETEIRO - HORA PERICULOSA 50%;H
Civil;200491752;4096302;MARTELETEIRO - HORA PERICULOSA 50%;H
Civil;200490010;4096303;MARTELETEIRO - HORA INSALUBRE 100%;H
Civil;201332350;4096303;MARTELETEIRO - HORA INSALUBRE 100%;H
Civil;200491752;4096303;MARTELETEIRO - HORA INSALUBRE 100%;H
Civil;200490010;4096304;MARTELETEIRO - HORA INSALUBRE 50%;H
Civil;201332350;4096304;MARTELETEIRO - HORA INSALUBRE 50%;H
Civil;200491752;4096304;MARTELETEIRO - HORA INSALUBRE 50%;H
Civil;201332350;4096305;VIDRACEIRO - HORA NORMAL;H
Civil;200491752;4096305;VIDRACEIRO - HORA NORMAL;H
Civil;201332350;4096306;VIDRACEIRO - HORA NORMAL À DISPOSIÇÃO;H
Civil;200491752;4096306;VIDRACEIRO - HORA NORMAL À DISPOSIÇÃO;H
Civil;201332350;4096307;VIDRACEIRO - HORA EXTRA 50%;H
Civil;200491752;4096307;VIDRACEIRO - HORA EXTRA 50%;H
Civil;201332350;4096308;VIDRACEIRO - HORA EXTRA 100%;H
Civil;200491752;4096308;VIDRACEIRO - HORA EXTRA 100%;H
Civil;201332350;4096309;VIDRACEIRO - HORA EXTRA À DISPOSIÇÃO;H
Civil;200491752;4096309;VIDRACEIRO - HORA EXTRA À DISPOSIÇÃO;H
Civil;201332350;4096310;VIDRACEIRO - HORA NOTURNA À DISPOSIÇÃO;H
Civil;200491752;4096310;VIDRACEIRO - HORA NOTURNA À DISPOSIÇÃO;H
Civil;201332350;4096311;VIDRACEIRO - HORA EXTRA NOTURNA;H
Civil;200491752;4096311;VIDRACEIRO - HORA EXTRA NOTURNA;H
Civil;201332350;4096312;VIDRACEIRO - HORA EXTRA NOTURNA À DISPOS;H
Civil;200491752;4096312;VIDRACEIRO - HORA EXTRA NOTURNA À DISPOS;H
Civil;201332350;4096313;VIDRACEIRO - HORA PERICULOSA 100%;H
Civil;200491752;4096313;VIDRACEIRO - HORA PERICULOSA 100%;H
Civil;201332350;4096314;VIDRACEIRO - HORA PERICULOSA 50%;H
Civil;200491752;4096314;VIDRACEIRO - HORA PERICULOSA 50%;H
Civil;201332350;4096315;VIDRACEIRO - HORA INSALUBRE 100%;H
Civil;200491752;4096315;VIDRACEIRO - HORA INSALUBRE 100%;H
Civil;201332350;4096316;VIDRACEIRO - HORA INSALUBRE 50%;H
Civil;200491752;4096316;VIDRACEIRO - HORA INSALUBRE 50%;H
Civil;300343622;4096317;OPERADOR DE MÁQ - HORA NORMAL;H
Civil;200490010;4096317;OPERADOR DE MÁQ - HORA NORMAL;H
Civil;201332350;4096317;OPERADOR DE MÁQ - HORA NORMAL;H
Civil;200491752;4096317;OPERADOR DE MÁQ - HORA NORMAL;H
Civil;200490010;4096318;OPERADOR DE MÁQ - HORA NORMAL À DISPOSIÇ;H
Civil;201332350;4096318;OPERADOR DE MÁQ - HORA NORMAL À DISPOSIÇ;H
Civil;200491752;4096318;OPERADOR DE MÁQ - HORA NORMAL À DISPOSIÇ;H
Civil;300343622;4096318;OPERADOR DE MÁQ - HORA NORMAL À DISPOSIÇ;H
Civil;200491752;4096319;OPERADOR DE MÁQ - HORA EXTRA 50%;H
Civil;201332350;4096319;OPERADOR DE MÁQ - HORA EXTRA 50%;H
Civil;300343622;4096319;OPERADOR DE MÁQ - HORA EXTRA 50%;H
Civil;200490010;4096319;OPERADOR DE MÁQ - HORA EXTRA 50%;H
Civil;300343622;4096320;OPERADOR DE MÁQ - HORA EXTRA 100%;H
Civil;201332350;4096320;OPERADOR DE MÁQ - HORA EXTRA 100%;H
Civil;200491752;4096320;OPERADOR DE MÁQ - HORA EXTRA 100%;H
Civil;200490010;4096320;OPERADOR DE MÁQ - HORA EXTRA 100%;H
Civil;200490010;4096321;OPERADOR DE MÁQ - HORA EXTRA À DISPOSIÇÃ;H
Civil;201332350;4096321;OPERADOR DE MÁQ - HORA EXTRA À DISPOSIÇÃ;H
Civil;200491752;4096321;OPERADOR DE MÁQ - HORA EXTRA À DISPOSIÇÃ;H
Civil;300343622;4096321;OPERADOR DE MÁQ - HORA EXTRA À DISPOSIÇÃ;H
Civil;201332350;4096322;OPERADOR DE MÁQ - HORA NOTURNA À DISPOSI;H
Civil;200490010;4096322;OPERADOR DE MÁQ - HORA NOTURNA À DISPOSI;H
Civil;200491752;4096322;OPERADOR DE MÁQ - HORA NOTURNA À DISPOSI;H
Civil;300343622;4096322;OPERADOR DE MÁQ - HORA NOTURNA À DISPOSI;H
Civil;200490010;4096323;OPERADOR DE MÁQ - HORA EXTRA NOTURNA;H
Civil;201332350;4096323;OPERADOR DE MÁQ - HORA EXTRA NOTURNA;H
Civil;200491752;4096323;OPERADOR DE MÁQ - HORA EXTRA NOTURNA;H
Civil;300343622;4096323;OPERADOR DE MÁQ - HORA EXTRA NOTURNA;H
Civil;200490010;4096324;OPERADOR DE MÁQ - HORA EXTRA NOT À DISPO;H
Civil;201332350;4096324;OPERADOR DE MÁQ - HORA EXTRA NOT À DISPO;H
Civil;200491752;4096324;OPERADOR DE MÁQ - HORA EXTRA NOT À DISPO;H
Civil;300343622;4096324;OPERADOR DE MÁQ - HORA EXTRA NOT À DISPO;H
Civil;200490010;4096325;OPERADOR DE MÁQ - HORA PERICULOSA 100%;H
Civil;201332350;4096325;OPERADOR DE MÁQ - HORA PERICULOSA 100%;H
Civil;200491752;4096325;OPERADOR DE MÁQ - HORA PERICULOSA 100%;H
Civil;200490010;4096326;OPERADOR DE MÁQ - HORA PERICULOSA 50%;H
Civil;201332350;4096326;OPERADOR DE MÁQ - HORA PERICULOSA 50%;H
Civil;200491752;4096326;OPERADOR DE MÁQ - HORA PERICULOSA 50%;H
Civil;200490010;4096327;OPERADOR DE MÁQ - HORA INSALUBRE 100%;H
Civil;201332350;4096327;OPERADOR DE MÁQ - HORA INSALUBRE 100%;H
Civil;200491752;4096327;OPERADOR DE MÁQ - HORA INSALUBRE 100%;H
Civil;300343622;4096327;OPERADOR DE MÁQ - HORA INSALUBRE 100%;H
Civil;200490010;4096328;OPERADOR DE MÁQ - HORA INSALUBRE 50%;H
Civil;201332350;4096328;OPERADOR DE MÁQ - HORA INSALUBRE 50%;H
Civil;200491752;4096328;OPERADOR DE MÁQ - HORA INSALUBRE 50%;H
Civil;300343622;4096328;OPERADOR DE MÁQ - HORA INSALUBRE 50%;H
Civil;300343622;4096329;OFICIAL - HORA NORMAL;H
Civil;200490010;4096329;OFICIAL - HORA NORMAL;H
Civil;201332350;4096329;OFICIAL - HORA NORMAL;H
Civil;200491752;4096329;OFICIAL - HORA NORMAL;H
Civil;200490010;4096330;OFICIAL - HORA NORMAL À DISPOSIÇÃO;H
Civil;201332350;4096330;OFICIAL - HORA NORMAL À DISPOSIÇÃO;H
Civil;200491752;4096330;OFICIAL - HORA NORMAL À DISPOSIÇÃO;H
Civil;300343622;4096330;OFICIAL - HORA NORMAL À DISPOSIÇÃO;H
Civil;200491752;4096331;OFICIAL - HORA EXTRA 50%;H
Civil;201332350;4096331;OFICIAL - HORA EXTRA 50%;H
Civil;300343622;4096331;OFICIAL - HORA EXTRA 50%;H
Civil;200490010;4096331;OFICIAL - HORA EXTRA 50%;H
Civil;300343622;4096332;OFICIAL - HORA EXTRA 100%;H
Civil;201332350;4096332;OFICIAL - HORA EXTRA 100%;H
Civil;200491752;4096332;OFICIAL - HORA EXTRA 100%;H
Civil;200490010;4096332;OFICIAL - HORA EXTRA 100%;H
Civil;200490010;4096333;OFICIAL - HORA EXTRA À DISPOSIÇÃO;H
Civil;201332350;4096333;OFICIAL - HORA EXTRA À DISPOSIÇÃO;H
Civil;200491752;4096333;OFICIAL - HORA EXTRA À DISPOSIÇÃO;H
Civil;300343622;4096333;OFICIAL - HORA EXTRA À DISPOSIÇÃO;H
Civil;200491752;4096334;OFICIAL - HORA NOTURNA À DISPOSIÇÃO;H
Civil;201332350;4096334;OFICIAL - HORA NOTURNA À DISPOSIÇÃO;H
Civil;200490010;4096334;OFICIAL - HORA NOTURNA À DISPOSIÇÃO;H
Civil;300343622;4096334;OFICIAL - HORA NOTURNA À DISPOSIÇÃO;H
Civil;200490010;4096335;OFICIAL - HORA EXTRA NOTURNA;H
Civil;201332350;4096335;OFICIAL - HORA EXTRA NOTURNA;H
Civil;200491752;4096335;OFICIAL - HORA EXTRA NOTURNA;H
Civil;300343622;4096335;OFICIAL - HORA EXTRA NOTURNA;H
Civil;200490010;4096336;OFICIAL - HORA EXTRA NOTURNA À DISPOSIÇÃ;H
Civil;201332350;4096336;OFICIAL - HORA EXTRA NOTURNA À DISPOSIÇÃ;H
Civil;200491752;4096336;OFICIAL - HORA EXTRA NOTURNA À DISPOSIÇÃ;H
Civil;300343622;4096336;OFICIAL - HORA EXTRA NOTURNA À DISPOSIÇÃ;H
Civil;200490010;4096337;OFICIAL - HORA PERICULOSA 100%;H
Civil;201332350;4096337;OFICIAL - HORA PERICULOSA 100%;H
Civil;200491752;4096337;OFICIAL - HORA PERICULOSA 100%;H
Civil;200490010;4096338;OFICIAL - HORA PERICULOSA 50%;H
Civil;201332350;4096338;OFICIAL - HORA PERICULOSA 50%;H
Civil;200491752;4096338;OFICIAL - HORA PERICULOSA 50%;H
Civil;200490010;4096339;OFICIAL - HORA INSALUBRE 100%;H
Civil;201332350;4096339;OFICIAL - HORA INSALUBRE 100%;H
Civil;200491752;4096339;OFICIAL - HORA INSALUBRE 100%;H
Civil;300343622;4096339;OFICIAL - HORA INSALUBRE 100%;H
Civil;200490010;4096340;OFICIAL - HORA INSALUBRE 50%;H
Civil;201332350;4096340;OFICIAL - HORA INSALUBRE 50%;H
Civil;200491752;4096340;OFICIAL - HORA INSALUBRE 50%;H
Civil;300343622;4096340;OFICIAL - HORA INSALUBRE 50%;H
Civil;300343622;4096341;AJUDANTE - HORA NORMAL;H
Civil;200490010;4096341;AJUDANTE - HORA NORMAL;H
Civil;201332350;4096341;AJUDANTE - HORA NORMAL;H
Civil;200491752;4096341;AJUDANTE - HORA NORMAL;H
Civil;200490010;4096342;AJUDANTE - HORA NORMAL À DISPOSIÇÃO;H
Civil;201332350;4096342;AJUDANTE - HORA NORMAL À DISPOSIÇÃO;H
Civil;200491752;4096342;AJUDANTE - HORA NORMAL À DISPOSIÇÃO;H
Civil;300343622;4096342;AJUDANTE - HORA NORMAL À DISPOSIÇÃO;H
Civil;201332350;4096343;AJUDANTE - HORA EXTRA 50%;H
Civil;200490010;4096343;AJUDANTE - HORA EXTRA 50%;H
Civil;200491752;4096343;AJUDANTE - HORA EXTRA 50%;H
Civil;300343622;4096343;AJUDANTE - HORA EXTRA 50%;H
Civil;201332350;4096344;AJUDANTE - HORA EXTRA 100%;H
Civil;200490010;4096344;AJUDANTE - HORA EXTRA 100%;H
Civil;200491752;4096344;AJUDANTE - HORA EXTRA 100%;H
Civil;300343622;4096344;AJUDANTE - HORA EXTRA 100%;H
Civil;200490010;4096345;AJUDANTE - HORA EXTRA À DISPOSIÇÃO;H
Civil;201332350;4096345;AJUDANTE - HORA EXTRA À DISPOSIÇÃO;H
Civil;200491752;4096345;AJUDANTE - HORA EXTRA À DISPOSIÇÃO;H
Civil;300343622;4096345;AJUDANTE - HORA EXTRA À DISPOSIÇÃO;H
Civil;201332350;4096346;AJUDANTE - HORA NOTURNA À DISPOSIÇÃO;H
Civil;200490010;4096346;AJUDANTE - HORA NOTURNA À DISPOSIÇÃO;H
Civil;200491752;4096346;AJUDANTE - HORA NOTURNA À DISPOSIÇÃO;H
Civil;300343622;4096346;AJUDANTE - HORA NOTURNA À DISPOSIÇÃO;H
Civil;200490010;4096347;AJUDANTE - HORA EXTRA NOTURNA;H
Civil;201332350;4096347;AJUDANTE - HORA EXTRA NOTURNA;H
Civil;200491752;4096347;AJUDANTE - HORA EXTRA NOTURNA;H
Civil;300343622;4096347;AJUDANTE - HORA EXTRA NOTURNA;H
Civil;200490010;4096348;AJUDANTE - HORA EXTRA NOTURNA À DISPOSIÇ;H
Civil;201332350;4096348;AJUDANTE - HORA EXTRA NOTURNA À DISPOSIÇ;H
Civil;200491752;4096348;AJUDANTE - HORA EXTRA NOTURNA À DISPOSIÇ;H
Civil;300343622;4096348;AJUDANTE - HORA EXTRA NOTURNA À DISPOSIÇ;H
Civil;200490010;4096349;AJUDANTE - HORA PERICULOSA 100%;H
Civil;201332350;4096349;AJUDANTE - HORA PERICULOSA 100%;H
Civil;200491752;4096349;AJUDANTE - HORA PERICULOSA 100%;H
Civil;200490010;4096350;AJUDANTE - HORA PERICULOSA 50%;H
Civil;201332350;4096350;AJUDANTE - HORA PERICULOSA 50%;H
Civil;200491752;4096350;AJUDANTE - HORA PERICULOSA 50%;H
Civil;200490010;4096351;AJUDANTE - HORA INSALUBRE 100%;H
Civil;201332350;4096351;AJUDANTE - HORA INSALUBRE 100%;H
Civil;200491752;4096351;AJUDANTE - HORA INSALUBRE 100%;H
Civil;300343622;4096351;AJUDANTE - HORA INSALUBRE 100%;H
Civil;200490010;4096352;AJUDANTE - HORA INSALUBRE 50%;H
Civil;201332350;4096352;AJUDANTE - HORA INSALUBRE 50%;H
Civil;200491752;4096352;AJUDANTE - HORA INSALUBRE 50%;H
Civil;300343622;4096352;AJUDANTE - HORA INSALUBRE 50%;H
Civil;200490010;4096353;ALMOXARIFE - HORA NORMAL;H
Civil;201332350;4096353;ALMOXARIFE - HORA NORMAL;H
Civil;200491752;4096353;ALMOXARIFE - HORA NORMAL;H
Civil;200490010;4096354;ALMOXARIFE - HORA NORMAL À DISPOSIÇÃO;H
Civil;201332350;4096354;ALMOXARIFE - HORA NORMAL À DISPOSIÇÃO;H
Civil;200491752;4096354;ALMOXARIFE - HORA NORMAL À DISPOSIÇÃO;H
Civil;200490010;4096355;ALMOXARIFE - HORA EXTRA 50%;H
Civil;201332350;4096355;ALMOXARIFE - HORA EXTRA 50%;H
Civil;200491752;4096355;ALMOXARIFE - HORA EXTRA 50%;H
Civil;200490010;4096356;ALMOXARIFE - HORA EXTRA 100%;H
Civil;201332350;4096356;ALMOXARIFE - HORA EXTRA 100%;H
Civil;200491752;4096356;ALMOXARIFE - HORA EXTRA 100%;H
Civil;200490010;4096357;ALMOXARIFE - HORA EXTRA À DISPOSIÇÃO;H
Civil;201332350;4096357;ALMOXARIFE - HORA EXTRA À DISPOSIÇÃO;H
Civil;200491752;4096357;ALMOXARIFE - HORA EXTRA À DISPOSIÇÃO;H
Civil;200490010;4096358;ALMOXARIFE - HORA NOTURNA À DISPOSIÇÃO;H
Civil;201332350;4096358;ALMOXARIFE - HORA NOTURNA À DISPOSIÇÃO;H
Civil;200491752;4096358;ALMOXARIFE - HORA NOTURNA À DISPOSIÇÃO;H
Civil;200490010;4096359;ALMOXARIFE - HORA EXTRA NOTURNA;H
Civil;201332350;4096359;ALMOXARIFE - HORA EXTRA NOTURNA;H
Civil;200491752;4096359;ALMOXARIFE - HORA EXTRA NOTURNA;H
Civil;200490010;4096360;ALMOXARIFE - HORA EXTRA NOTURNA À DISPOS;H
Civil;201332350;4096360;ALMOXARIFE - HORA EXTRA NOTURNA À DISPOS;H
Civil;200491752;4096360;ALMOXARIFE - HORA EXTRA NOTURNA À DISPOS;H
Civil;200490010;4096361;ALMOXARIFE - HORA PERICULOSA 100%;H
Civil;201332350;4096361;ALMOXARIFE - HORA PERICULOSA 100%;H
Civil;200491752;4096361;ALMOXARIFE - HORA PERICULOSA 100%;H
Civil;200490010;4096362;ALMOXARIFE - HORA PERICULOSA 50%;H
Civil;201332350;4096362;ALMOXARIFE - HORA PERICULOSA 50%;H
Civil;200491752;4096362;ALMOXARIFE - HORA PERICULOSA 50%;H
Civil;200490010;4096363;ALMOXARIFE - HORA INSALUBRE 100%;H
Civil;201332350;4096363;ALMOXARIFE - HORA INSALUBRE 100%;H
Civil;200491752;4096363;ALMOXARIFE - HORA INSALUBRE 100%;H
Civil;200490010;4096364;ALMOXARIFE - HORA INSALUBRE 50%;H
Civil;201332350;4096364;ALMOXARIFE - HORA INSALUBRE 50%;H
Civil;200491752;4096364;ALMOXARIFE - HORA INSALUBRE 50%;H
Civil;200490010;4096365;PINTOR - HORA NORMAL;H
Civil;201332350;4096365;PINTOR - HORA NORMAL;H
Civil;200491752;4096365;PINTOR - HORA NORMAL;H
Civil;300343622;4096365;PINTOR - HORA NORMAL;H
Civil;200490010;4096366;PINTOR - HORA NORMAL À DISPOSIÇÃO;H
Civil;201332350;4096366;PINTOR - HORA NORMAL À DISPOSIÇÃO;H
Civil;200491752;4096366;PINTOR - HORA NORMAL À DISPOSIÇÃO;H
Civil;300343622;4096366;PINTOR - HORA NORMAL À DISPOSIÇÃO;H
Civil;201332350;4096367;PINTOR - HORA EXTRA 50%;H
Civil;200490010;4096367;PINTOR - HORA EXTRA 50%;H
Civil;200491752;4096367;PINTOR - HORA EXTRA 50%;H
Civil;300343622;4096367;PINTOR - HORA EXTRA 50%;H
Civil;201332350;4096368;PINTOR - HORA EXTRA 100%;H
Civil;200490010;4096368;PINTOR - HORA EXTRA 100%;H
Civil;200491752;4096368;PINTOR - HORA EXTRA 100%;H
Civil;300343622;4096368;PINTOR - HORA EXTRA 100%;H
Civil;200490010;4096369;PINTOR - HORA EXTRA À DISPOSIÇÃO;H
Civil;201332350;4096369;PINTOR - HORA EXTRA À DISPOSIÇÃO;H
Civil;200491752;4096369;PINTOR - HORA EXTRA À DISPOSIÇÃO;H
Civil;300343622;4096369;PINTOR - HORA EXTRA À DISPOSIÇÃO;H
Civil;201332350;4096370;PINTOR - HORA NOTURNA À DISPOSIÇÃO;H
Civil;200490010;4096370;PINTOR - HORA NOTURNA À DISPOSIÇÃO;H
Civil;200491752;4096370;PINTOR - HORA NOTURNA À DISPOSIÇÃO;H
Civil;300343622;4096370;PINTOR - HORA NOTURNA À DISPOSIÇÃO;H
Civil;200490010;4096371;PINTOR - HORA EXTRA NOTURNA;H
Civil;201332350;4096371;PINTOR - HORA EXTRA NOTURNA;H
Civil;200491752;4096371;PINTOR - HORA EXTRA NOTURNA;H
Civil;300343622;4096371;PINTOR - HORA EXTRA NOTURNA;H
Civil;200490010;4096372;PINTOR - HORA EXTRA NOTURNA À DISPOSIÇÃO;H
Civil;201332350;4096372;PINTOR - HORA EXTRA NOTURNA À DISPOSIÇÃO;H
Civil;200491752;4096372;PINTOR - HORA EXTRA NOTURNA À DISPOSIÇÃO;H
Civil;300343622;4096372;PINTOR - HORA EXTRA NOTURNA À DISPOSIÇÃO;H
Civil;200490010;4096373;PINTOR - HORA PERICULOSA 100%;H
Civil;201332350;4096373;PINTOR - HORA PERICULOSA 100%;H
Civil;200491752;4096373;PINTOR - HORA PERICULOSA 100%;H
Civil;200490010;4096374;PINTOR - HORA PERICULOSA 50%;H
Civil;201332350;4096374;PINTOR - HORA PERICULOSA 50%;H
Civil;200491752;4096374;PINTOR - HORA PERICULOSA 50%;H
Civil;200490010;4096375;PINTOR - HORA INSALUBRE 100%;H
Civil;201332350;4096375;PINTOR - HORA INSALUBRE 100%;H
Civil;200491752;4096375;PINTOR - HORA INSALUBRE 100%;H
Civil;300343622;4096375;PINTOR - HORA INSALUBRE 100%;H
Civil;201332350;4096376;PINTOR - HORA INSALUBRE 50%;H
Civil;200491752;4096376;PINTOR - HORA INSALUBRE 50%;H
Civil;300343622;4096376;PINTOR - HORA INSALUBRE 50%;H
Civil;200490010;4096377;AUX ADM- HORA NORMAL;H
Civil;201332350;4096377;AUX ADM- HORA NORMAL;H
Civil;200491752;4096377;AUX ADM- HORA NORMAL;H
Civil;200490010;4096378;AUX ADM- HORA NORMAL À DISPOSIÇÃO;H
Civil;201332350;4096378;AUX ADM- HORA NORMAL À DISPOSIÇÃO;H
Civil;200491752;4096378;AUX ADM- HORA NORMAL À DISPOSIÇÃO;H
Civil;200490010;4096379;AUX ADM- HORA EXTRA 50%;H
Civil;201332350;4096379;AUX ADM- HORA EXTRA 50%;H
Civil;200491752;4096379;AUX ADM- HORA EXTRA 50%;H
Civil;200490010;4096380;AUX ADM- HORA EXTRA 100%;H
Civil;201332350;4096380;AUX ADM- HORA EXTRA 100%;H
Civil;200491752;4096380;AUX ADM- HORA EXTRA 100%;H
Civil;200490010;4096381;AUX ADM- HORA EXTRA À DISPOSIÇÃO;H
Civil;201332350;4096381;AUX ADM- HORA EXTRA À DISPOSIÇÃO;H
Civil;200491752;4096381;AUX ADM- HORA EXTRA À DISPOSIÇÃO;H
Civil;200490010;4096382;AUX ADM- HORA NOTURNA À DISPOSIÇÃO;H
Civil;201332350;4096382;AUX ADM- HORA NOTURNA À DISPOSIÇÃO;H
Civil;200491752;4096382;AUX ADM- HORA NOTURNA À DISPOSIÇÃO;H
Civil;200490010;4096383;AUX ADM- HORA EXTRA NOTURNA;H
Civil;201332350;4096383;AUX ADM- HORA EXTRA NOTURNA;H
Civil;200491752;4096383;AUX ADM- HORA EXTRA NOTURNA;H
Civil;200490010;4096384;AUX ADM- HORA EXTRA NOTURNA À DISPOSIÇÃO;H
Civil;201332350;4096384;AUX ADM- HORA EXTRA NOTURNA À DISPOSIÇÃO;H
Civil;200491752;4096384;AUX ADM- HORA EXTRA NOTURNA À DISPOSIÇÃO;H
Civil;200490010;4096385;AUX ADM- HORA PERICULOSA 100%;H
Civil;201332350;4096385;AUX ADM- HORA PERICULOSA 100%;H
Civil;200491752;4096385;AUX ADM- HORA PERICULOSA 100%;H
Civil;200490010;4096386;AUX ADM- HORA PERICULOSA 50%;H
Civil;201332350;4096386;AUX ADM- HORA PERICULOSA 50%;H
Civil;200491752;4096386;AUX ADM- HORA PERICULOSA 50%;H
Civil;200490010;4096387;AUX ADM- HORA INSALUBRE 100%;H
Civil;201332350;4096387;AUX ADM- HORA INSALUBRE 100%;H
Civil;200491752;4096387;AUX ADM- HORA INSALUBRE 100%;H
Civil;200490010;4096388;AUX ADM- HORA INSALUBRE 50%;H
Civil;201332350;4096388;AUX ADM- HORA INSALUBRE 50%;H
Civil;200491752;4096388;AUX ADM- HORA INSALUBRE 50%;H
Civil;201332350;4096389;RETRO ESCAVADEIRA - HORA PRODUTIVA;H
Civil;200491752;4096389;RETRO ESCAVADEIRA - HORA PRODUTIVA;H
Civil;201332350;4096390;RETRO ESCAVADEIRA - HORA IMPRODUTIVA;H
Civil;200491752;4096390;RETRO ESCAVADEIRA - HORA IMPRODUTIVA;H
Civil;201332350;4096391;CAMINHÃO BÁSCULA - HORA PRODUTIVA;H
Civil;200491752;4096391;CAMINHÃO BÁSCULA - HORA PRODUTIVA;H
Civil;201332350;4096392;CAMINHÃO BÁSCULA - HORA IMPRODUTIVA;H
Civil;200491752;4096392;CAMINHÃO BÁSCULA - HORA IMPRODUTIVA;H
Civil;201332350;4096393;CAMINHÃO CARROCERIA MUNCK - HORA PRODUTI;H
Civil;200491752;4096393;CAMINHÃO CARROCERIA MUNCK - HORA PRODUTI;H
Civil;201332350;4096394;CAMINHÃO CARROCERIA MUNCK - HORA IMPRODU;H
Civil;200491752;4096394;CAMINHÃO CARROCERIA MUNCK - HORA IMPRODU;H
Civil;201332350;4096395;COMPRESSOR 250 PCM - HORA PRODUTIVA;H
Civil;200491752;4096395;COMPRESSOR 250 PCM - HORA PRODUTIVA;H
Civil;201332350;4096396;COMPRESSOR 250 PCM - HORA IMPRODUTIVA;H
Civil;200491752;4096396;COMPRESSOR 250 PCM - HORA IMPRODUTIVA;H
Civil;201332350;4096397;GERADOR 10kVA - HORA PRODUTIVA;H
Civil;200491752;4096397;GERADOR 10kVA - HORA PRODUTIVA;H
Civil;201332350;4096398;GERADOR 10kVA - HORA IMPRODUTIVA;H
Civil;200491752;4096398;GERADOR 10kVA - HORA IMPRODUTIVA;H
Civil;201332350;4096399;BOMBA SUBMERSÍVEL PORTÁTIL - HORA PRODUT;H
Civil;200491752;4096399;BOMBA SUBMERSÍVEL PORTÁTIL - HORA PRODUT;H
Civil;201332350;4096400;BOMBA SUBMERSÍVEL PORTÁTIL - HORA IMPROD;H
Civil;200491752;4096400;BOMBA SUBMERSÍVEL PORTÁTIL - HORA IMPROD;H
Civil;201332350;4096401;SERRA CLIPER/CORTADORA PISO - H PRODUTIV;H
Civil;200491752;4096401;SERRA CLIPER/CORTADORA PISO - H PRODUTIV;H
Civil;201332350;4096403;CAMINHÃ MUNCK 10 TON E IÇA ATÉ 3 M 7 TON;H
Civil;200491752;4096403;CAMINHÃ MUNCK 10 TON E IÇA ATÉ 3 M 7 TON;H
Civil;201332350;4096404;SV CAMINHÃO BASCULA - 6 m³ (EVENTUAL SPO;H
Civil;200491752;4096404;SV CAMINHÃO BASCULA - 6 m³ (EVENTUAL SPO;H
Civil;201332350;4096405;CONSULTORIA TÉCNICA - SERVIÇOS ESPECIALI;H
Civil;200491752;4096405;CONSULTORIA TÉCNICA - SERVIÇOS ESPECIALI;H
Civil;201332350;4096406;SUPERVISOR OBRAS - HORA NORMAL;H
Civil;200491752;4096406;SUPERVISOR OBRAS - HORA NORMAL;H
Civil;300343622;4096406;SUPERVISOR OBRAS - HORA NORMAL;H
Civil;201332350;4096407;SUPERVISOR OBRAS - HORA NORMAL À DISPOSI;H
Civil;200491752;4096407;SUPERVISOR OBRAS - HORA NORMAL À DISPOSI;H
Civil;300343622;4096407;SUPERVISOR OBRAS - HORA NORMAL À DISPOSI;H
Civil;201332350;4096408;SUPERVISOR OBRAS - HORA EXTRA 50%;H
Civil;200491752;4096408;SUPERVISOR OBRAS - HORA EXTRA 50%;H
Civil;300343622;4096408;SUPERVISOR OBRAS - HORA EXTRA 50%;H
Civil;201332350;4096409;SUPERVISOR OBRAS - HORA EXTRA 100%;H
Civil;200491752;4096409;SUPERVISOR OBRAS - HORA EXTRA 100%;H
Civil;300343622;4096409;SUPERVISOR OBRAS - HORA EXTRA 100%;H
Civil;201332350;4096410;SUPERVISOR OBRAS- HORA EXTRA À DISPOSIÇÃ;H
Civil;200491752;4096410;SUPERVISOR OBRAS- HORA EXTRA À DISPOSIÇÃ;H
Civil;300343622;4096410;SUPERVISOR OBRAS- HORA EXTRA À DISPOSIÇÃ;H
Civil;201332350;4096411;SUPERVISOR OBRAS - HORA NOTURNA À DISPO;H
Civil;200491752;4096411;SUPERVISOR OBRAS - HORA NOTURNA À DISPO;H
Civil;300343622;4096411;SUPERVISOR OBRAS - HORA NOTURNA À DISPO;H
Civil;201332350;4096412;SUPERVISOR OBRAS - HORA EXTRA NOTURNA;H
Civil;200491752;4096412;SUPERVISOR OBRAS - HORA EXTRA NOTURNA;H
Civil;300343622;4096412;SUPERVISOR OBRAS - HORA EXTRA NOTURNA;H
Civil;201332350;4096413;SUPERVISOR OBRAS - HORA EXTRA NOT À DIS;H
Civil;200491752;4096413;SUPERVISOR OBRAS - HORA EXTRA NOT À DIS;H
Civil;300343622;4096413;SUPERVISOR OBRAS - HORA EXTRA NOT À DIS;H
Civil;201332350;4096414;SUPERVISOR OBRAS - HORA PERICULOSA 100%;H
Civil;200491752;4096414;SUPERVISOR OBRAS - HORA PERICULOSA 100%;H
Civil;201332350;4096415;SUPERVISOR OBRAS - HORA PERICULOSA 50%;H
Civil;200491752;4096415;SUPERVISOR OBRAS - HORA PERICULOSA 50%;H
Civil;201332350;4096416;SUPERVISOR OBRAS - HORA INSALUBRE 100%;H
Civil;200491752;4096416;SUPERVISOR OBRAS - HORA INSALUBRE 100%;H
Civil;300343622;4096416;SUPERVISOR OBRAS - HORA INSALUBRE 100%;H
Civil;201332350;4096417;SUPERVISOR OBRAS - HORA INSALUBRE 50%;H
Civil;200491752;4096417;SUPERVISOR OBRAS - HORA INSALUBRE 50%;H
Civil;300343622;4096417;SUPERVISOR OBRAS - HORA INSALUBRE 50%;H
Civil;201332350;4096418;MOB DE NOVO EFEITIVO EVENTUAL P/ PESSOA;SV
Civil;200491752;4096418;MOB DE NOVO EFEITIVO EVENTUAL P/ PESSOA;SV
Civil;201813190;4097532;locação de transformador;SV
Civil;200775708;4097734;PINTOR AIRLESS (VERBA MÊS;SV
Civil;200775708;4097735;SUPERVISOR DE HIDROJATO (VERBA MÊS);SV
Civil;200775708;4097736;PINTOR AIRLESS (H. EXTRA SEG A SAB);SV
Civil;200775708;4097737;SUPERVISOR DE HIDROJATO (H. EXTRA SEG A;SV
Civil;200775708;4097738; PINTOR AIRLESS (H. EXTRA DOM E FER);SV
Civil;200775708;4097739;SUPERVISOR DE HIDROJATO (H. EXTRA DOM E;SV
Civil;200775708;4097740;PINTOR AIRLESS (HORA NOTURNA;SV
Civil;200775708;4097741;SUPERVISOR DE HIDROJATO (HORA NOTURNA);SV
Civil;200775708;4097742;PINTOR AIRLESS (INSALUBRIDADE;SV
Civil;200775708;4097743;SUPERVISOR DE HIDROJATO (INSALUBRIDADE;SV
Civil;200775708;4097744;PINTOR AIRLESS (PERICULOSIDADE);SV
Civil;200775708;4097745; SUPERVISOR DE HIDROJATO (PERICULOSIDADE;SV
Civil;200775708;4097746; PINTOR AIRLESS (MOB);SV
Civil;200775708;4097747;PINTOR AIRLESS (DESMOB);SV
Civil;200775708;4097748;SUPERVISOR DE HIDROJATO (MOB;SV
Civil;200775708;4097749;SUPERVISOR DE HIDROJATO (DESMOB);SV
Civil;201813190;4097751;Transformador canteiro;SV
Civil;201813190;4097752;SV - INSPETOR ALP N1/N2 HN EVENTUAL;H
Civil;201813190;4097753;SV - Ajudante AN EVENTUAL;H
Civil;201813190;4097754;SV - INSPETOR ALP N1/N2 AN EVENTUAL;H
Civil;201813190;4097755;SV - INSPETOR ALP N1/N2 HE 50 EVENTUAL;H
Civil;201813190;4097756;SV - INSPETOR ALP N1/N2 HE 100 EVENTUAL;H
Civil;201813190;4097757;SV - Ajudante HN EVENTUAL;H
Civil;201813190;4097758;SV - Ajudante HE 50 EVENTUAL;H
Civil;201813190;4097759;SV - Ajudante HE 100 EVENTUAL;H
Civil;201813190;4097760;SV - CALD Alpin N1/N2 HN EVENTUAL;H
Civil;201813190;4097761;SV - CALD Alpin N1/N2 AN EVENTUAL;H
Civil;201813190;4097762;SV - CALD Alpin N1/N2 HE 50 EVENTUAL;H
Civil;201813190;4097763;SV - CALD Alpin N1/N2 HE 100 EVENTUAL;H
Civil;201813190;4097764;SV - CALD Alpin N1/N2 AN  HE EVENTUAL;H
Civil;201813190;4097765;SV-CALD Alpin N1/N2 AN HE 100 EVENTUAL;H
Civil;201813190;4097766;SV - Pintor Alpin N1/N2 HE 100 EVENTUAL;H
Civil;201813190;4097767;SV - Pintor Alpinista N1/N2 HN EVENTUAL;H
Civil;201813190;4097768;SV - Pintor Alpinista N1/N2 AN EVENTUAL;H
Civil;201813190;4097769;SV - Pintor Alpin N1/N2 HE 50 EVENTUAL;H
Civil;201813190;4097770;SV-Sold/Maçaric ALP N1/N2 HN EVENTUAL;H
Civil;201813190;4097771;SV - Sold/Maçaric ALP N1/N2 AN EVENTUAL;H
Civil;201813190;4097772;SV-Sold/Maçaric ALP N1/N2 HE 50 EVENTUAL;H
Civil;201813190;4097773;SV-Sold/Maçaric ALP N1/N2 HE100 EVENTUAL;H
Civil;201813190;4097774;SV - Sup acesso (Irata N3) HN EVENTUAL;H
Civil;201813190;4097775;SV - Sup acesso (Irata N3) AN EVENTUAL;H
Civil;201813190;4097776;SV-Sup acesso (Irata N3) HE 50 EVENTUAL;H
Civil;201813190;4097777;SV-Sup acesso (Irata N3) HE100 EVENTUAL;H
Civil;201813190;4097778;SV - Sup planejamento HE 100 EVENTUAL;H
Civil;201813190;4097779;SV - Sup planejamento HN EVENTUAL;H
Civil;201813190;4097780;SV - Sup planejamento AN EVENTUAL;H
Civil;201813190;4097781;SV - Sup planejamento HE 50 EVENTUAL;H
Civil;201813190;4097782;SV - Tec. de Seguranca HN EVENTUAL;H
Civil;201813190;4097783;SV - Tec. de Seguranca AN EVENTUAL;H
Civil;201813190;4097784;SV - Tec. de Seguranca HE 50 EVENTUAL;H
Civil;201813190;4097785;SV - Tec. de Seguranca HE 100 EVENTUAL;H
Civil;201813190;4097786;SV MECÂNICO ALPINISTA NI/N2 HN EVENTUAL;H
Civil;201813190;4097787;SV MECÂNICO Alpin NI/N2 HE 100 EVENTUAL;H
Civil;201813190;4097788;SV MECÂNICO Alpin NI/N2 HE 50 EVENTUAL;H
Civil;201813190;4097789;SV MECÂNICO ALPINISTA NI/N2 AN EVENTUAL;H
Civil;201813190;4097790;SV - Téc planej H pericul + HE EVENTUAL;H
Civil;201813190;4097791;SV - Técnico de planejamento HN EVENTUAL;H
Civil;201813190;4097792;SV - Téc planej HN + HE SEG-SAB EVENTUAL;H
Civil;201813190;4097793;SV - Téc planej HN + HE DOM-FERI EVENTUA;H
Civil;201813190;4097794;SV - Téc planej HN + AD NOT EVENTUAL;H
Civil;201813190;4097795;Téc SEG do Trabalho H Peric EVENTUAL;H
Civil;201813190;4097796;Sup acesso N3 H Peric. + Extra EVENTUAL;H
Civil;201813190;4097797;SV-Sup acesso(Irata N3)AN HE 100 EVENTUA;H
Civil;201813190;4097798;Pintor Alpin N1/N2 H Peric+ Extra EVENTU;H
Civil;201813190;4097799;CALD Alpin N1/N2 H Peric. + E EVENTUAL;H
Civil;201813190;4097800;Ajud H Peric+ Extra (seg a sáb) EVENTUAL;H
Civil;201813190;4097801;SV - Ajudante AN HE 50 EVENTUAL;H
Civil;201813190;4097802;SV - Ajudante AN HE 100 EVENTUAL;H
Civil;201813190;4097803;SV-Sup acesso(Irata N3)AN HE 50 EVENTU;H
Civil;201813190;4097804;SV - Tec. de Seguranca AN HE 50 EVENTUAL;H
Civil;201813190;4097805;SV - Tec. SEG AN HE 100 EVENTUAL;H
Civil;201813190;4097806;SV Téc de planej HN+AD NOT HE 50 EVENTUA;H
Civil;201813190;4097807;SV Téc de planej HN+AD NOT HE 100 EVENTU;H
Civil;201813190;4097808;SV-Ajudante HE 100-HORA OCIOSA EVENTUAL;H
Civil;201813190;4097809;SV - Ajudante HN-HORA OCIOSA EVENTUAL;H
Civil;201813190;4097810;SV - Ajudante AN-HORA OCIOSA EVENTUAL;H
Civil;201813190;4097811;SV - Ajudante HE 50-HORA OCIOSA EVENTUAL;H
Civil;201813190;4097812;SV-CALDAlpin N1/N2 HN H-HO EVENTUAL;H
Civil;201813190;4097813;SV-CALDAlpin N1/N2 AN H-HO EVENTUAL;H
Civil;201813190;4097814;SV-CALDAlpin N1/N2 HE 50 H-HO EVENTUAL;H
Civil;201813190;4097815;SV-Sup acesso (Irata N3) HN-HO EVENTUAL;H
Civil;201813190;4097816;SV-CALDAlpin N1/N2 HE 100-HO EVENTUAL;H
Civil;201813190;4097817;SV-CALDAlpin N1/N2 AN HE H-HO EVENTUAL;H
Civil;201813190;4097818;SV-CALDAlpinN1/N2 AN HE100-HO EVENTUAL;H
Civil;201813190;4097819;SV-Sup acesso(Irata N3)AN-HO EVENTUAL;H
Civil;201813190;4097820;SV-Sup acesso(IrataN3)HE 50-HO EVENTUAL;H
Civil;201813190;4097821;SV-Sup acesso(IrataN3)HE100-HO EVENTUAL;H
Civil;201813190;4097822;SV-Tec. SEG HN H-HORA OCIOSA EVENTUAL;H
Civil;201813190;4097823;SV-Tec. SEG AN H-HORA OCIOSA EVENTUAL;H
Civil;201813190;4097824;SV-Tec. SEG HE 50 H-HORA OCIOSA EVENTUAL;H
Civil;201813190;4097825;SV-Tec.SEG HE 100 H-HORA OCIOSA EVENTUAL;H
Civil;201813190;4097826;SV-Téc de planejamento HN H-HO EVENTUAL;H
Civil;201813190;4097827;SV -Ajud AN HE 50 H-HORA OCIOSA EVENTUAL;H
Civil;201813190;4097828;SV-Téc planej HN+HE SEG-SAB H-HO EVENTUA;H
Civil;201813190;4097829;SV-Téc planej HN+HE DOM-FERI-HO EVENTUAL;H
Civil;201813190;4097830;SV-Téc planej HN+AD NOT H-HO EVENTUAL;H
Civil;201813190;4097831;SV-Ajud AN HE 100 H-HORA OCIOSA EVENTUAL;H
Civil;201813190;4097832;SV-Sup acesso(IrataN3)AN HE-HO EVENTUAL;H
Civil;201813190;4097833;SV-Sup acesso(IrataN3)ANHE100H-HO EVENTU;H
Civil;201813190;4097834;SV-Tec. SEG AN HE 50 H-HO EVENTUAL;H
Civil;201813190;4097835;SV - Tec. SEG AN HE 100 H-HO EVENTUAL;H
Civil;201813190;4097836;SV-Téc planej HN+AD NOT HE 50-HO EVENTUA;H
Civil;201813190;4097837;SVTéc planej HN+AD NOT HE 100H-HO EVENTU;H
Civil;201418204;4099572;Pagamento Retroativo;SV
Civil;200775708;4105811;SUPERVISOR PLANEJ Valor H com Periculosi;H
Civil;200775708;4105812;SUPERVISOR PLANEJ Valor HE(R$) Seg a Sab;H
Civil;200775708;4105813;SUPERVISOR PLANEJ Valor Mensal (R$);SV
Civil;200775708;4105814;SUPERVISOR PLANEJ Valor HE(R$) FER,DOM;H
Civil;200775708;4105815;SUPERVISOR PLANEJ Valor de Hora Noturna;H
Civil;201574182;4115921;ESCAVAÇÃO MANUAL M3;SV
Civil;201574182;4115922;REATERRO M3;SV
Civil;201574182;4115924;CORTE PAVIMENTO ASFALTO COM SERRA CLIPER;SV
Civil;201464634;4117572;Diaria resgatista-seg a sexta-SOBREAVISO;SV
Civil;201464634;4117573;Diaria resgatista-FDS/N-SOBREAVISO;SV
Civil;201464634;4117574;Diaria Líder Resgate-FDS/N;SV
Civil;201464634;4117575;HORA EXTRA Líder Resgate-FDS/N;SV
Civil;201464634;4117576;HORA EXTRA Planejador-FDS/N;SV
Civil;201464634;4117577;Diária Planejador-FDS/N;SV
Civil;201464634;4117578;Diária Alpinista N1/N2/TS-seg a sex;SV
Civil;201464634;4117579;Diária N1/N2/TS-seg,sex-SOBREAVISO;SV
Civil;201464634;4117580;Hora Extra Alpinista N1/N2/TS-seg a sex;SV
Civil;201464634;4117581;Hora Extra Alpinista N1/N2/TS-FDS/N;SV
Civil;201464634;4117582;Diária Alpinista N1/N2/TS-FDS/N;SV
Civil;201464634;4117583;Diária Alpinista N1/N2/TS-FDS/N-SOBREAVI;SV
Civil;201464634;4117584;Diária Equip.Proteção Respiratória Auton;SV
Civil;201464634;4117585;Mobilização Especiais UNITÁRIO;SV
Civil;201464634;4117586;Diária Planejador - EQUIPE FIXA - ADM;SV
Civil;201464634;4117587;Diária Técnico Segurança-EQUIPE FIXA ADM;SV
Civil;201464634;4117588;Diária Líder de Resgate -EQUIPE FIXA ADM;SV
Civil;201464634;4117589;Diária Manut./Resgatista-EQUIPE FIXA ADM;SV
Civil;201464634;4117590;Diária Manut./Resgatista-EQ.FIXA SAZONAL;SV
Civil;201464634;4117591;Diária Manut./Resgatista-EQ.FIXA NOTURNO;SV
Civil;201464634;4117835;Líder de Resgate - (Seg A Sex H/E Diurno;SV
Civil;201464634;4117836;Planejador/Téc.Seg.(Seg A Sex H/E Diurno;SV
Civil;201464634;4117837;Manutenção/Resgate(Seg a Sex H/E Diurno);SV
Civil;201464634;4117838;Manu/Resgate(Seg a Sex HE Sazonal/Noturn;SV
Civil;201813190;4119060;Projeto e ART de Linha de Vida;SV
Civil;201813190;4119061;Passarela de Acesso;SV
Civil;201813190;4119062;Manta Asfáltica Aluminizada rep. Telhado;SV
Civil;201813190;4119063;Calha metálica chapa galvanizada 2,7mm;SV
Civil;201813190;4119064;Calha metálica chapa galvanizada 1,95mm;SV
Civil;201813190;4119065;Calha metálica chapa galvanizada 1,55mm;SV
Civil;201813190;4119066;Calha metálica chapa galvanizada 1,30mm;SV
Civil;201813190;4119067;Calha metálica chapa galvanizada 0,95mm;SV
Civil;201813190;4119068;Calha metálica chapa galvanizada 0,80mm;SV
Civil;201813190;4119069;Calha metálica chapa galvanizada 0,65mm;SV
Civil;201813190;4119070;Subst.telhas galvan./galvalume seg.horiz;SV
Civil;201813190;4119071;Subs.telhas galvan./galvalume seg.vertic;SV
Civil;201813190;4119072;Subs.telhas cerâmica colonial seg.horizo;SV
Civil;201813190;4119073;Escoa.vert. fixa à estru.tubo PVC 100mm;SV
Civil;201813190;4119074;Escoa.vert. fixa à estru.calha metá.75mm;SV
Civil;201813190;4119075;Mont.telhado telha galvan/galvalu. 100mm;SV
Civil;201813190;4119076;Desmon.telhado telhas galvan/galval.75mm;SV
Civil;201813190;4119083;Telha de cerâmica capa - LARANJA;SV
Civil;201813190;4119084;Telha de cerâmica bica - LARANJA;SV
Civil;201813190;4119085;Telha galvinizada TP40 com espess.0,5mm;SV
Civil;201813190;4119086;Telha galvinizada TP40 com espess.0,65mm;SV
Civil;201813190;4119087;Telha galvinizada TP40 com espess. 0,8mm;SV
Civil;201813190;4119088;Telha translucida TP40 com espessura 1mm;SV
Civil;201813190;4119089;Telha translucida TP40 com espessura 2mm;SV
Civil;201813190;4119090;Telha translucida TP40 com espessura 3mm;SV
Civil;201813190;4119096;Mobilização de frente de Trabalho;SV
Civil;201813190;4119097;Desmobilização de frente de Trabalho;SV
Civil;201813190;4123033;PAGAMENTO DE RETROATIVO MAR/JUL 2026;ST
Civil;201574182;4123482;Mob / Desmob Caminhão Munck;SV
Civil;201574182;4123483;Caminhão Munck;SV
Civil;201574182;4123484;Ajudante;SV
Civil;201574182;4123485;ENCARREGADO;SV
Civil;201574182;4123486;Limpeza da área;SV
Eletromecânica;300745236;4028570;SV-HORA DE OFICIAL - HORA NOTURNA CHEIA;H
Eletromecânica;200379772;4035260;SERV DE MANUT. ELET/AUTOM TEC 3 - SENIOR;H
Eletromecânica;200379772;4035261;SERV MANUT. ELET/AUTOM TEC 3 - SENIOR HE;H
Eletromecânica;200379772;4035262;SERV MANUT. ELET/AUTOM TEC 3 - SENIOR HE;H
Eletromecânica;200379772;4035263;SERV MANUT. ELET/AUTOM TEC 3 - SENIOR HE;H
Eletromecânica;200379772;4035264;SERV MANUT. ELET/AUTOM TEC 3 - SENIOR AD;H
Eletromecânica;200379772;4035265;SERV MANUT. ELET/AUTOM TEC 2 - PLENO HN;H
Eletromecânica;200379772;4035266;SERV MANUT. ELET/AUTOM TEC 2 - PLENO HE;H
Eletromecânica;200379772;4035267;SERV MANUT. ELET/AUTOM TEC 2 - PLENO HE;H
Eletromecânica;200379772;4035268;SERV MANUT. ELET/AUTOM TEC 2 - PLENO HE;H
Eletromecânica;200379772;4035269;SERV MANUT. ELET/AUTOM TEC 2 - PLENO ADN;H
Eletromecânica;200379772;4035270;SERV MANUT. ELET/AUTOM TEC 1 - JUNIOR HN;H
Eletromecânica;200379772;4035271;SERV MANUT. ELET/AUTOM TEC 1 - JUNIOR HE;H
Eletromecânica;200379772;4035272;SERV MANUT. ELET/AUTOM TEC 1 - JUNIOR HE;H
Eletromecânica;200379772;4035273;SERV MANUT. ELET/AUTOM TEC 1 - JUNIOR HE;H
Eletromecânica;200379772;4035274;SERV MANUT. ELET/AUTOM TEC 1 - JUNIOR AD;H
Eletromecânica;200876404;4035891;SV-CALDEIRARIA(MENSAL DEMANDA );SV
Eletromecânica;300805670;4035891;SV-CALDEIRARIA(MENSAL DEMANDA );SV
Eletromecânica;200876404;4035892;SV-CALDEIRARIA(QUINZENAL DEMANDA);SV
Eletromecânica;300805670;4035892;SV-CALDEIRARIA(QUINZENAL DEMANDA);SV
Eletromecânica;200876404;4035893;SV-CALDEIRARIA(SEMANAL DEMANDA);SV
Eletromecânica;300805670;4035893;SV-CALDEIRARIA(SEMANAL DEMANDA);SV
Eletromecânica;200876404;4035894;SV-CALDEIRARIA(DIARIA DEMANDA);SV
Eletromecânica;300805670;4035894;SV-CALDEIRARIA(DIARIA DEMANDA);SV
Eletromecânica;200876404;4035895;SV-SOLDADOR(MENSAL DEMANDA);SV
Eletromecânica;300805670;4035895;SV-SOLDADOR(MENSAL DEMANDA);SV
Eletromecânica;200876404;4035896;SV-SOLDADOR(QUINZENA DEMANDA);SV
Eletromecânica;300805670;4035896;SV-SOLDADOR(QUINZENA DEMANDA);SV
Eletromecânica;200876404;4035897;SV-SOLDADOR(SEMANAL DEMANDA);SV
Eletromecânica;300805670;4035897;SV-SOLDADOR(SEMANAL DEMANDA);SV
Eletromecânica;200876404;4035898;SV-SOLDADOR(DIARIA DEMANDA);SV
Eletromecânica;300805670;4035898;SV-SOLDADOR(DIARIA DEMANDA);SV
Eletromecânica;200876404;4035899;SV-AJUDANTE(MENSAL DEMANDA);SV
Eletromecânica;300805670;4035899;SV-AJUDANTE(MENSAL DEMANDA);SV
Eletromecânica;200876404;4035900;SV-AJUDANTE(QUINZENA DEMANDA);SV
Eletromecânica;300805670;4035900;SV-AJUDANTE(QUINZENA DEMANDA);SV
Eletromecânica;200876404;4035901;SV-AJUDANTE(SEMANA DEMANDA);SV
Eletromecânica;300805670;4035901;SV-AJUDANTE(SEMANA DEMANDA);SV
Eletromecânica;200876404;4035902;SV-AJUDANTE(DIARIA DEMANDA);SV
Eletromecânica;300805670;4035902;SV-AJUDANTE(DIARIA DEMANDA);SV
Eletromecânica;200876404;4035903;SV-ENCANADOR(MENSAL DEMANDA);SV
Eletromecânica;300805670;4035903;SV-ENCANADOR(MENSAL DEMANDA);SV
Eletromecânica;200876404;4035904;SV-ENCANADOR(QUINZENA DEMANDA);SV
Eletromecânica;300805670;4035904;SV-ENCANADOR(QUINZENA DEMANDA);SV
Eletromecânica;200876404;4035905;SV-ENCANADOR(SEMANA DEMANDA);SV
Eletromecânica;300805670;4035905;SV-ENCANADOR(SEMANA DEMANDA);SV
Eletromecânica;200876404;4035906;SV-ENCANADOR(DIARIA DEMANDA);SV
Eletromecânica;300805670;4035906;SV-ENCANADOR(DIARIA DEMANDA);SV
Eletromecânica;200876404;4035911;SV-MECANICO(MENSAL DEMANDA);SV
Eletromecânica;300805670;4035911;SV-MECANICO(MENSAL DEMANDA);SV
Eletromecânica;200876404;4035912;SV-MECANICO(QUINZENA DEMANDA);SV
Eletromecânica;300805670;4035912;SV-MECANICO(QUINZENA DEMANDA);SV
Eletromecânica;200876404;4035913;SV-MECANICO(SEMANA DEMANDA);SV
Eletromecânica;300805670;4035913;SV-MECANICO(SEMANA DEMANDA);SV
Eletromecânica;200876404;4035914;SV-MECANICO(DIARIA DEMANDA);SV
Eletromecânica;300805670;4035914;SV-MECANICO(DIARIA DEMANDA);SV
Eletromecânica;200876404;4039672;SV- ENCARREGADO (MENSAL DEMANDA);SV
Eletromecânica;300805670;4039672;SV- ENCARREGADO (MENSAL DEMANDA);SV
Eletromecânica;200876404;4039673;SV- ENCARREGADO (QUINZENAL DEMANDA);SV
Eletromecânica;300805670;4039673;SV- ENCARREGADO (QUINZENAL DEMANDA);SV
Eletromecânica;200876404;4039674;SV- ENCARREGADO (SEMANAL DEMANDA);SV
Eletromecânica;300805670;4039674;SV- ENCARREGADO (SEMANAL DEMANDA);SV
Eletromecânica;200876404;4039675;SV- ENCARREGADO (DIARIA DEMANDA);SV
Eletromecânica;300805670;4039675;SV- ENCARREGADO (DIARIA DEMANDA);SV
Eletromecânica;200876404;4039676;SV- TEC. DE SEGURANÇA (MENSAL DEMANDA);SV
Eletromecânica;300805670;4039676;SV- TEC. DE SEGURANÇA (MENSAL DEMANDA);SV
Eletromecânica;200876404;4039677;SV- TEC. DE SEGURANÇA (QUINZENAL DEMANDA;SV
Eletromecânica;300805670;4039677;SV- TEC. DE SEGURANÇA (QUINZENAL DEMANDA;SV
Eletromecânica;200876404;4039678;SV- TEC. DE SEGURANÇA (SEMANAL DEMANDA);SV
Eletromecânica;300805670;4039678;SV- TEC. DE SEGURANÇA (SEMANAL DEMANDA);SV
Eletromecânica;200876404;4039679;SV- TEC. DE SEGURANÇA (DIARIA DEMANDA);SV
Eletromecânica;300805670;4039679;SV- TEC. DE SEGURANÇA (DIARIA DEMANDA);SV
Eletromecânica;200876404;4045171;SV-CALDEIRARIA(HX 70% SEG A SAB );SV
Eletromecânica;300805670;4045171;SV-CALDEIRARIA(HX 70% SEG A SAB );SV
Eletromecânica;200876404;4045172;SV-SOLDADOR(HX 70% SEG A SAB);SV
Eletromecânica;300805670;4045172;SV-SOLDADOR(HX 70% SEG A SAB);SV
Eletromecânica;200876404;4045173;SV-AJUDANTE(HX 70% SEG A SAB);SV
Eletromecânica;300805670;4045173;SV-AJUDANTE(HX 70% SEG A SAB);SV
Eletromecânica;200876404;4045174;SV-ENCANADOR(HX 70% SEG A SAB);SV
Eletromecânica;300805670;4045174;SV-ENCANADOR(HX 70% SEG A SAB);SV
Eletromecânica;200876404;4045175;SV-MECANICO(HX 70% SEG A SAB);SV
Eletromecânica;300805670;4045175;SV-MECANICO(HX 70% SEG A SAB);SV
Eletromecânica;200876404;4045176;SV- ENCARREGADO (HX 70% SEG A SAB);SV
Eletromecânica;300805670;4045176;SV- ENCARREGADO (HX 70% SEG A SAB);SV
Eletromecânica;200876404;4045177;SV- TEC. DE SEGURANÇA (HX 70% SEG A SAB);SV
Eletromecânica;300805670;4045177;SV- TEC. DE SEGURANÇA (HX 70% SEG A SAB);SV
Eletromecânica;200876404;4045504;SV- TORNEIRO (HX 70% SEG A SAB);SV
Eletromecânica;300805670;4045504;SV- TORNEIRO (HX 70% SEG A SAB);SV
Eletromecânica;200876404;4045505;SV-CALDEIRARIA(HX 100% DOM E FER );SV
Eletromecânica;300805670;4045505;SV-CALDEIRARIA(HX 100% DOM E FER );SV
Eletromecânica;200876404;4045506;SV-SOLDADOR(HX 100% DOM E FER);SV
Eletromecânica;300805670;4045506;SV-SOLDADOR(HX 100% DOM E FER);SV
Eletromecânica;200876404;4045507;SV-AJUDANTE(HX 100% DOM E FER);SV
Eletromecânica;300805670;4045507;SV-AJUDANTE(HX 100% DOM E FER);SV
Eletromecânica;200876404;4045508;SV-ENCANADOR(HX 100% DOM E FER);SV
Eletromecânica;300805670;4045508;SV-ENCANADOR(HX 100% DOM E FER);SV
Eletromecânica;200876404;4045509;SV-MECANICO(HX 100% DOM E FER);SV
Eletromecânica;300805670;4045509;SV-MECANICO(HX 100% DOM E FER);SV
Eletromecânica;200876404;4045559;SV-TORNEIRO MECANICO (MENSAL DEMANDA);SV
Eletromecânica;300805670;4045559;SV-TORNEIRO MECANICO (MENSAL DEMANDA);SV
Eletromecânica;200876404;4045610;SV-TORNEIRO MECANICO (QUINZENAL DEMANDA);SV
Eletromecânica;300805670;4045610;SV-TORNEIRO MECANICO (QUINZENAL DEMANDA);SV
Eletromecânica;200876404;4045611;SV-TORNEIRO MECANICO (SEMANA DEMANDA);SV
Eletromecânica;300805670;4045611;SV-TORNEIRO MECANICO (SEMANA DEMANDA);SV
Eletromecânica;200876404;4045612;SV-TORNEIRO MECANICO (DIARIA DEMANDA);SV
Eletromecânica;300805670;4045612;SV-TORNEIRO MECANICO (DIARIA DEMANDA);SV
Eletromecânica;200876404;4045650;SV- ENCARREGADO (HX 100% DOM E FER);SV
Eletromecânica;300805670;4045650;SV- ENCARREGADO (HX 100% DOM E FER);SV
Eletromecânica;200876404;4045651;SV- TEC.DE SEGURANÇA (HX 100% DOM E FER);SV
Eletromecânica;300805670;4045651;SV- TEC.DE SEGURANÇA (HX 100% DOM E FER);SV
Eletromecânica;200876404;4045652;SV- TORNEIRO (HX 100% DOM E FER);SV
Eletromecânica;300805670;4045652;SV- TORNEIRO (HX 100% DOM E FER);SV
Eletromecânica;300425006;4051688;Sv Soldador (demanda Mensal) H Adm;SV
Eletromecânica;201536318;4051688;Sv Soldador (demanda Mensal) H Adm;SV
Eletromecânica;300425006;4051689;Sv Soldador (demanda Quinzenal) H Adm;SV
Eletromecânica;201536318;4051689;Sv Soldador (demanda Quinzenal) H Adm;SV
Eletromecânica;300425006;4051714;Sv Caldeireiro (demanda Diária) H Esp;SV
Eletromecânica;201536318;4051714;Sv Caldeireiro (demanda Diária) H Esp;SV
Eletromecânica;300425006;4051715;Sv Ajudante (demanda Mensal) H Adm;SV
Eletromecânica;201536318;4051715;Sv Ajudante (demanda Mensal) H Adm;SV
Eletromecânica;300425006;4051716;Sv Ajudante (demanda Quinzenal) H Adm;SV
Eletromecânica;201536318;4051716;Sv Ajudante (demanda Quinzenal) H Adm;SV
Eletromecânica;300425006;4051717;Sv Ajudante (demanda Semanal) H Adm;SV
Eletromecânica;201536318;4051717;Sv Ajudante (demanda Semanal) H Adm;SV
Eletromecânica;201536318;4051718;Sv Ajudante (demanda Diária) H Adm;SV
Eletromecânica;300425006;4051718;Sv Ajudante (demanda Diária) H Adm;SV
Eletromecânica;201536318;4051719;Sv Ajudante (demanda Mensal) H Esp;SV
Eletromecânica;300425006;4051719;Sv Ajudante (demanda Mensal) H Esp;SV
Eletromecânica;201536318;4051730;Sv Soldador (demanda Semanal) H Adm;SV
Eletromecânica;300425006;4051730;Sv Soldador (demanda Semanal) H Adm;SV
Eletromecânica;300425006;4051731;Sv Soldador (demanda Diária) H Adm;SV
Eletromecânica;201536318;4051731;Sv Soldador (demanda Diária) H Adm;SV
Eletromecânica;300425006;4051732;Sv Soldador (demanda Mensal) H Esp;SV
Eletromecânica;201536318;4051732;Sv Soldador (demanda Mensal) H Esp;SV
Eletromecânica;300425006;4051733;Sv Soldador (demanda Quinzenal) H Esp;SV
Eletromecânica;201536318;4051733;Sv Soldador (demanda Quinzenal) H Esp;SV
Eletromecânica;300425006;4051734;Sv Soldador (demanda Semanal) H Esp;SV
Eletromecânica;201536318;4051734;Sv Soldador (demanda Semanal) H Esp;SV
Eletromecânica;201536318;4051735;Sv Soldador (demanda Diária) H Esp;SV
Eletromecânica;300425006;4051735;Sv Soldador (demanda Diária) H Esp;SV
Eletromecânica;300425006;4051736;Sv Caldeireiro (demanda Mensal) H Adm;SV
Eletromecânica;201536318;4051736;Sv Caldeireiro (demanda Mensal) H Adm;SV
Eletromecânica;300425006;4051737;Sv Caldeireiro (demanda Quinzenal) H Adm;SV
Eletromecânica;201536318;4051737;Sv Caldeireiro (demanda Quinzenal) H Adm;SV
Eletromecânica;201536318;4051738;Sv Caldeireiro (demanda Semanal) H Adm;SV
Eletromecânica;300425006;4051738;Sv Caldeireiro (demanda Semanal) H Adm;SV
Eletromecânica;201536318;4051739;Sv Caldeireiro (demanda Diária) H Adm;SV
Eletromecânica;300425006;4051739;Sv Caldeireiro (demanda Diária) H Adm;SV
Eletromecânica;300425006;4051740;Sv Caldeireiro (demanda Mensal) H Esp;SV
Eletromecânica;201536318;4051740;Sv Caldeireiro (demanda Mensal) H Esp;SV
Eletromecânica;300425006;4051742;Sv Caldeireiro (demanda Semanal) H Esp;SV
Eletromecânica;201536318;4051742;Sv Caldeireiro (demanda Semanal) H Esp;SV
Eletromecânica;201536318;4051743;Sv Caldeireiro (demanda Diária) H Esp;SV
Eletromecânica;300425006;4051743;Sv Caldeireiro (demanda Diária) H Esp;SV
Eletromecânica;300425006;4051750;Sv Ajudante (demanda Quinzenal) H Esp;SV
Eletromecânica;201536318;4051750;Sv Ajudante (demanda Quinzenal) H Esp;SV
Eletromecânica;300425006;4051751;Sv Ajudante (demanda Semanal) H Esp;SV
Eletromecânica;201536318;4051751;Sv Ajudante (demanda Semanal) H Esp;SV
Eletromecânica;201536318;4051752;Sv Ajudante (demanda Diária) H Esp;SV
Eletromecânica;300425006;4051752;Sv Ajudante (demanda Diária) H Esp;SV
Eletromecânica;201536318;4051753;Sv Mecânico (demanda Mensal) H Adm;SV
Eletromecânica;300425006;4051753;Sv Mecânico (demanda Mensal) H Adm;SV
Eletromecânica;300425006;4051754;Sv Mecânico (demanda Quinzenal) H Adm;SV
Eletromecânica;201536318;4051754;Sv Mecânico (demanda Quinzenal) H Adm;SV
Eletromecânica;300425006;4051755;Sv Mecânico (demanda Semanal) H Adm;SV
Eletromecânica;201536318;4051755;Sv Mecânico (demanda Semanal) H Adm;SV
Eletromecânica;300425006;4051756;Sv Mecânico (demanda Diária) H Adm;SV
Eletromecânica;201536318;4051756;Sv Mecânico (demanda Diária) H Adm;SV
Eletromecânica;300425006;4051757;Sv Mecânico (demanda Mensal) H Esp;SV
Eletromecânica;201536318;4051757;Sv Mecânico (demanda Mensal) H Esp;SV
Eletromecânica;300425006;4051758;Sv Mecânico (demanda Quinzenal) H Esp;SV
Eletromecânica;201536318;4051758;Sv Mecânico (demanda Quinzenal) H Esp;SV
Eletromecânica;300425006;4051759;Sv Mecânico (demanda Semanal) H Esp;SV
Eletromecânica;201536318;4051759;Sv Mecânico (demanda Semanal) H Esp;SV
Eletromecânica;201536318;4051760;Sv Mecânico (demanda Diária) H Esp;SV
Eletromecânica;300425006;4051760;Sv Mecânico (demanda Diária) H Esp;SV
Eletromecânica;300425006;4051761;Sv Eletricista (demanda Mensal) H Adm;SV
Eletromecânica;201536318;4051761;Sv Eletricista (demanda Mensal) H Adm;SV
Eletromecânica;300425006;4051762;Sv Eletricista (demanda Quinzenal) H Adm;SV
Eletromecânica;201536318;4051762;Sv Eletricista (demanda Quinzenal) H Adm;SV
Eletromecânica;300425006;4051763;Sv Eletricista (demanda Semanal) H Adm;SV
Eletromecânica;201536318;4051763;Sv Eletricista (demanda Semanal) H Adm;SV
Eletromecânica;201536318;4051764;Sv Eletricista (demanda Diária) H Adm;SV
Eletromecânica;300425006;4051764;Sv Eletricista (demanda Diária) H Adm;SV
Eletromecânica;300425006;4051765;Sv Eletricista (demanda Mensal) H Esp;SV
Eletromecânica;201536318;4051765;Sv Eletricista (demanda Mensal) H Esp;SV
Eletromecânica;300425006;4051766;Sv Eletricista (demanda Quinzenal) H Esp;SV
Eletromecânica;201536318;4051766;Sv Eletricista (demanda Quinzenal) H Esp;SV
Eletromecânica;300425006;4051767;Sv Eletricista (demanda Semanal) H Esp;SV
Eletromecânica;201536318;4051767;Sv Eletricista (demanda Semanal) H Esp;SV
Eletromecânica;201536318;4051768;Sv Eletricista (demanda Diária) H Esp;SV
Eletromecânica;300425006;4051768;Sv Eletricista (demanda Diária) H Esp;SV
Eletromecânica;300425006;4051769;Sv Encarregado (demanda Mensal) H Adm;SV
Eletromecânica;201536318;4051769;Sv Encarregado (demanda Mensal) H Adm;SV
Eletromecânica;300425006;4051770;Sv Encarregado (demanda Quinzenal) H Adm;SV
Eletromecânica;201536318;4051770;Sv Encarregado (demanda Quinzenal) H Adm;SV
Eletromecânica;300425006;4051771;Sv Encarregado (demanda Semanal) H Adm;SV
Eletromecânica;201536318;4051771;Sv Encarregado (demanda Semanal) H Adm;SV
Eletromecânica;300425006;4051772;Sv Encarregado (demanda Diária) H Adm;SV
Eletromecânica;201536318;4051772;Sv Encarregado (demanda Diária) H Adm;SV
Eletromecânica;300425006;4051773;Sv Encarregado (demanda Mensal) H Esp;SV
Eletromecânica;201536318;4051773;Sv Encarregado (demanda Mensal) H Esp;SV
Eletromecânica;300425006;4051774;Sv Encarregado (demanda Quinzenal) H Esp;SV
Eletromecânica;201536318;4051774;Sv Encarregado (demanda Quinzenal) H Esp;SV
Eletromecânica;300425006;4051775;Sv Encarregado (demanda Semanal) H Esp;SV
Eletromecânica;201536318;4051775;Sv Encarregado (demanda Semanal) H Esp;SV
Eletromecânica;201536318;4051776;Sv Encarregado (demanda Diária) H Esp;SV
Eletromecânica;300425006;4051776;Sv Encarregado (demanda Diária) H Esp;SV
Eletromecânica;300425006;4051777;Sv TST (demanda Mensal) H Adm;SV
Eletromecânica;201536318;4051777;Sv TST (demanda Mensal) H Adm;SV
Eletromecânica;300425006;4051778;Sv TST (demanda Quinzenal) H Adm;SV
Eletromecânica;201536318;4051778;Sv TST (demanda Quinzenal) H Adm;SV
Eletromecânica;300425006;4051779;Sv TST (demanda Semanal) H Adm;SV
Eletromecânica;201536318;4051779;Sv TST (demanda Semanal) H Adm;SV
Eletromecânica;300425006;4051780;Sv TST (demanda Diária) H Adm;SV
Eletromecânica;201536318;4051780;Sv TST (demanda Diária) H Adm;SV
Eletromecânica;300425006;4051781;Sv TST (demanda Mensal) H Esp;SV
Eletromecânica;201536318;4051781;Sv TST (demanda Mensal) H Esp;SV
Eletromecânica;300425006;4051782;Sv TST (demanda Quinzenal) H Esp;SV
Eletromecânica;201536318;4051782;Sv TST (demanda Quinzenal) H Esp;SV
Eletromecânica;300425006;4051783;Sv TST (demanda Semanal) H Esp;SV
Eletromecânica;201536318;4051783;Sv TST (demanda Semanal) H Esp;SV
Eletromecânica;201536318;4051784;Sv TST (demanda Diária) H Esp;SV
Eletromecânica;300425006;4051784;Sv TST (demanda Diária) H Esp;SV
Eletromecânica;201536318;4051785;SV Máquina de solda + Consumíveis;SV
Eletromecânica;300425006;4051785;SV Máquina de solda + Consumíveis;SV
Eletromecânica;300425006;4051910;SV Máquina de solda;SV
Eletromecânica;201536318;4051910;SV Máquina de solda;SV
Eletromecânica;300425006;4051911;SV Consumíveis p/ Máq. Solda;SV
Eletromecânica;201536318;4051911;SV Consumíveis p/ Máq. Solda;SV
Eletromecânica;300425006;4051912;Sv Soldador H Adm HE 50%;SV
Eletromecânica;201536318;4051912;Sv Soldador H Adm HE 50%;SV
Eletromecânica;300425006;4051913;Sv Soldador H Adm HE 70%;SV
Eletromecânica;201536318;4051913;Sv Soldador H Adm HE 70%;SV
Eletromecânica;300425006;4051914;Sv Soldador H Adm HE 100%;SV
Eletromecânica;201536318;4051914;Sv Soldador H Adm HE 100%;SV
Eletromecânica;300425006;4051915;Sv Soldador H Esp HE 50%;SV
Eletromecânica;201536318;4051915;Sv Soldador H Esp HE 50%;SV
Eletromecânica;300425006;4051916;Sv Soldador H Esp HE 70%;SV
Eletromecânica;201536318;4051916;Sv Soldador H Esp HE 70%;SV
Eletromecânica;201536318;4051917;Sv Soldador H Esp HE 100%;SV
Eletromecânica;300425006;4051917;Sv Soldador H Esp HE 100%;SV
Eletromecânica;300425006;4051918;Sv Caldeireiro H Adm HE 50%;SV
Eletromecânica;201536318;4051918;Sv Caldeireiro H Adm HE 50%;SV
Eletromecânica;300425006;4051919;Sv Caldeireiro H Adm HE 70%;SV
Eletromecânica;201536318;4051919;Sv Caldeireiro H Adm HE 70%;SV
Eletromecânica;300425006;4051920;Sv Caldeireiro H Adm HE 100%;SV
Eletromecânica;201536318;4051920;Sv Caldeireiro H Adm HE 100%;SV
Eletromecânica;300425006;4051921;Sv Caldeireiro H Esp HE 50%;SV
Eletromecânica;201536318;4051921;Sv Caldeireiro H Esp HE 50%;SV
Eletromecânica;300425006;4051922;Sv Caldeireiro H Esp HE 70%;SV
Eletromecânica;201536318;4051922;Sv Caldeireiro H Esp HE 70%;SV
Eletromecânica;201536318;4051923;Sv Caldeireiro H Esp HE 100%;SV
Eletromecânica;300425006;4051923;Sv Caldeireiro H Esp HE 100%;SV
Eletromecânica;300425006;4051924;Sv Ajudante H Adm HE 50%;SV
Eletromecânica;201536318;4051924;Sv Ajudante H Adm HE 50%;SV
Eletromecânica;300425006;4051925;Sv Ajudante H Adm HE 70%;SV
Eletromecânica;201536318;4051925;Sv Ajudante H Adm HE 70%;SV
Eletromecânica;201536318;4051926;Sv Ajudante H Adm HE 100%;SV
Eletromecânica;300425006;4051926;Sv Ajudante H Adm HE 100%;SV
Eletromecânica;300425006;4051927;Sv Ajudante H Esp HE 50%;SV
Eletromecânica;201536318;4051927;Sv Ajudante H Esp HE 50%;SV
Eletromecânica;300425006;4051928;Sv Ajudante H Esp HE 70%;SV
Eletromecânica;201536318;4051928;Sv Ajudante H Esp HE 70%;SV
Eletromecânica;201536318;4051929;Sv Ajudante H Esp HE 100%;SV
Eletromecânica;300425006;4051929;Sv Ajudante H Esp HE 100%;SV
Eletromecânica;300425006;4051930;Sv Mecânico H Adm HE 50%;SV
Eletromecânica;201536318;4051930;Sv Mecânico H Adm HE 50%;SV
Eletromecânica;300425006;4051931;Sv Mecânico H Adm HE 70%;SV
Eletromecânica;201536318;4051931;Sv Mecânico H Adm HE 70%;SV
Eletromecânica;300425006;4051932;Sv Mecânico H Adm HE 100%;SV
Eletromecânica;201536318;4051932;Sv Mecânico H Adm HE 100%;SV
Eletromecânica;300425006;4051933;Sv Mecânico H Esp HE 50%;SV
Eletromecânica;201536318;4051933;Sv Mecânico H Esp HE 50%;SV
Eletromecânica;300425006;4051934;Sv Mecânico H Esp HE 70%;SV
Eletromecânica;201536318;4051934;Sv Mecânico H Esp HE 70%;SV
Eletromecânica;201536318;4051935;Sv Mecânico H Esp HE 100%;SV
Eletromecânica;300425006;4051935;Sv Mecânico H Esp HE 100%;SV
Eletromecânica;300425006;4051936;Sv Eletricista H Adm HE 50%;SV
Eletromecânica;201536318;4051936;Sv Eletricista H Adm HE 50%;SV
Eletromecânica;300425006;4051937;Sv Eletricista H Adm HE 70%;SV
Eletromecânica;201536318;4051937;Sv Eletricista H Adm HE 70%;SV
Eletromecânica;201536318;4051938;Sv Eletricista H Adm HE 100%;SV
Eletromecânica;300425006;4051938;Sv Eletricista H Adm HE 100%;SV
Eletromecânica;201536318;4051939;Sv Eletricista H Esp HE 50%;SV
Eletromecânica;300425006;4051939;Sv Eletricista H Esp HE 50%;SV
Eletromecânica;300425006;4051940;Sv Eletricista H Esp HE 70%;SV
Eletromecânica;201536318;4051940;Sv Eletricista H Esp HE 70%;SV
Eletromecânica;201536318;4051941;Sv Eletricista H Esp HE 100%;SV
Eletromecânica;300425006;4051941;Sv Eletricista H Esp HE 100%;SV
Eletromecânica;300425006;4051942;Sv Encarregado H Adm HE 50%;SV
Eletromecânica;201536318;4051942;Sv Encarregado H Adm HE 50%;SV
Eletromecânica;300425006;4051943;Sv Encarregado H Adm HE 70%;SV
Eletromecânica;201536318;4051943;Sv Encarregado H Adm HE 70%;SV
Eletromecânica;201536318;4051944;Sv Encarregado H Adm HE 100%;SV
Eletromecânica;300425006;4051944;Sv Encarregado H Adm HE 100%;SV
Eletromecânica;300425006;4051945;Sv Encarregado H Esp HE 50%;SV
Eletromecânica;201536318;4051945;Sv Encarregado H Esp HE 50%;SV
Eletromecânica;300425006;4051946;Sv Encarregado H Esp HE 70%;SV
Eletromecânica;201536318;4051946;Sv Encarregado H Esp HE 70%;SV
Eletromecânica;201536318;4051947;Sv Encarregado H Esp HE 100%;SV
Eletromecânica;300425006;4051947;Sv Encarregado H Esp HE 100%;SV
Eletromecânica;300425006;4051948;Sv TST H Adm HE 50%;SV
Eletromecânica;201536318;4051948;Sv TST H Adm HE 50%;SV
Eletromecânica;300425006;4051949;Sv TST H Adm HE 70%;SV
Eletromecânica;201536318;4051949;Sv TST H Adm HE 70%;SV
Eletromecânica;300425006;4051950;Sv TST H Adm HE 100%;SV
Eletromecânica;201536318;4051950;Sv TST H Adm HE 100%;SV
Eletromecânica;300425006;4051951;Sv TST H Esp HE 50%;SV
Eletromecânica;201536318;4051951;Sv TST H Esp HE 50%;SV
Eletromecânica;300425006;4051952;Sv TST H Esp HE 70%;SV
Eletromecânica;201536318;4051952;Sv TST H Esp HE 70%;SV
Eletromecânica;201536318;4051953;Sv TST H Esp HE 100%;SV
Eletromecânica;300425006;4051953;Sv TST H Esp HE 100%;SV
Eletromecânica;200379772;4052141;SV ELETRICISTA PLENO HN;H
Eletromecânica;200379772;4052142;SV ELETRICISTA PLENO HE;H
Eletromecânica;200379772;4052143;SV ELETRICISTA PLENO HE SAB;H
Eletromecânica;200379772;4052144;SV ELETRICISTA PLENO HE DOM E FER;H
Eletromecânica;200379772;4052145;SV ELETRICISTA PLENO AD NOT;H
Eletromecânica;200379772;4052146;SV ELETRICISTA JUNIOR HN;H
Eletromecânica;200379772;4052147;SV ELETRICISTA JUNIOR HE;H
Eletromecânica;200379772;4052149;SV ELETRICISTA JUNIOR HE SAB;H
Eletromecânica;200379772;4052150;SV ELETRICISTA JUNIOR HE DOM E FER;H
Eletromecânica;200379772;4052151;SV ELETRICISTA JUNIOR AD NOT;H
Eletromecânica;200484440;4053843;SV SUP HN;H
Eletromecânica;200484440;4053844;SV ENC HE;H
Eletromecânica;200484440;4053845;SV ENC HE SAB;H
Eletromecânica;200484440;4053846;SV ENC HE DOM;H
Eletromecânica;200484440;4053847;SV ENC ADN;H
Eletromecânica;200484440;4053848;SV ENC DESC;H
Eletromecânica;200484440;4053849;SV ENC H DIF;H
Eletromecânica;200484440;4053850;SV MANT HN;H
Eletromecânica;200484440;4053851;SV MANT HE;H
Eletromecânica;200484440;4053852;SV MANT HE SAB;H
Eletromecânica;200484440;4053853;SV MANT HE DOM;H
Eletromecânica;200484440;4053854;SV MANT ADN;H
Eletromecânica;200484440;4053855;SV MANT DESC;H
Eletromecânica;200484440;4053856;SV MANT MOB PAR;SV
Eletromecânica;200484440;4053857;SV MANT MOB INT;SV
Eletromecânica;200484440;4053858;SV MANT H DIF;H
Eletromecânica;200789692;4054260;SV TRECHO TRILHO 6M c/linha de vida;M
Eletromecânica;200301748;4054260;SV TRECHO TRILHO 6M c/linha de vida;M
Eletromecânica;200789692;4054261;SV TRECHO TRILHO 12M c/linha de vida;M
Eletromecânica;200301748;4054261;SV TRECHO TRILHO 12M c/linha de vida;M
Eletromecânica;200789692;4054262;SV TRECHO TRILHO 24M c/linha de vida;M
Eletromecânica;200301748;4054262;SV TRECHO TRILHO 24M c/linha de vida;M
Eletromecânica;200789692;4054263;SV TRECHO TRILHO 36M c/linha de vida;M
Eletromecânica;200301748;4054263;SV TRECHO TRILHO 36M c/linha de vida;M
Eletromecânica;200789692;4054264;SV TRECHO TRILHO 48M c/linha de vida;M
Eletromecânica;200301748;4054264;SV TRECHO TRILHO 48M c/linha de vida;M
Eletromecânica;200789692;4054265;SV TRECHO TRILHO 60M c/linha de vida;M
Eletromecânica;200301748;4054265;SV TRECHO TRILHO 60M c/linha de vida;M
Eletromecânica;200789692;4054266;SV TRECHO TRILHO 90M c/linha de vida;M
Eletromecânica;200301748;4054266;SV TRECHO TRILHO 90M c/linha de vida;M
Eletromecânica;200789692;4054267;SV TRECHO TRILHO 132M c/linha de vida;M
Eletromecânica;200301748;4054267;SV TRECHO TRILHO 132M c/linha de vida;M
Eletromecânica;200789692;4054268;SV TRECHO TRILHO ACIMA DE 180M c/linha d;M
Eletromecânica;200301748;4054268;SV TRECHO TRILHO ACIMA DE 180M c/linha d;M
Eletromecânica;200484440;4061218;Teste Covid - APENAS PARA PARADAS;SV
Eletromecânica;200789692;4063131;SV-EQUIPE MANUTENÇÃO PONTE ROLANTE;SV
Eletromecânica;200789692;4063132;SV-H. EXTRA SUPERVISOR MANUT PONTE;H
Eletromecânica;200789692;4063133;SV-H. EXTRA ELETRICISTA MANUT PONTE;H
Eletromecânica;200789692;4063134;SV-H. EXTRA MECANICO MANUT PONTE;H
Eletromecânica;200789692;4063135;SV-H. EXTRA TEC SEGURANÇA MANUT PONTE;H
Eletromecânica;200789692;4063136;SV-H. EXTRA LIMPADOR MANUT PONTE;H
Eletromecânica;200789692;4063138;SV-TX DESCOLOCAM COLABORADOR MAN PONTE;SV
Eletromecânica;300745236;4065109;Oficial de obras civil - HE (50%);H
Eletromecânica;300745236;4065111;Oficial de obras civil - HE (100%);H
Eletromecânica;300745236;4065112;Oficial obras civil -H c/ Insalubrid;H
Eletromecânica;300745236;4065113;Oficial de obras civil -H c/ Pericul;H
Eletromecânica;200379772;4065954;TECNICO 4 - MASTER - HN;H
Eletromecânica;200379772;4065955;TECNICO 4 - MASTER - HE;H
Eletromecânica;200379772;4065956;TECNICO 4 - MASTER - HE SAB;H
Eletromecânica;200379772;4065957;TECNICO 4 - MASTER - HE DOM/FER;H
Eletromecânica;200379772;4065958;TECNICO 4 - MASTER - AD NOTURNO;H
Eletromecânica;300139484;4067169;HORA 05:00 as 18:00 SEG A SEX;H
Eletromecânica;300139484;4067550;HORA 18:00 as 22:00 SEG A SEX;H
Eletromecânica;201696666;4068526;SV - Mecânico de Manutenção (mensal);SV
Eletromecânica;200488746;4095763;Custos fixos e indiretos até 250 pessoas;SV
Eletromecânica;201696666;4068674;SV - Mecânico Especializado (mensal);SV
Eletromecânica;201696666;4073970;SV- Soldador 6G (mensal);SV
Eletromecânica;201696666;4068698;SV - Encarregado Mecânica (mensal);SV
Eletromecânica;201696666;4068778;SV - Encarregado Elétrica (mensal);SV
Eletromecânica;201696666;4073764;SV - Encanador (mensal);SV
Eletromecânica;200876404;4026361;SV-SUPORTE ELETRICO MENSAL;SV
Eletromecânica;201696666;4068690;SV-Soldador espec.(TIG/MIG/MAG)(mensal);SV
Eletromecânica;200488746;4095743;Subst.De 51a100 curvas AçoCarbono;SV
Eletromecânica;201332350;4090231;TELHADISTA (HORA NORMAL);H
Eletromecânica;201696666;4068689;SV - Soldador RX (mensal);SV
Eletromecânica;300139484;4067551;HORA 05:00 as 22:00 DOMINGO;H
Eletromecânica;200488746;4095761;Montagem e desmontagem de andaimes;SV
Eletromecânica;201696666;4097022;SV- MAN SIST DESP MECANICO;H
Eletromecânica;201696666;4068503;SV - Supervisor Mecânica (mensal);SV
Eletromecânica;201696666;4075947;Ressarcimento Indiretos (absentismo);H
Eletromecânica;200488746;4095765;Lavagem Gás-Abrir/fechar tampas água dir;SV
Eletromecânica;200488284;4098950;EV - MONTADOR (HORA NORMAL);H
Eletromecânica;201696666;4068788;SV - Téc. Segurança do Trabalho (mensal);SV
Eletromecânica;300139484;4067552;HORA NOTURNA 22:00 as 05:00 DOMINGO;SV
Eletromecânica;200488746;4095744;Subst.Acima de 100 curvas Aço carbono;SV
Eletromecânica;200488746;4095750;Reves.Solda Overlay até100x60mm AçoCarbo;SV
Eletromecânica;200488746;4095762;Custos fixos e indiretos até 150 pessoas;SV
Eletromecânica;201696666;4097023;SV- MAN SIST DESP SOLDADOR;H
Eletromecânica;201332350;4044456;SV - SERVIÇOS DE MANUTENÇÃO INDUSTRIAL;SV
Eletromecânica;201696666;4068773;SV - Instrumentista- (mensal);SV
Eletromecânica;200485888;4069680;SV MENSAL FIXO;SV
Eletromecânica;200488746;4095683;MONT.2 Paineis lad.a.lad 6000mm AçoCarbo;SV
Eletromecânica;201332350;4090255;LÍDER OPERACIONAL N2 (HORA NORMAL);H
Eletromecânica;201696666;4097021;SV- MAN SIST DESP ENCARREGADO;H
Eletromecânica;300745236;4105826;CAMINHAO MUNCK 10 TON TURNO XY;SV
Eletromecânica;200488746;4095745;Subst.Curva de 90º(unitário) Aço carbono;SV
Eletromecânica;201696666;4115029;TRANSPORTE EXTERNO MINERAÇÃO;SV
Eletromecânica;200488746;4095767;2º Separador: Manutenção preventiva;SV
Eletromecânica;200488746;4095771;Montagem Andaime - Lava. De gás;SV
Eletromecânica;200488746;4095669;MONTAGEM Paineis isolados 6000mm AçoCarb;SV
Eletromecânica;200488746;4095768;1º Separador - Manutenção preventiva;SV
Eletromecânica;200488746;4095742;Subst.Até 50 curvas-Até 2500mm  AçoCarbo;SV
Eletromecânica;200488284;4098964;EV - ENCARREGADO (HORA NORMAL);H
Eletromecânica;201696666;4073974;SV-Soldador 6G - Adic.Periculosidade/mes;SV
Eletromecânica;201332350;4088755;TECNICO DE REFRIGERAÇÃO (HORA NORMAL);H
Eletromecânica;200488746;4096524;Soldador TIG / Raio X Hr. Normal;SV
Eletromecânica;200488746;4095749;Subst.Curva de 90º (unitário) INCONEL;SV
Eletromecânica;201696666;4097020;SV- MAN SIST DESP ELETRICISTA;H
Eletromecânica;201665700;4068510;SV-MECÂNICO/MONTADOR;H
Eletromecânica;201696666;4115519;MOB/DESMOB. FIXO MECÂNICO DE MANUTENÇÃO;SV
Eletromecânica;200488746;4095758;Retirar,montar tampa explosão Capuz Fixo;SV
Eletromecânica;200488746;4096506;Encarregado de Caldeiraria Hr. Normal;SV
Eletromecânica;200488746;4095766;1ºLavador-Reparar cone e selo 180ºRefrig;SV
Eletromecânica;201963030;4101410;Faturamento Direto locação bens móveis;SV
Eletromecânica;200488746;4095666;MONTAGEM Paineis isolados 3000mm AçoCarb;SV
Eletromecânica;201696666;4068786;SV - Supervisor Elétrica (mensal);SV
Eletromecânica;200488746;4096516;Meio - Oficial Hr. Normal;SV
Eletromecânica;200484414;4069115;SV-DUPLA ELETRICISTA (SEG A SEX);SV
Eletromecânica;200488746;4096616;MOB/DESMOB p Pessoa-Paradas Setoriais;SV
Eletromecânica;200488746;4095664;MONTAGEM Paineis isolados 1000mm AçoCarb;SV
Eletromecânica;201696666;4115534;VERBA MOBILIZAÇÃO INICIAL CANTEIROS;SV
Eletromecânica;300745236;4102118;MOBILIZAÇÃO CANTEIRO;SV
Eletromecânica;201696666;4073971;H- Soldador 6G - Hora Extra (seg a sáb);H
Eletromecânica;200488746;4096504;Encanador Hr. Normal;SV
Eletromecânica;201696666;4073769;SV- Encanador - Adic.Periculosidade/mes;SV
Eletromecânica;201536318;4047850;SV MANUT CARCAÇA F2;SV
Eletromecânica;200488746;4095770;2º Lavador - Manutenção preventiva;SV
Eletromecânica;300745236;4089057;MONTADOR (HORA NORMAL);H
Eletromecânica;201696666;4097024;SV- MAN SIST DESP COORD. CONTRATO;H
Eletromecânica;200488284;4098957;EV - MONTADOR LIDER (HORA NORMAL);H
Eletromecânica;200488746;4095721;Subst.Tubo solteiro 1000 mm Aço carbono;SV
Eletromecânica;200488812;4101818;ENGENHEIRO(A) DE SEG (HORA NORMAL);H
Eletromecânica;201696666;4068675;SV - Mecânico Especializado-Adc.Peri/mes;SV
Eletromecânica;201696666;4115522;MOB/DESMOB. FIXO ELETRICISTA DE MANUT.;SV
Eletromecânica;201332350;4090234;TELHADISTA (HORA EXTRA DOM/FER);H
Eletromecânica;200488746;4096582;Soldador TIG / Raio X Hr. Extras 100%;SV
Eletromecânica;201332350;4108848;TELHADISTA N3 (HORA NORMAL);H
Eletromecânica;200488746;4095759;Montar e retirar gaiolas do Capuz Fixo;SV
Eletromecânica;201696666;4073978;SV-Encarregado Tubulação (mensal);SV
Eletromecânica;200488812;4101824;PLANEJADOR(A) (HORA NORMAL);H
Eletromecânica;300745236;4099113;Líder Solda (Hora Normal);H
Eletromecânica;201696666;4115535;VERBA MENSAL DE CONS./MANUT. CANTEIROS;MON
Eletromecânica;300745236;4089796;ENCARREGADO DE MECÂNICA (HORA NORMAL);H
Eletromecânica;201696666;4068527;H - Mecânico de Manutenção- HE (seg/sab);H
Eletromecânica;201332350;4090201;LÍDER DE REFRIGERAÇÃO (HORA NORMAL);H
Eletromecânica;201696666;4068701;H - Encarregado Mecânica -HE (seg/sab);H
Eletromecânica;200488746;4096512;Inspetor Solda Hr. Normal;SV
Eletromecânica;200488746;4096502;Caldeireiro Hr. Normal;SV
Eletromecânica;200488746;4096514;Mecânico Ajustador Hr. Normal;SV
Eletromecânica;201696666;4115517;MOB/DESMOB. FIXO SOLDADOR;SV
Eletromecânica;201332350;4120144;RESGATISTA (HORA NORMAL);H
Eletromecânica;300745236;4116834;PGTO RETROATIVO REF JAN/25 A JAN/26;SV
Eletromecânica;201332350;4068266;TELHADISTA;SV
Eletromecânica;300534992;4068323;MECÂNICO REFRIGERAÇÃO;SV
Eletromecânica;201332350;4068323;MECÂNICO REFRIGERAÇÃO;SV
Eletromecânica;201696666;4073765;H - Encanador - Hora Extra (seg a sáb);H
Eletromecânica;201696666;4068506;H - Supervisor Mecânica- HE (seg a sab);H
Eletromecânica;201696666;4073973;H- Soldador 6G - Hora AD Noturno;H
Eletromecânica;200488746;4095755;Reves.MetroL. Aleta INCONEL (até 1000mm);SV
Eletromecânica;200488746;4095732;Subst.Tudo Solteiro 1000 mm Aço carbono;SV
Eletromecânica;200488746;4096560;Caldeireiro Hr. Extras 100%;SV
Eletromecânica;201696666;4068529;H - Mecânico Manutenção- Hora c/ AD Notu;H
Eletromecânica;200488746;4096525;Supervisor Hr. Normal;SV
Eletromecânica;200488746;4096574;Meio - Oficial Hr. Extras 100%;SV
Eletromecânica;201696666;4097025;SV- MAN SIST DESP ANALISTA ADM.;H
Eletromecânica;200488746;4095764;Teste Hidrostático manu Capuz Móvel,Saia;SV
Eletromecânica;201696666;4068677;H - Mecânico Especializado- HE (seg/sab);H
Eletromecânica;200580006;4093490;MOBILIZAÇÃO E  DESMOBILIZACAO;SV
Eletromecânica;201332350;4090219;OFICIAL DE LINHAS FERREAS (HORA NORMAL);H
Eletromecânica;201332350;4090256;LÍDER OPERACIONAL N2 (HORA NOTURNA);H
Eletromecânica;201696666;4097019;SV- MAN SIST DESP TEC SEGURANCA;H
Eletromecânica;201696666;4068699;SV - Encarregado Mecânica -Adc.Peri/mes;SV
Eletromecânica;200488746;4096564;Encarregado de Caldeiraria HE 100%;SV
Eletromecânica;201332350;4090233;TELHADISTA (HORA EXTRA SEMANAL);H
Eletromecânica;300139484;4067168;PREVENTIVAS PONTES PIRITUBA;SV
Eletromecânica;201696666;4115520;MOB/DESMOB. FIXO INSTRUMENTISTA DE MANUT;SV
Eletromecânica;201696666;4068672;H - Mecânico de Manutenção -Adc.Insalub.;H
Eletromecânica;201332350;4120143;RESGATISTA (HORA NOTURNA);H
Eletromecânica;200580006;4102193;Projetista (HORA NORMAL);H
Eletromecânica;201696666;4068761;SV - Eletricista- (mensal);SV
Eletromecânica;201696666;4068679;H - Mecânico Especializado- Hora AD Notu;H
Eletromecânica;200488284;4098951;EV - MONTADOR (HORA NOT);H
Eletromecânica;300805670;4068761;SV - Eletricista- (mensal);SV
Eletromecânica;201332350;4090258;LÍDER OPERACIONAL N2 (HE DOM/FER);H
Eletromecânica;300745236;4089071;ENCARREGADO (HORA NORMAL);H
Eletromecânica;300745236;4090117;PINTOR (HORA NORMAL);H
Eletromecânica;201696666;4068693;H - Soldador espec. -Hora Extra(seg/sab);H
Eletromecânica;201696666;4068691;SV - Soldador espec. -Adc.Peri/mes;SV
Eletromecânica;201696666;4097018;SV- MAN SIST DESP SUPERVISOR ESPEC.;H
Eletromecânica;201696666;4073767;H - Encanador - Hora AD Noturno;H
Eletromecânica;201696666;4068703;H - Encarregado Mecânica-Hora AD Noturno;H
Eletromecânica;200488746;4096553;Soldador TIG / Raio X Hr. Extras 75%;SV
Eletromecânica;201696666;4068504;SV - Supervisor Mecânica- Adc.Peri/mes;SV
Eletromecânica;200488746;4096527;Técnico Seg. Trabalho Hr. Normal;SV
Eletromecânica;300745236;4089772;MECÂNICO CALDEREIRO (HORA NORMAL);H
Eletromecânica;300745236;4089766;MECÂNICO ESPECIALIZADO (HORA NORMAL);H
Eletromecânica;200484440;4117220;ELETRICISTA MANUTENÇÃO HORA NORMAL;H
Eletromecânica;201332350;4090207;LÍDER CIVIL (HORA NORMAL);H
Eletromecânica;201696666;4115521;MOB/DESMOB. FIXO ENCARREGADO DE MECÂNICA;SV
Eletromecânica;201696666;4068789;SV - Téc Seg -Adc. Periculosidade/mes;SV
Eletromecânica;200488284;4098954;EV - MONTADOR (HORA EXTRA SEG A SAB);H
Eletromecânica;200488746;4096535;Encarregado de Caldeiraria HE 75%;SV
Eletromecânica;201332350;4120032;SUPERVISOR DE RESGATE (HORA NORMAL);H
Eletromecânica;200488284;4098943;EV - AJUDANTE (HORA NORMAL);H
Eletromecânica;300745236;4098154;Canteiro Pagamento Mensal;MON
Eletromecânica;201696666;4068697;H - Soldador espec. - Adc.Insalubridade;H
Eletromecânica;201696666;4122068;ALMOXARIFE (HORA NORMAL);H
Eletromecânica;201332350;4090346;OPERADOR DE EQUIPAMENTO (HORA NORMAL);H
Eletromecânica;201696666;4068702;H - Encarregado Mecânica -HE (dom/fer);H
Eletromecânica;201696666;4068528;H - Mecânico de Manutenção- HE (dom/fer);H
Eletromecânica;201696666;4068771;H - Eletricista-Hora Extra (dom e fer);H
Eletromecânica;300745236;4113350;TRANSPORTE NPE - DEZEMBRO;SV
Eletromecânica;200876404;4099616;EPI Adicional AN respirador PFF3;SV
Eletromecânica;201696666;4068670;SV - Mecânico de Manutenção-Adc.Peri/mes;SV
Eletromecânica;300745236;4101905;TRANSPORTE NPE;SV
Eletromecânica;200488746;4096545;Meio - Oficial Hr. Extras 75%;SV
Eletromecânica;300745236;4102189;TRANSPORTE SETEMBRO NPE;SV
Eletromecânica;300745236;4089078;TECNICO DE SEGURANCA (HORA NORMAL);H
Eletromecânica;300745236;4108864;TRANSPORTE NPE NOVEMBRO;SV
Eletromecânica;300745236;4089760;MECÂNICO DE MANUTENÇÃO (HORA NORMAL);H
Eletromecânica;201696666;4068682;H - Soldador RX - Hora Extra (seg a sáb);H
Eletromecânica;201696666;4073960;H - Encanador - Adic.Insalubridade;H
Eletromecânica;201897290;4089903;Mantenedor Tec. Especializado;TAG
Eletromecânica;200580006;4120394;Material Escoramento Telhado Trefila 2;SV
Eletromecânica;300745236;4102191;TRANSPORTE NPE OUTUBRO;SV
Eletromecânica;300745236;4072458;"""HORA DE OFICIAL - HORA NORMAL";H
Eletromecânica;201332350;4090257;LÍDER OPERACIONAL N2 (HE SEMANAL);H
Eletromecânica;300745236;4089784;SOLDADOR (HORA NORMAL);H
Eletromecânica;200488284;4098955;EV - MONTADOR (HORA EXTRA DOM e FER);H
Eletromecânica;200488746;4096570;Inspetor Solda Hr. Extras 100%;SV
Eletromecânica;201332350;4088758;TEC DE REFRIGERAÇÃO (HE DOM/FER);H
Eletromecânica;201696666;4122062;CAIXAS DE DEJETO ACOPLADA EM CONTAINER;MON
Eletromecânica;200488746;4096664;Veículo Van Diária;SV
Eletromecânica;200488746;4096611;Soldador TIG / Raio X Ad. Noturno 30%;SV
Eletromecânica;201696666;4068705;H - Encarregado Mecânica -Adc.Insalub.;H
Eletromecânica;201696666;4068791;H - Téc Seg- Hora Extra (seg a sáb);H
Eletromecânica;200484440;4079249;Pedreiro-Hora Normal;H
Eletromecânica;300745236;4097131;Retroativo Engenheiro de Segurança;MON
Eletromecânica;200580006;4095400;MOBILIZAÇÃO E  DESMOBILIZACAO MAT;SV
Eletromecânica;200488746;4096533;Encanador Hr. Extras 75%;SV
Eletromecânica;201696666;4073972;H- Soldador 6G - Hora Extra (dom e fer);H
Eletromecânica;201696666;4068695;H - Soldador espec. -Hora AD Noturno;H
Eletromecânica;201696666;4068770;H - Eletricista-Hora Extra (seg a sáb);H
Eletromecânica;300745236;4090930;CAMINHAO MUNCK 10 TON;SV
Eletromecânica;201696666;4068678;H - Mecânico Especializado- HE (dom/fer);H
Eletromecânica;200488746;4096572;Mecânico Ajustador Hr. Extras 100%;SV
Eletromecânica;201696666;4073961;SV-Encanador-Mobilização Eventual;SV
Eletromecânica;201696666;4073766;H - Encanador - Hora Extra (dom e fer);H
Eletromecânica;300745236;4097130;Retroativo Canteiro NR12;MON
Eletromecânica;201696666;4068684;H - Soldador RX - Hora AD Noturno;H
Eletromecânica;300745236;4102117;TAXA DE ADMINISTRAÇÃO CANTEIRO;SV
Eletromecânica;200488284;4098965;EV - ENCARREGADO ( (HORA NOT);H
Eletromecânica;200488746;4096583;Supervisor Hr. Extras 100%;SV
Eletromecânica;200488746;4096593;Encarregado Caldeiraria Ad.Not 30%;SV
Eletromecânica;201788980;4122020;PGTO RETROATIVO REF JUL/25 A JUN/26;SV
Eletromecânica;201696666;4068694;H - Soldador espec. -Hora Extra(dom/fer);H
Eletromecânica;200488746;4096543;Mecânico Ajustador Hr. Extras 75%;SV
Eletromecânica;201696666;4068508;H - Supervisor Mecânica- Hora AD Noturno;H
Eletromecânica;201696666;4073979;H-Encarregado Tubu. Hora Extra (seg/sab);H
Eletromecânica;201696666;4097030;SV- MAN SIST DESP MECANICO HE (SEG/SAB);H
Eletromecânica;201696666;4068793;H - Téc Seg - Hora AD Noturno;H
Eletromecânica;200488746;4096603;Meio - Oficial Ad. Noturno 30,0%;SV
Eletromecânica;200488284;4098969;EV - ENCARREGADO (HE DOM e FER);H
Eletromecânica;201696666;4115514;MOB/DESMOB. FIXO TÉCNICO DE SEGURANÇA;SV
Eletromecânica;201696666;4068780;H - Encarregado Elétrica -  HE (seg/sab);H
Eletromecânica;201696666;4068688;H - Soldador RX -Adicional Insalubridade;H
Eletromecânica;200488746;4096531;Caldeireiro Hr. Extras 75%;SV
Eletromecânica;200488284;4097712;Coordenador Andaimes (HORA NORMAL);H
Eletromecânica;201696666;4073984;SV-Encarregado Tubu.-Adc.Pericul./mes;SV
Eletromecânica;201332350;4090204;LÍDER DE REFRIGERAÇÃO (HE DOM/FER);H
Eletromecânica;201332350;4108861;TELHADISTA N3 (HE DOM/FER);H
Eletromecânica;200488746;4095724;Subst. Tubo solteiro 4000 mm Aço carbono;SV
Eletromecânica;200580006;4075419;SV-Locacao de Andaimes(BRL.M. LINEAR.DIA;SV
Eletromecânica;201788980;4075419;SV-Locacao de Andaimes(BRL.M. LINEAR.DIA;SV
Eletromecânica;201696666;4068681;H - Mecânico Especializado- Adc.Insalub.;H
Eletromecânica;300034784;4075419;SV-Locacao de Andaimes(BRL.M. LINEAR.DIA;SV
Eletromecânica;201696666;4068683;H - Soldador RX - Hora Extra (dom/feri);H
Eletromecânica;201696666;4115516;MOB/DESMOB. FIXO SOLDADOR MAÇARIQUEIRO;SV
Eletromecânica;201696666;4073977;SV-Soldador 6G - Mobilização (Eventual);SV
Eletromecânica;201696666;4075924;H - Mec de Manu C/ Ad Not (Seg à Sáb);H
Eletromecânica;201696666;4117011;PAGAMENTO RETROATIVO REF JAN/2026;SV
Eletromecânica;300745236;4089824;TÉCNICO DE SEGURANÇA (HORA NORMAL);H
Eletromecânica;201696666;4068507;H - Supervisor Mecânica- HE (dom e fer);H
Eletromecânica;200488746;4096562;Encanador Hr. Extras 100%;SV
Eletromecânica;200488284;4098968;EV - ENCARREGADO ( HE SEG A SAB);H
Eletromecânica;201696666;4075942;H-So 6G-Hora Ext C/ Ad Not (Seg à Sáb);H
Eletromecânica;200488746;4096585;Técnico Seg. Trabalho Hr. Extras 100%;SV
Eletromecânica;300139484;4076306;PREVENTIVA PONTES - 2401 - GOI;SV
Eletromecânica;200488284;4076392;MONTADOR (HORA NOT);H
Eletromecânica;201696666;4122067;MOB/DESMOB. FIXO ALMOXARIFE;SV
Eletromecânica;300745236;4076392;MONTADOR (HORA NOT);H
Eletromecânica;200488746;4095658;Fabr.curva aço carbono 90° Até 2.000 mm;SV
Eletromecânica;201696666;4115523;MOB/DESMOB. FIXO COORDENADOR DE CONTRATO;SV
Eletromecânica;201696666;4075926;H - Mec Espec C/ Ad Not (Seg à Sáb);H
Eletromecânica;201788980;4076392;MONTADOR (HORA NOT);H
Eletromecânica;200488746;4096589;Caldeireiro Ad. Noturno 30,0%;SV
Eletromecânica;201696666;4073976;H- Soldador 6G - Adic.Insalubridade;H
Eletromecânica;200488284;4098953;EV - MONTADOR (HE NOT DOM.FER);H
Eletromecânica;200580006;4076392;MONTADOR (HORA NOT);H
Eletromecânica;300034784;4076392;MONTADOR (HORA NOT);H
Eletromecânica;300733820;4120522;SERVIÇO ESPECIALIZADO AUT/ELETR MENSAL;MON
Eletromecânica;201696666;4075920;H - Enc Mecânica C/ Ad Not (Seg à Sáb);H
Eletromecânica;200488284;4076393;MONTADOR (HORA EXTRA SEG A SAB);H
Eletromecânica;200580006;4076393;MONTADOR (HORA EXTRA SEG A SAB);H
Eletromecânica;201696666;4097029;SV-MAN SIST DESP ENCARREGADO HE(SEG/SAB);H
Eletromecânica;201788980;4076393;MONTADOR (HORA EXTRA SEG A SAB);H
Eletromecânica;300745236;4076393;MONTADOR (HORA EXTRA SEG A SAB);H
Eletromecânica;300034784;4076393;MONTADOR (HORA EXTRA SEG A SAB);H
Eletromecânica;300733820;4120523;SERVIÇO ESPECIALIZ AUT/ELETR HORA NORMAL;H
Eletromecânica;200580006;4076394;MONTADOR (HORA EXTRA DOM e FER);H
Eletromecânica;200488284;4076394;MONTADOR (HORA EXTRA DOM e FER);H
Eletromecânica;201696666;4068781;H - Encarregado Elétrica -  HE (dom/fer);H
Eletromecânica;201696666;4068760;H - Supervisor Mecânica- Adc.Insalubrid.;H
Eletromecânica;201332350;4108860;TELHADISTA N3 (HE SEMANAL);H
Eletromecânica;201788980;4076394;MONTADOR (HORA EXTRA DOM e FER);H
Eletromecânica;200488746;4096599;Inspetor Solda Ad. Noturno 30,0%;SV
Eletromecânica;300745236;4076394;MONTADOR (HORA EXTRA DOM e FER);H
Eletromecânica;201696666;4122061;VERBA ÚNICA MOBILIZAÇÃO CAIXAS DE DEJETO;SV
Eletromecânica;300034784;4076394;MONTADOR (HORA EXTRA DOM e FER);H
Eletromecânica;300034784;4076395;MONTADOR (PERICULOSIDADE MENSAL);SV
Eletromecânica;200488746;4096591;Encanador Ad. Noturno 30,0%;SV
Eletromecânica;201788980;4076395;MONTADOR (PERICULOSIDADE MENSAL);SV
Eletromecânica;201696666;4068792;H - Téc Seg- Hora Extra (dom e fer);H
Eletromecânica;300745236;4089061;MONTADOR (HORA EXTRA SEG A SAB);H
Eletromecânica;200488284;4076395;MONTADOR (PERICULOSIDADE MENSAL);SV
Eletromecânica;201696666;4097031;SV- MAN SIST DESP SOLDADOR HE (SEG/SAB);H
Eletromecânica;201696666;4075925;H - Mec de Man C/ Ad Not (Dom e Fer);H
Eletromecânica;300745236;4076395;MONTADOR (PERICULOSIDADE MENSAL);SV
Eletromecânica;201696666;4073975;H- Soldador 6G - Adic.Periculosidade/HE;H
Eletromecânica;200488284;4076396;MONTADOR LIDER (HORA NORMAL);H
Eletromecânica;200580006;4076396;MONTADOR LIDER (HORA NORMAL);H
Eletromecânica;200488812;4101826;PLANEJADOR(A) (HE SEG A SAB);H
Eletromecânica;300034784;4076396;MONTADOR LIDER (HORA NORMAL);H
Eletromecânica;300139484;4076308;PREVENTIVA PONTES - 2405 - CT1;SV
Eletromecânica;201788980;4076396;MONTADOR LIDER (HORA NORMAL);H
Eletromecânica;200488284;4098961;EV - MONTADOR LIDER (HE SEG A SAB);H
Eletromecânica;300745236;4076396;MONTADOR LIDER (HORA NORMAL);H
Eletromecânica;200488284;4076397;MONTADOR LIDER (HORA NOT);H
Eletromecânica;200580006;4076397;MONTADOR LIDER (HORA NOT);H
Eletromecânica;300034784;4076397;MONTADOR LIDER (HORA NOT);H
Eletromecânica;200488284;4098958;EV - MONTADOR LIDER (HORA NOT);H
Eletromecânica;300745236;4097132;Retroativo Pickup 4x2 (Integridade OB);MON
Eletromecânica;201696666;4115515;MOB/DESMOB. FIXO SUPERVISOR ELETROMEC;SV
Eletromecânica;201696666;4115518;MOB/DESMOB. FIXO PROGRAMADOR;SV
Eletromecânica;201788980;4076397;MONTADOR LIDER (HORA NOT);H
Eletromecânica;300745236;4076397;MONTADOR LIDER (HORA NOT);H
Eletromecânica;201696666;4097038;SV- MAN SIST DESP MECANICO HE (DOM/FER);H
Eletromecânica;201536318;4123250;VEÍCULO SUPORTE OPERAÇÕES MANUTENÇÃO;SV
Eletromecânica;200488284;4076398;MONTADOR LIDER (HORA EXTRA SEG A SAB);H
Eletromecânica;300745236;4099116;Líder Solda (HE DOM/FER);H
Eletromecânica;200580006;4076398;MONTADOR LIDER (HORA EXTRA SEG A SAB);H
Eletromecânica;300034784;4076398;MONTADOR LIDER (HORA EXTRA SEG A SAB);H
Eletromecânica;300745236;4089062;MONTADOR (HORA EXTRA DOM e FER);H
Eletromecânica;200488746;4096612;Supervisor Ad. Noturno 30,0%;SV
Eletromecânica;201788980;4076398;MONTADOR LIDER (HORA EXTRA SEG A SAB);H
Eletromecânica;300745236;4076398;MONTADOR LIDER (HORA EXTRA SEG A SAB);H
Eletromecânica;201696666;4113361;MOB/DESMOB. FIXO ENCARREGADO DE ELÉTRICA;SV
Eletromecânica;200580006;4076399;MONTADOR LIDER (HE DOM e FER);H
Eletromecânica;200488284;4076399;MONTADOR LIDER (HE DOM e FER);H
Eletromecânica;200488746;4095754;Reves.MetroL Aleta AçoCarbono até 1000mm;SV
Eletromecânica;300034784;4076399;MONTADOR LIDER (HE DOM e FER);H
Eletromecânica;200488746;4095656;Fabr.curva aço carbono 38° Até 1.000 mm;SV
Eletromecânica;201788980;4076399;MONTADOR LIDER (HE DOM e FER);H
Eletromecânica;300745236;4099115;Líder Solda (HE SEM);H
Eletromecânica;300745236;4076399;MONTADOR LIDER (HE DOM e FER);H
Eletromecânica;200488284;4076400;AJUDANTE (HORA NORMAL);H
Eletromecânica;201788980;4076400;AJUDANTE (HORA NORMAL);H
Eletromecânica;201696666;4122064;LANTERNA DE MÃO PARA MECÂNICO;SV
Eletromecânica;200488746;4096601;Mecânico Ajustador Ad. Noturno 30,0%;SV
Eletromecânica;300034784;4076400;AJUDANTE (HORA NORMAL);H
Eletromecânica;201050620;4067003;SV-Mobilização / Desmobilização por SPOT;SV
Eletromecânica;201696666;4075386;H - Encanador C/ Ad Not (Seg à Sáb);H
Eletromecânica;300745236;4076400;AJUDANTE (HORA NORMAL);H
Eletromecânica;200488284;4076401;AJUDANTE (HORA NOT);H
Eletromecânica;201696666;4097050;SV- MAN SIST DESP - MOB/DESMOB. MECANICO;SV
Eletromecânica;201788980;4076401;AJUDANTE (HORA NOT);H
Eletromecânica;300034784;4076401;AJUDANTE (HORA NOT);H
Eletromecânica;200876404;4099612;EPI Adicional AN máscara de solda;SV
Eletromecânica;201696666;4073768;H - Encanador - Adic.Periculosidade p/HE;H
Eletromecânica;201696666;4075932;H - Soldador RX C/ Ad Not (Seg à Sáb);H
Eletromecânica;201696666;4068776;H - Instrumentista-Hora Extra (dom/fer);H
Eletromecânica;201696666;4075385;H - Eletricista C/ Ad Not (Dom e Fer);H
Eletromecânica;300745236;4076401;AJUDANTE (HORA NOT);H
Eletromecânica;200488284;4076402;AJUDANTE (HORA EXTRA SEG A SAB);H
Eletromecânica;201788980;4076402;AJUDANTE (HORA EXTRA SEG A SAB);H
Eletromecânica;200485888;4069682;Hora Extra Técnico - 100% (Feriados e fd;H
Eletromecânica;300034784;4076402;AJUDANTE (HORA EXTRA SEG A SAB);H
Eletromecânica;201050620;4067000;SV-Atividades de solda para atendimentos;SV
Eletromecânica;300745236;4117014;MECÂNICO ESPECIALIZADO HE NOT SEG A SAB;H
Eletromecânica;201696666;4075921;H - Enc Mecânica C/ Ad Not (Dom e Fer);H
Eletromecânica;201332350;4088757;TEC DE REFRIGERAÇÃO (HORA EXTRA SEM);H
Eletromecânica;300745236;4076402;AJUDANTE (HORA EXTRA SEG A SAB);H
Eletromecânica;200488284;4076403;AJUDANTE (HORA EXTRA DOM e FER);H
Eletromecânica;201788980;4076403;AJUDANTE (HORA EXTRA DOM e FER);H
Eletromecânica;300034784;4076403;AJUDANTE (HORA EXTRA DOM e FER);H
Eletromecânica;200488812;4101827;PLANEJADOR(A) (HE DOM e FER);H
Eletromecânica;300745236;4089075;ENCARREGADO ( HORA EXTRA SEG A SAB);H
Eletromecânica;201332350;4090203;LÍDER DE REFRIGERAÇÃO (HE SEMANAL);H
Eletromecânica;300745236;4076403;AJUDANTE (HORA EXTRA DOM e FER);H
Eletromecânica;300034784;4076404;AJUDANTE (PERICULOSIDADE MENSAL);SV
Eletromecânica;201788980;4076404;AJUDANTE (PERICULOSIDADE MENSAL);SV
Eletromecânica;200488284;4076404;AJUDANTE (PERICULOSIDADE MENSAL);SV
Eletromecânica;201696666;4075384;H - Eletricista C/ Ad Not (Seg à Sáb);H
Eletromecânica;300745236;4076404;AJUDANTE (PERICULOSIDADE MENSAL);SV
Eletromecânica;200488284;4076405;MONTADOR (HORA NORMAL);H
Eletromecânica;200580006;4076405;MONTADOR (HORA NORMAL);H
Eletromecânica;201696666;4101880;SV- EPI Macacão TYCHEM 4000;SV
Eletromecânica;201788980;4076405;MONTADOR (HORA NORMAL);H
Eletromecânica;300745236;4076405;MONTADOR (HORA NORMAL);H
Eletromecânica;300034784;4076405;MONTADOR (HORA NORMAL);H
Eletromecânica;201696666;4122063;COCHICHO PARA SOLDADOR;SV
Eletromecânica;300034784;4076410;MONTADOR LIDER (PERICULOSIDADE MENSAL);SV
Eletromecânica;201696666;4073981;H-Encarregado Tubu. Hora AD Noturno;H
Eletromecânica;201788980;4076410;MONTADOR LIDER (PERICULOSIDADE MENSAL);SV
Eletromecânica;200488284;4098962;EV - MONTADOR LIDER (HE DOM e FER);H
Eletromecânica;200488284;4076410;MONTADOR LIDER (PERICULOSIDADE MENSAL);SV
Eletromecânica;201696666;4097039;SV- MAN SIST DESP SOLDADOR HE (DOM/FER);H
Eletromecânica;300745236;4076410;MONTADOR LIDER (PERICULOSIDADE MENSAL);SV
Eletromecânica;201696666;4075930;H - Soldador espec C/ Ad Not (Seg à Sáb);H
Eletromecânica;200488284;4076411;ENCARREGADO (HORA NORMAL);H
Eletromecânica;201696666;4068704;H - Encarregado Mecânica -Adc.Peri/HE;H
Eletromecânica;300745236;4076411;ENCARREGADO (HORA NORMAL);H
Eletromecânica;201788980;4076411;ENCARREGADO (HORA NORMAL);H
Eletromecânica;200488284;4098944;EV - AJUDANTE (HORA NOT);H
Eletromecânica;200488746;4096614;Técnico Seg. Trabalho Ad. Noturno 30%;SV
Eletromecânica;201696666;4068795;H - Téc Seg -Adicional Insalubridade;H
Eletromecânica;201332350;4090222;OFICIAL DE LINHAS FERREAS (HE DOM/FER);H
Eletromecânica;201332350;4108849;TELHADISTA N3 (HORA NOTURNA);H
Eletromecânica;200488284;4098967;EV - ENCARREGADO (HE NOT DOM.FER);H
Eletromecânica;300034784;4076411;ENCARREGADO (HORA NORMAL);H
Eletromecânica;201696666;4068783;H - Supervisor Elétrica- HE (seg a sab);H
Eletromecânica;200580006;4102197;PROJETISTA (HORA EXTRA 100%);H
Eletromecânica;200488284;4076412;ENCARREGADO ( (HORA NOT);H
Eletromecânica;201696666;4105794;SV- MAN SIST DESP - MOB/DESMOB. ENCARREG;SV
Eletromecânica;300745236;4076412;ENCARREGADO ( (HORA NOT);H
Eletromecânica;201696666;4075936;H - Sup Mecânica C/ Ad Not (Seg à Sáb);H
Eletromecânica;300034784;4076412;ENCARREGADO ( (HORA NOT);H
Eletromecânica;201696666;4097037;SV-MAN SIST DESP ENCARREGADO HE(DOM/FER);H
Eletromecânica;201696666;4075927;H - Mec Espec C/ Ad Not (Dom e Fer);H
Eletromecânica;201788980;4076412;ENCARREGADO ( (HORA NOT);H
Eletromecânica;200488284;4076413;ENCARREGADO ( HORA EXTRA SEG A SAB);H
Eletromecânica;300745236;4098153;Canteiro A29 Pagamento Mensal;MON
Eletromecânica;300745236;4076413;ENCARREGADO ( HORA EXTRA SEG A SAB);H
Eletromecânica;201788980;4076413;ENCARREGADO ( HORA EXTRA SEG A SAB);H
Eletromecânica;201696666;4075943;H-So 6G-Hora Extra C/ Ad Not (Dom e Fer);H
Eletromecânica;300034784;4076413;ENCARREGADO ( HORA EXTRA SEG A SAB);H
Eletromecânica;300745236;4099114;Líder Solda (Hora Not);H
Eletromecânica;200488284;4076414;ENCARREGADO (HE DOM e FER);H
Eletromecânica;201788980;4076414;ENCARREGADO (HE DOM e FER);H
Eletromecânica;300745236;4076414;ENCARREGADO (HE DOM e FER);H
Eletromecânica;201332350;4120141;RESGATISTA (HE DOM/FER);H
Eletromecânica;300745236;4089076;ENCARREGADO (HE DOM e FER);H
Eletromecânica;300034784;4076414;ENCARREGADO (HE DOM e FER);H
Eletromecânica;201696666;4097051;SV- MAN SIST DESP - MOB/DESMOB. SOLDADOR;SV
Eletromecânica;201332350;4088756;TECNICO DE REFRIGERAÇÃO (HORA NOTURNA);H
Eletromecânica;201696666;4068775;H - Instrumentista-Hora Extra (seg/sab);H
Eletromecânica;201332350;4090200;TEC DE REFRIGERAÇÃO (PERICULOSIDADE);MON
Eletromecânica;300034784;4076415;ENCARREGADO (PERICULOSIDADE MENSAL);SV
Eletromecânica;201788980;4076415;ENCARREGADO (PERICULOSIDADE MENSAL);SV
Eletromecânica;200488284;4076415;ENCARREGADO (PERICULOSIDADE MENSAL);SV
Eletromecânica;201332350;4090210;LÍDER CIVIL (HORA EXTRA DOM/FER);H
Eletromecânica;201696666;4068762;SV - Eletricista-Mobilização Eventual;SV
Eletromecânica;300745236;4076415;ENCARREGADO (PERICULOSIDADE MENSAL);SV
Eletromecânica;200580006;4076416;TECNICO DE SEGURANCA (HORA NORMAL);H
Eletromecânica;200488284;4076416;TECNICO DE SEGURANCA (HORA NORMAL);H
Eletromecânica;201332350;4120035;SUPERVISOR DE RESGATE (HE DOM/FER);H
Eletromecânica;201696666;4068505;SV - Supervisor Mecânica- Mob. Eventual;SV
Eletromecânica;201788980;4076416;TECNICO DE SEGURANCA (HORA NORMAL);H
Eletromecânica;201050620;4066997;SV-Gerador a diesel;SV
Eletromecânica;201696666;4073985;SV-Encarregado Tubu.-Mobilização Eventua;SV
Eletromecânica;300034784;4076416;TECNICO DE SEGURANCA (HORA NORMAL);H
Eletromecânica;300745236;4076416;TECNICO DE SEGURANCA (HORA NORMAL);H
Eletromecânica;200488284;4076417;TECNICO DE SEGURANCA (HORA NOT);H
Eletromecânica;200580006;4076417;TECNICO DE SEGURANCA (HORA NOT);H
Eletromecânica;300034784;4076417;TECNICO DE SEGURANCA (HORA NOT);H
Eletromecânica;201788980;4076417;TECNICO DE SEGURANCA (HORA NOT);H
Eletromecânica;300745236;4089827;TÉCNICO DE SEGURANÇA (HE DOM/FER);H
Eletromecânica;300745236;4076417;TECNICO DE SEGURANCA (HORA NOT);H
Eletromecânica;200488746;4096526;Técnico Materiais Hr. Normal;SV
Eletromecânica;201332350;4090232;TELHADISTA (HORA NOTURNA);H
Eletromecânica;201050620;4066992;SV- Equipamento Chassi;SV
Eletromecânica;200488284;4076418;TECNICO SEGURANCA(HORA EXTRA SEG A SAB);H
Eletromecânica;201696666;4075937;H - Supervisor Mec C/ Ad Not (Dom e Fer);H
Eletromecânica;200488746;4096503;Eletricista Hr. Normal;SV
Eletromecânica;300745236;4117020;ENCARREGADO MECÂNICA (HE NOT SEG A SAB);H
Eletromecânica;201788980;4076418;TECNICO SEGURANCA(HORA EXTRA SEG A SAB);H
Eletromecânica;200488284;4098952;EV - MONTADOR (HE NOT SEG A SAB);H
Eletromecânica;200488746;4096565;Encarregado de Mecânica HE 100%;SV
Eletromecânica;300745236;4117013;MECÂNICO MANUTENÇÃO (HE NOT SEG A SAB);H
Eletromecânica;200580006;4076418;TECNICO SEGURANCA(HORA EXTRA SEG A SAB);H
Eletromecânica;201696666;4075389;H - Enc Elétrica C/ Ad Not (Dom e Fer);H
Eletromecânica;300745236;4076418;TECNICO SEGURANCA(HORA EXTRA SEG A SAB);H
Eletromecânica;300034784;4076418;TECNICO SEGURANCA(HORA EXTRA SEG A SAB);H
Eletromecânica;200580006;4076419;TECNICO SEGURANCA(HORA EXTRA DOM e FER);H
Eletromecânica;200488284;4076419;TECNICO SEGURANCA(HORA EXTRA DOM e FER);H
Eletromecânica;200876404;4099617;EPI Adicional AN cinto pqd  4 pontos;SV
Eletromecânica;201788980;4076419;TECNICO SEGURANCA(HORA EXTRA DOM e FER);H
Eletromecânica;300034784;4076419;TECNICO SEGURANCA(HORA EXTRA DOM e FER);H
Eletromecânica;201696666;4075931;H - Soldador espec C/ Ad Not (Dom e Fer);H
Eletromecânica;201696666;4073980;H-Encarregado Tubu. Hora Extra (dom/fer);H
Eletromecânica;300745236;4076419;TECNICO SEGURANCA(HORA EXTRA DOM e FER);H
Eletromecânica;201696666;4068779;SV - Encarregado Elétrica - Mob.Eventual;SV
Eletromecânica;300034784;4076420;TECNICO SEGURANCA(PERICULOSIDADE MENSAL);SV
Eletromecânica;201696666;4068696;H - Soldador espec. - Adc.Peri/HoraExtra;H
Eletromecânica;201788980;4076420;TECNICO SEGURANCA(PERICULOSIDADE MENSAL);SV
Eletromecânica;200488284;4076420;TECNICO SEGURANCA(PERICULOSIDADE MENSAL);SV
Eletromecânica;300745236;4076420;TECNICO SEGURANCA(PERICULOSIDADE MENSAL);SV
Eletromecânica;300745236;4117019;SOLDADOR 6G (HE NOT SEG A SAB);H
Eletromecânica;201332350;4090211;LÍDER CIVIL (INSALUBRIDADE);MON
Eletromecânica;200488284;4076680;AJUDANTE (HORA EXTRA NOTURNA SEG A SAB);H
Eletromecânica;201696666;4068784;H - Supervisor Elétrica- HE (dom e fer);H
Eletromecânica;300034784;4076680;AJUDANTE (HORA EXTRA NOTURNA SEG A SAB);H
Eletromecânica;200484440;4117553;MOBILIZAÇÃO ELETRICISTA MANUTENÇÃO;SV
Eletromecânica;201788980;4076680;AJUDANTE (HORA EXTRA NOTURNA SEG A SAB);H
Eletromecânica;201050620;4066991;SV-Máquina de solda por eletro fusão 20;SV
Eletromecânica;300745236;4089778;SOLDADOR MAÇARIQUEIRO MAÇARIQUEIRO (HH);H
Eletromecânica;300745236;4076680;AJUDANTE (HORA EXTRA NOTURNA SEG A SAB);H
Eletromecânica;200488284;4076681;AJUDANTE (HORA EXTRA NOTURNA DOM.FER);H
Eletromecânica;300034784;4076681;AJUDANTE (HORA EXTRA NOTURNA DOM.FER);H
Eletromecânica;201788980;4076681;AJUDANTE (HORA EXTRA NOTURNA DOM.FER);H
Eletromecânica;201332350;4090349;OPERADOR DE EQUIPAMENTO (HE DOM/FER);H
Eletromecânica;300745236;4076681;AJUDANTE (HORA EXTRA NOTURNA DOM.FER);H
Eletromecânica;200488284;4076682;MONTADOR (HORA EXTRA NOTURNA SEG A SAB);H
Eletromecânica;300586172;4117555;Diferença Reajuste - Atualização Preço;SV
Eletromecânica;200488812;4101821;ENGENHEIRO(A) DE SEG (HE DOM e FER);H
Eletromecânica;200488812;4101820;ENGENHEIRO(A) DE SEG (HE SEG A SAB);H
Eletromecânica;300034784;4076682;MONTADOR (HORA EXTRA NOTURNA SEG A SAB);H
Eletromecânica;300745236;4089826;TÉCNICO DE SEGURANÇA (HORA EXTRA SEM);H
Eletromecânica;201696666;4075933;H - Soldador RX C/ Ad Not (Dom e Fer);H
Eletromecânica;200488284;4098960;EV - MONTADOR LIDER(HE NOT DOM.FER);H
Eletromecânica;201696666;4068509;H - Supervisor Mecânica- Adc. Peri/HE;H
Eletromecânica;201788980;4076682;MONTADOR (HORA EXTRA NOTURNA SEG A SAB);H
Eletromecânica;201696666;4075388;H - Enc Elétrica C/ Ad Not (Seg à Sáb);H
Eletromecânica;200580006;4076682;MONTADOR (HORA EXTRA NOTURNA SEG A SAB);H
Eletromecânica;300745236;4076682;MONTADOR (HORA EXTRA NOTURNA SEG A SAB);H
Eletromecânica;200488284;4076683;MONTADOR (HORA EXTRA NOTURNA DOM.FER);H
Eletromecânica;201696666;4068680;H - Mecânico Especializado- Adc.Peri/HE;H
Eletromecânica;200876404;4099618;EPI Adicional AN talabarte tipo Y 55mm;SV
Eletromecânica;201050620;4066990;SV-Soldador PEAD;SV
Eletromecânica;201788980;4076683;MONTADOR (HORA EXTRA NOTURNA DOM.FER);H
Eletromecânica;300034784;4076683;MONTADOR (HORA EXTRA NOTURNA DOM.FER);H
Eletromecânica;201696666;4068772;H - Eletricista-Hora AD Noturno;H
Eletromecânica;300745236;4100201;SOLDADOR 6G (HE NOT DOM/FER);H
Eletromecânica;200580006;4076683;MONTADOR (HORA EXTRA NOTURNA DOM.FER);H
Eletromecânica;300745236;4076683;MONTADOR (HORA EXTRA NOTURNA DOM.FER);H
Eletromecânica;200488284;4076684;MONTADOR LIDER(HORA EXTRA NOT SEG A SAB);H
Eletromecânica;201696666;4073982;H-Encarregado Tubu.-Adc.Pericul./HE;H
Eletromecânica;300034784;4076684;MONTADOR LIDER(HORA EXTRA NOT SEG A SAB);H
Eletromecânica;201788980;4076684;MONTADOR LIDER(HORA EXTRA NOT SEG A SAB);H
Eletromecânica;200580006;4076684;MONTADOR LIDER(HORA EXTRA NOT SEG A SAB);H
Eletromecânica;300745236;4076684;MONTADOR LIDER(HORA EXTRA NOT SEG A SAB);H
Eletromecânica;200488284;4076685;MONTADOR LIDER(HORA EXTRA NOT DOM.FER);H
Eletromecânica;300034784;4076685;MONTADOR LIDER(HORA EXTRA NOT DOM.FER);H
Eletromecânica;201696666;4068794;H - Téc Seg -Adc. Periculosidade/HE;H
Eletromecânica;201788980;4076685;MONTADOR LIDER(HORA EXTRA NOT DOM.FER);H
Eletromecânica;200488284;4098966;EV - ENCARREGADO (HE NOT SEG.SAB);H
Eletromecânica;200580006;4076685;MONTADOR LIDER(HORA EXTRA NOT DOM.FER);H
Eletromecânica;300745236;4076685;MONTADOR LIDER(HORA EXTRA NOT DOM.FER);H
Eletromecânica;300745236;4089762;MECÂNICO DE MANUTENÇÃO (HORA EXTRA SEM);H
Eletromecânica;300745236;4076686;ENCARREGADO (HORA EXTRA NOTURNA SEG.SAB);H
Eletromecânica;200876404;4099613;EPI Adicional AN kit p mascara;SV
Eletromecânica;200484440;4079560;Cimento Portland CP3 - SACO 25KG;ST
Eletromecânica;200488284;4076686;ENCARREGADO (HORA EXTRA NOTURNA SEG.SAB);H
Eletromecânica;300034784;4076686;ENCARREGADO (HORA EXTRA NOTURNA SEG.SAB);H
Eletromecânica;201788980;4076686;ENCARREGADO (HORA EXTRA NOTURNA SEG.SAB);H
Eletromecânica;300745236;4076687;ENCARREGADO (HORA EXTRA NOTURNA DOM.FER);H
Eletromecânica;300745236;4117018;SOLDADOR (HORA EXTRA NOTURNA SEG A SAB);H
Eletromecânica;200488284;4076687;ENCARREGADO (HORA EXTRA NOTURNA DOM.FER);H
Eletromecânica;300034784;4076687;ENCARREGADO (HORA EXTRA NOTURNA DOM.FER);H
Eletromecânica;201788980;4076687;ENCARREGADO (HORA EXTRA NOTURNA DOM.FER);H
Eletromecânica;300745236;4089058;MONTADOR (HORA NOT);H
Eletromecânica;201332350;4090202;LÍDER DE REFRIGERAÇÃO (HORA NOTURNA);H
Eletromecânica;200484440;4079558;Areia Lavada Media;M3
Eletromecânica;200488284;4076688;TÉCNICO SEGURANÇA(HORA EXTRA NOT SEG.SAB;H
Eletromecânica;300034784;4076688;TÉCNICO SEGURANÇA(HORA EXTRA NOT SEG.SAB;H
Eletromecânica;201788980;4076688;TÉCNICO SEGURANÇA(HORA EXTRA NOT SEG.SAB;H
Eletromecânica;201696666;4068782;H - Encarregado Elétrica-Hora AD Noturno;H
Eletromecânica;200580006;4076688;TÉCNICO SEGURANÇA(HORA EXTRA NOT SEG.SAB;H
Eletromecânica;300745236;4089785;SOLDADOR (HORA NOT);H
Eletromecânica;300745236;4076688;TÉCNICO SEGURANÇA(HORA EXTRA NOT SEG.SAB;H
Eletromecânica;200488284;4076689;TÉCNICO SEGURANÇA(HORA EXTRA NOT DOM.FER;H
Eletromecânica;300034784;4076689;TÉCNICO SEGURANÇA(HORA EXTRA NOT DOM.FER;H
Eletromecânica;201788980;4076689;TÉCNICO SEGURANÇA(HORA EXTRA NOT DOM.FER;H
Eletromecânica;300745236;4098157;Aux. Almoxarifado (HORA NOT);H
Eletromecânica;200580006;4076689;TÉCNICO SEGURANÇA(HORA EXTRA NOT DOM.FER;H
Eletromecânica;200488284;4098947;EV - AJUDANTE (HORA EXTRA SEG A SAB);H
Eletromecânica;300745236;4076689;TÉCNICO SEGURANÇA(HORA EXTRA NOT DOM.FER;H
Eletromecânica;201332350;4120033;SUPERVISOR DE RESGATE (HORA NOTURNA);H
Eletromecânica;201788980;4076921;MOBILIZAÇÃO CANTEIRO;SV
Eletromecânica;200488284;4098948;EV - AJUDANTE (HORA EXTRA DOM e FER);H
Eletromecânica;200488284;4076921;MOBILIZAÇÃO CANTEIRO;SV
Eletromecânica;200488746;4096507;Encarregado de Mecânica Hr. Normal;SV
Eletromecânica;200488284;4098274;Coordenador Andaimes (HE DOM/FER);H
Eletromecânica;200488746;4096620;Caminhão Munck 10 t. HORA;SV
Eletromecânica;201696666;4068671;H - Mecânico de Manutenção- Adc.Peri/HE;H
Eletromecânica;201050620;4066996;SV-Painel elétrico para ligações;SV
Eletromecânica;201050620;4067002;SV-Transporte interno/exter pessoa/equip;SV
Eletromecânica;201696666;4075938;H - Téc Seg C/ Ad Not (Seg à Sáb);H
Eletromecânica;201696666;4075387;H - Encanador C/ Ad Not (Dom e Fer);H
Eletromecânica;201696666;4075934;H - Sup Elétrica C/ Ad Not (Seg à Sáb);H
Eletromecânica;200488746;4096519;Operador de guincho/Munck Hr. Normal;SV
Eletromecânica;200484440;4079562;Formas Para Concreto;M2
Eletromecânica;201696666;4075944;H-Enc Tubu-H Extra C/ Ad (Seg à Sáb);H
Eletromecânica;201696666;4075939;H - Téc  C/ Ad Not (Dom e Fer);H
Eletromecânica;201696666;4097027;SV- MAN SIST DESP TEC SEG. HE (SEG/SAB);H
Eletromecânica;300745236;4100209;MECÂNICO CALDEREIRO (HE NOT DOM/FER);H
Eletromecânica;300745236;4117015;MECÂNICO CALDEREIRO (HE NOT SEG A SAB);H
Eletromecânica;200580006;4102195;PROJETISTA (HORA EXTRA 50%);H
Eletromecânica;200484440;4079559;Brita Grao 0 e 01;M3
Eletromecânica;200488284;4098272;Coordenador Andaimes (HE SEM);H
Eletromecânica;200789692;4077226;SV TRECHO TRILHO ACIMA DE 181M c/linha d;M
Eletromecânica;200301748;4077226;SV TRECHO TRILHO ACIMA DE 181M c/linha d;M
Eletromecânica;200876404;4099615;EPI Adicional AN abafador conha 22dcb;SV
Eletromecânica;201332350;4090221;OFICIAL DE LINHAS FERREAS (HE SEMANAL);H
Eletromecânica;300745236;4089767;MECÂNICO ESPECIALIZADO (HORA NOT);H
Eletromecânica;200488746;4096621;Caminhão Munck 18 t. HORA;SV
Eletromecânica;201332350;4068277;HE 100% ELETROMECANICO;SV
Eletromecânica;300745236;4089072;ENCARREGADO ( (HORA NOT);H
Eletromecânica;200488284;4098959;EV - MONTADOR LIDER(HE NOT SEG A SAB);H
Eletromecânica;200789692;4077947;HORA NORMAL MECÂNICO MANUT PONTE;H
Eletromecânica;200488284;4098946;EV - AJUDANTE (HE NOT DOM.FER);H
Eletromecânica;201696666;4097046;SV- MAN SIST DESP MECANICO. ADIC. NOT.;H
Eletromecânica;201332350;4063351;SV - MECANICA I - HE 100%;SV
Eletromecânica;201050620;4066998;SV-Extensão elétrica com plugs steck 2P;SV
Eletromecânica;200789692;4077948;HORA NORMAL ELETRICISTA MANUT PONTE;H
Eletromecânica;200789692;4077949;HORA NORMAL CALDEIREIRO MANUT PONTE;H
Eletromecânica;300745236;4089825;TÉCNICO DE SEGURANÇA (HORA NOT);H
Eletromecânica;200488746;4096541;Inspetor Solda Hr. Extras 75%;SV
Eletromecânica;200488746;4096555;Técnico Materiais Hr. Extras 75%;SV
Eletromecânica;200789692;4078430;HORA NORMAL SOLDADOR MANUT PONTE;H
Eletromecânica;201332350;4088759;TEC DE REFRIGERAÇÃO (INSALUBRIDADE);MON
Eletromecânica;200789692;4078431;HORA NORMAL SUPERVISOR MANUT PONTE;H
Eletromecânica;200789692;4078432;HORA NORMAL LIMPADOR MANUT PONTE;H
Eletromecânica;200789692;4078433;HORA NORMAL TECNICO DE SEG MANUT PONTE;H
Eletromecânica;200789692;4078434;MOBILIZAÇÃO EVENTUAL POR COLABORADOR;H
Eletromecânica;201332350;4090348;OPERADOR DE EQUIPAMENTO (HE SEMANAL);H
Eletromecânica;200789692;4078435;ADC NOTURNO MECÂNICO MANUT PONTE 40%;H
Eletromecânica;300745236;4089780;SOLDADOR MAÇARIQUEIRO (HORA EXTRA SEM);H
Eletromecânica;200488746;4096536;Encarregado de Mecânica HE 75%;SV
Eletromecânica;200488812;4101825;PLANEJADOR(A) (HORA NOTURNA);H
Eletromecânica;200789692;4078436;ADC NOTURNO ELETRICISTA MANUT PONTE 40%;H
Eletromecânica;200789692;4078437;ADC NOTURNO CALDEIREIRO MANUT PONTE 40%;H
Eletromecânica;300745236;4089768;MECÂNICO ESPECIALIZADO (HORA EXTRA SEM);H
Eletromecânica;201696666;4097026;SV- MAN SIST DESP SUP. ESP. HE (SEG/SAB);H
Eletromecânica;200789692;4078438;ADC NOTURNO SOLDADOR MANUT PONTE 40%;H
Eletromecânica;200789692;4078439;ADC NOTURNO SUPERVISOR MANUT PONTE 40%;H
Eletromecânica;300745236;4100214;ENCARREGADO DE ELÉTRICA (HE NOT DOM/FER);H
Eletromecânica;300745236;4089761;MECÂNICO DE MANUTENÇÃO (HORA NOT);H
Eletromecânica;300745236;4117024;ENCARREGADO ELÉTRICA (HE NOT SEG A SAB);H
Eletromecânica;200789692;4078440;ADC NOTURNO LIMPADOR MANUT PONTE 40%;H
Eletromecânica;300745236;4117026;TÉCNICO DE SEGURANÇA (HE NOT SEG A SAB);H
Eletromecânica;201696666;4097033;SV- MAN SIST DESP AN. ADM. HE (SEG/SAB);H
Eletromecânica;200789692;4078441;ADC NOTURNO TEC DE SEG MANUT PONTE 40%;H
Eletromecânica;300745236;4100212;ELETRICISTA DE MANUT. (HE NOT DOM/FER);H
Eletromecânica;300745236;4117022;ELETRICISTA MANUTENÇÃO (HE NOT SEG A SAB;H
Eletromecânica;300745236;4089798;ENCARREGADO DE MECÂNICA (HE SEM);H
Eletromecânica;300745236;4089773;MECÂNICO CALDEREIRO (HORA NOT);H
Eletromecânica;201332350;4090209;LÍDER CIVIL (HORA EXTRA SEMANAL);H
Eletromecânica;300745236;4089804;SUPERVISOR DE MECÂNICA (HORA EXTRA SEM);H
Eletromecânica;300745236;4090118;PINTOR (HORA NOT);H
Eletromecânica;200789692;4078442;HORA EXTRA CALDEIREIRO MANUT PONTE 60%;H
Eletromecânica;200488746;4096606;Operador de guincho/Munck Ad. Not 30%;SV
Eletromecânica;201696666;4097045;SV- MAN SIST DESP ENCARREGADO. ADIC.NOT.;H
Eletromecânica;200789692;4078443;HORA EXTRA SOLDADOR MANUT PONTE 60%;H
Eletromecânica;200789692;4078444;HORA EXTRA MECÂNICO MANUT PONTE 100%;H
Eletromecânica;201696666;4097047;SV- MAN SIST DESP SOLDADOR. ADIC. NOT.;H
Eletromecânica;200789692;4078445;HORA EXTRA ELETRICISTA MANUT PONTE 100%;H
Eletromecânica;300745236;4117021;SUPERVISOR DE MECÂNICA (HE NOT SEG A SAB;H
Eletromecânica;200789692;4078446;HORA EXTRA CALDEIREIRO MANUT PONTE 100%;H
Eletromecânica;200789692;4078447;HORA EXTRA SOLDADOR MANUT PONTE 100%;H
Eletromecânica;200580006;4102194;PROJETISTA (ADICIONAL NOTURNO);H
Eletromecânica;200789692;4078448;HORA EXTRA SUPERVISOR MANUT PONTE 100%;H
Eletromecânica;201332350;4090347;OPERADOR DE EQUIPAMENTO (HORA NOTURNA);H
Eletromecânica;200789692;4078449;HORA EXTRA LIMPADOR MANUT PONTE 100%;H
Eletromecânica;200789692;4078450;HORA EXTRA TEC DE SEG MANUT PONTE 100%;H
Eletromecânica;200379772;4079930;SV MOB/DESMOB;SV
Eletromecânica;200484440;4079245;Oficial Marteleteiro - Hora Normal;H
Eletromecânica;200484440;4079246;Oficial Marteleteiro-HoraExtra Seg a Sex;H
Eletromecânica;200484440;4079247;Oficial Marteleteiro-Hora Extra Sabado;H
Eletromecânica;200484440;4079248;Oficial Marteleteiro-HExtra Dom eFeriado;H
Eletromecânica;200484440;4079550;Pedreiro-HExtra Seg a Sex;H
Eletromecânica;200484440;4079551;Pedreiro - Hora Extra Sabado;H
Eletromecânica;200484440;4079552;Pedreiro-HExtra Domingos e feriados;H
Eletromecânica;200484440;4079553;AJUDANTE - HORA NORMAL;H
Eletromecânica;200484440;4079554;Ajudante - Hora Extra Seg a Sexta;H
Eletromecânica;200484440;4079555;Ajudante - Hora Extra Sabado;H
Eletromecânica;200484440;4079556;Ajudante-Hora Extra Dom e feriados;H
Eletromecânica;200484440;4079557;Locaçao Martelete TEX 32;SV
Eletromecânica;200484440;4079561;Bloco de Concreto 0,15;ST
Eletromecânica;200484440;4079563;Concreto Usinado - Mín 4M3;M3
Eletromecânica;200484440;4079564;Concreto Usinado-Min 4M3- Inluindo Bomba;M3
Eletromecânica;200484440;4117222;ELETRICISTA MANUTENÇÃO HE SEG A SEXTA;H
Eletromecânica;200484440;4117223;ELETRICISTA MANUTENÇÃO HE SÁBADO;H
Eletromecânica;200484440;4117224;ELETRICISTA MANUTENÇÃO HE DOMINGO;H
Eletromecânica;200484440;4061422;ALIMENTAÇÃO (POR COLABORADOR) DIARIA;SV
Eletromecânica;200484440;4061423;DESLOCAMENTO B.COCAIS /SETLAGOAS ATÉ 4;SV
Eletromecânica;200484440;4061424;DESLOC. B.COCAIS /SETLAGOAS 5 A 10 COLAB;SV
Eletromecânica;200484440;4061425;DESLOC. B.COCAIS/SETLAGOAS 11 A 20 COLAB;SV
Eletromecânica;200484440;4061426;DIÁRIA DO MOTORISTA;SV
Eletromecânica;200484440;4061427;ESTADIA MOTORISTA;SV
Eletromecânica;200484440;4061428;ALIMENTAÇÃO MOTORISTA;SV
Eletromecânica;201050620;4066999;SV-Atividades de solda para atendimentos;SV
Eletromecânica;201050620;4067001;SV-Treinamento e certificação por colabo;SV
Eletromecânica;201050620;4067004;Mobilização Inicial - Verba Única;SV
Eletromecânica;201665700;4068511;SV-Soldador;H
Eletromecânica;201665700;4068512;SV-ENCARREGADO;H
Eletromecânica;201665700;4071550;SV CALDEIREIRO HN;H
Eletromecânica;201665700;4071551;SV CALDEIREIRO HE (SEG À SEX);H
Eletromecânica;201665700;4071552;SV CALDEIREIRO HE (SÁBADO);H
Eletromecânica;201665700;4071553;SV CALDEIREIRO HE (DOMINGO/FERIADO);H
Eletromecânica;201665700;4071554;SV CALDEIREIRO ADICIONAL NOTURNO;H
Eletromecânica;201665700;4071555;SV MECÂNICO HE (SEG À SEX);H
Eletromecânica;201665700;4071556;SV MECÂNICO HE (SÁBADO);H
Eletromecânica;201665700;4071557;SV MECÂNICO HE (DOMINGO/FERIADO);H
Eletromecânica;201665700;4071558;SV MECÂNICO ADICIONAL NOTURNO;H
Eletromecânica;201665700;4071559;SV SOLDADOR HE (SEG À SEX);H
Eletromecânica;201665700;4071560;SV SOLDADOR HE (SÁBADO);H
Eletromecânica;201665700;4071561;SV SOLDADOR HE (DOMINGO/FERIADO);H
Eletromecânica;201665700;4071562;SV SOLDADOR ADICIONAL NOTURNO;H
Eletromecânica;201665700;4071563;SV ENCARREGADO HE (SEG À SEX);H
Eletromecânica;201665700;4071564;SV ENCARREGADO HE (SÁBADO);H
Eletromecânica;201665700;4071565;SV ENCARREGADO HE (DOMINGO/FERIADO);H
Eletromecânica;201665700;4071566;SV ENCARREGADO ADICIONAL NOTURNO;H
Eletromecânica;201665700;4071567;SV SUPERVISOR HN;H
Eletromecânica;201665700;4071568;SV SUPERVISOR HE (SEG À SEX);H
Eletromecânica;201665700;4071569;SV SUPERVISOR HE (SÁBADO);H
Eletromecânica;201665700;4071570;SV SUPERVISOR HE (DOMINGO/FERIADO);H
Eletromecânica;201665700;4071571;SV SUPERVISOR ADICIONAL NOTURNO;H
Eletromecânica;201665700;4071572;SV ENCARREGADO HN;H
Eletromecânica;201665700;4071573;SV ENCARREGADO HE (SEG À SEX);H
Eletromecânica;201665700;4071574;SV ENCARREGADO HE (SÁBADO);H
Eletromecânica;201665700;4071575;SV ENCARREGADO HE (DOMINGO/FERIADO);H
Eletromecânica;201665700;4071576;SV ENCARREGADO ADICIONAL NOTURNO;H
Eletromecânica;201665700;4071577;SV CALDEIREIRO HN;H
Eletromecânica;201665700;4071578;SV CALDEIREIRO HE (SEG À SEX);H
Eletromecânica;201665700;4071579;SV CALDEIREIRO HE (SÁBADO);H
Eletromecânica;201665700;4071580;SV CALDEIREIRO HE (DOMINGO/FERIADO);H
Eletromecânica;201665700;4071581;SV CALDEIREIRO ADICIONAL NOTURNO;H
Eletromecânica;201665700;4071582;SV MECÂNICO HN;H
Eletromecânica;201665700;4071583;SV MECÂNICO HE (SEG À SEX);H
Eletromecânica;201665700;4071584;SV MECÂNICO HE (SÁBADO);H
Eletromecânica;201665700;4071585;SV MECÂNICO HE (DOMINGO/FERIADO);H
Eletromecânica;201665700;4071586;SV MECÂNICO ADICIONAL NOTURNO;H
Eletromecânica;201665700;4071587;SV SOLDADOR HN;H
Eletromecânica;201665700;4071588;SV SOLDADOR HE (SEG À SEX);H
Eletromecânica;201665700;4071589;SV SOLDADOR HE (SÁBADO);H
Eletromecânica;201665700;4071590;SV SOLDADOR HE (DOMINGO/FERIADO);H
Eletromecânica;201665700;4071591;SV SOLDADOR ADICIONAL NOTURNO;H
Eletromecânica;201665700;4071592;SV MANTENEDOR DE TELHADO HN;H
Eletromecânica;201665700;4071593;SV MANTENEDOR DE TELHADO HE (SEG À SEX);H
Eletromecânica;201665700;4071594;SV MANTENEDOR DE TELHADO HE (SÁBADO);H
Eletromecânica;201665700;4071595;SV MANTENEDOR DE TELHADO HE (DOMINGO/FER;H
Eletromecânica;201665700;4071596;SV MANTENEDOR DE TELHADO ADICIONAL NOTUR;H
Eletromecânica;200484414;4069116;SV-DUPLA OPERADOR MANTENEDOR (SEG A SEX);SV
Eletromecânica;201332350;4068214;SUPERVISOR;SV
Eletromecânica;201332350;4068215;Técnico de Segurança;SV
Eletromecânica;201332350;4069805;MECANICO DE USINAGEM;SV
Eletromecânica;201332350;4044080;SV - MECANICA I;SV
Eletromecânica;201332350;4068217;Soldador;SV
Eletromecânica;201332350;4068218;CALDEREIRO;SV
Eletromecânica;201332350;4069806;LIDER CALDEREIRO;SV
Eletromecânica;201332350;4068265;LIDER TELHADISTA;SV
Eletromecânica;201332350;4068213;ARTÍFICES;SV
Eletromecânica;201332350;4069807;OFICIAL DE MANUTENÇÃO LINHAS FÉRREAS;SV
Eletromecânica;201332350;4068263;ELETROMECANICO;SV
Eletromecânica;201332350;4068321;PLANEJADOR MANUTENÇÃO;SV
Eletromecânica;201332350;4068219;ELETRICISTA;SV
Eletromecânica;201332350;4068192;HE - SUPERVISOR;SV
Eletromecânica;201332350;4068193;HE - TÉCNICO DE SEGURANÇA;SV
Eletromecânica;201332350;4069809;MECANICO DE USINAGEM - HE 50%;SV
Eletromecânica;201332350;4063350;SV - MECANICA I - HE 60%;SV
Eletromecânica;201332350;4068195;HE - SOLDADOR;SV
Eletromecânica;201332350;4068196;HE - CALDEIREIRO;SV
Eletromecânica;201332350;4069820;LIDER CALDEIRARIA - HE.50%;SV
Eletromecânica;201332350;4068272;HE 50% LIDER TELHADISTA;SV
Eletromecânica;201332350;4068273;HE 50% TELHADISTA;SV
Eletromecânica;201332350;4068191;HE - ARTÍFICES;SV
Eletromecânica;201332350;4069822;OFICIAL DE LINHAS FERREAS - HE.50%;SV
Eletromecânica;201332350;4068270;HE 50% ELETROMECANICO;SV
Eletromecânica;201332350;4068326;HE - PLANEJADOR MANUTENÇÃO;SV
Eletromecânica;201332350;4068197;HE - ELETRICISTA;SV
Eletromecânica;201332350;4068203;HE 100% - SUPERVISOR;SV
Eletromecânica;201332350;4068204;HE 100% - TÉCNICO DE SEGURANÇA;SV
Eletromecânica;201332350;4069808;MECANICO DE USINAGEM - HE 100%;SV
Eletromecânica;201332350;4068206;HE 100% - SOLDADOR;SV
Eletromecânica;201332350;4068207;HE 100% - CALDEIREIRO;SV
Eletromecânica;201332350;4069821;LIDER CALDEIRARIA - HE.100%;SV
Eletromecânica;201332350;4068279;HE 100% LIDER TELHADISTA;SV
Eletromecânica;201332350;4068280;HE 100% TELHADISTA;SV
Eletromecânica;201332350;4068202;HE 100% - ARTÍFICES;SV
Eletromecânica;201332350;4069823;OFICIAL DE LINHAS FERREAS - HE.100%;SV
Eletromecânica;201332350;4068341;HE 100% - PLANEJADOR MANUTENÇÃO;SV
Eletromecânica;201332350;4068208;HE 100% - ELETRICISTA;SV
Eletromecânica;201696666;4068673;SV - Mecânico de Manutenção-Mob.Eventual;SV
Eletromecânica;201696666;4068676;SV - Mecânico Especializado-Mob.Eventual;SV
Eletromecânica;201696666;4068685;SV- Soldador RX - Adc.Periculosidade/mes;SV
Eletromecânica;201696666;4068686;H - Soldador RX - Adc.Periculosidade/HE;H
Eletromecânica;201696666;4068687;SV- Soldador RX - Mobilização Eventual;SV
Eletromecânica;201696666;4068692;SV - Soldador espec.- Mob. Eventual;SV
Eletromecânica;201696666;4068700;SV - Encarregado Mecânica -Mob. Eventual;SV
Eletromecânica;201696666;4068774;SV - Instrumentista-Mobilização Eventual;SV
Eletromecânica;201696666;4068777;H - Instrumentista-Hora AD Noturno;H
Eletromecânica;201696666;4068785;H - Supervisor Elétrica- Hora AD Noturno;H
Eletromecânica;201696666;4068787;SV - Supervisor Elétrica - Mob. Eventual;SV
Eletromecânica;201696666;4068790;SV - Téc Seg - Mobilização Eventual;SV
Eletromecânica;201696666;4073962;SV- Caldeireiro (mensal);SV
Eletromecânica;201696666;4073963;H- Caldeireiro Hora Extra (seg a sáb);H
Eletromecânica;201696666;4073964;H- Caldeireiro Hora Extra (dom e fer);H
Eletromecânica;201696666;4073965;H- Caldeireiro Hora AD Noturno;H
Eletromecânica;201696666;4073966;SV-Caldeireiro Adic. Periculosidade/mes;SV
Eletromecânica;201696666;4073967;H-Caldeireiro Adic. Periculosidade p/HE;H
Eletromecânica;201696666;4073968;H-Caldeireiro - Adicional Insalubridade;H
Eletromecânica;201696666;4073969;SV- Caldeireiro - Mobilização Eventual;SV
Eletromecânica;201696666;4073983;H-Encarregado Tubu.-Adc.Insalubridade;H
Eletromecânica;201696666;4075900;H - Aux  Extra C/ Ad Not (Seg à Sáb);H
Eletromecânica;201696666;4075383;H - Aux  Extra C/ Ad Not (Dom e Fer);H
Eletromecânica;201696666;4075922;H - Instru C/ Ad Not (Seg à Sáb);H
Eletromecânica;201696666;4075923;H - Instru C/ Ad Not (Dom e Fer);H
Eletromecânica;201696666;4075928;H - Motori C/ Ad Not (Seg à Sáb);H
Eletromecânica;201696666;4075929;H - Motorista C/ Ad Not (Dom e Fer);H
Eletromecânica;201696666;4075935;H - Sup Elétrica C/ Ad Not (Dom e Fer);H
Eletromecânica;201696666;4075940;H-Cald-Hora Extra C/ Ad Not (Seg à Sáb);H
Eletromecânica;201696666;4075941;H-Cald-Hora Extra C/ Ad Not (Dom e Fer);H
Eletromecânica;201696666;4075945;H-Enc. Tubu-Ho Extra C/ Ad  (Dom e Fer);H
Eletromecânica;201696666;4075946;Aplicação de SLA;H
Eletromecânica;300139484;4076307;PREVENTIVA PONTES - 2402 - UFA;SV
Eletromecânica;300139484;4076309;PREVENTIVA PONTES - 2409 - UAR1;SV
Eletromecânica;300139484;4076710;PREVENTIVA PONTES - 2412 - SPE;SV
Eletromecânica;300139484;4076711;PREVENTIVA PONTES - 2414 - CGD;SV
Eletromecânica;300139484;4076712;PREVENTIVA PONTES - 2415 - USB1;SV
Eletromecânica;300139484;4076713;PREVENTIVA PONTES - 2416 - SC1;SV
Eletromecânica;300139484;4076714;PREVENTIVA PONTES - 2417 - TIJ;SV
Eletromecânica;300139484;4076715;PREVENTIVA PONTES - 2454 - CGR;SV
Eletromecânica;300139484;4076716;PREVENTIVA PONTES - 2456 - CBA;SV
Eletromecânica;200488284;4079911;CUSTO CANTEIRO - MANU MENSAL;SV
Eletromecânica;201788980;4079911;CUSTO CANTEIRO - MANU MENSAL;SV
Eletromecânica;300139484;4076717;PREVENTIVA PONTES - 2457 - MAC;SV
Eletromecânica;300139484;4076718;PREVENTIVA PONTES - 2458 - RPO;SV
Eletromecânica;300139484;4076719;PREVENTIVA PONTES - 2460 - THE;SV
Eletromecânica;300139484;4076720;PREVENTIVA PONTES - 2466 - XAP;SV
Eletromecânica;300139484;4076721;PREVENTIVA PONTES - 2468 - AJU;SV
Eletromecânica;300139484;4076723;PREVENTIVA PONTES - 2471 - MAR;SV
Eletromecânica;300139484;4076722;PREVENTIVA PONTES - 2469 - VIT;SV
Eletromecânica;300139484;4090401;PREVENTIVA PONTES - 2451 - SJC;SV
Eletromecânica;201332350;4090205;LÍDER DE REFRIGERAÇÃO (INSALUBRIDADE);MON
Eletromecânica;201332350;4090206;LÍDER DE REFRIGERAÇÃO (PERICULOSIDADE);MON
Eletromecânica;201332350;4090220;OFICIAL DE LINHAS FERREAS (HN);H
Eletromecânica;201332350;4090223;OF.LINHAS FERREAS (INSALUBRIDADE);MON
Eletromecânica;201332350;4090224;OF. LINHAS FERREAS (PERICULOSIDADE);MON
Eletromecânica;201332350;4090235;TELHADISTA (INSALUBRIDADE);MON
Eletromecânica;201332350;4090236;TELHADISTA (PERICULOSIDADE);MON
Eletromecânica;201332350;4090259;LÍDER OPERACIONAL N2 (INSALUBRIDADE);MON
Eletromecânica;201332350;4090260;LÍDER OPERACIONAL N2 (PERICULOSIDADE);MON
Eletromecânica;201332350;4108862;TELHADISTA N3 (INSALUBRIDADE);MON
Eletromecânica;201332350;4108863;TELHADISTA N3 (PERICULOSIDADE);MON
Eletromecânica;201332350;4120034;SUPERVISOR DE RESGATE (HE SEMANAL);H
Eletromecânica;201332350;4120037;SUPERVISOR DE RESGATE (INSALUBRIDADE);MON
Eletromecânica;201332350;4120038;SUPERVISOR DE RESGATE (PERICULOSIDADE);MON
Eletromecânica;201332350;4120142;RESGATISTA (HE SEMANAL);H
Eletromecânica;201332350;4120140;RESGATISTA (INSALUBRIDADE);MON
Eletromecânica;201332350;4120039;RESGATISTA (PERICULOSIDADE);MON
Eletromecânica;200789692;4083370;SV TRECHO TRILHO ACIMA DE 181M s/linha d;M
Eletromecânica;200301748;4083370;SV TRECHO TRILHO ACIMA DE 181M s/linha d;M
Eletromecânica;200789692;4083371;SV TRECHO TRILHO ACIMA DE 180M s/linha d;M
Eletromecânica;200301748;4083371;SV TRECHO TRILHO ACIMA DE 180M s/linha d;M
Eletromecânica;200789692;4083372;SV TRECHO TRILHO 132M s/linha de vida;M
Eletromecânica;200301748;4083372;SV TRECHO TRILHO 132M s/linha de vida;M
Eletromecânica;200301748;4083373;SV TRECHO TRILHO 90M s/linha de vida;M
Eletromecânica;200789692;4083373;SV TRECHO TRILHO 90M s/linha de vida;M
Eletromecânica;200789692;4083374;SV TRECHO TRILHO 60M s/linha de vida;M
Eletromecânica;200301748;4083374;SV TRECHO TRILHO 60M s/linha de vida;M
Eletromecânica;200789692;4083375;SV TRECHO TRILHO 48M s/linha de vida;M
Eletromecânica;200301748;4083375;SV TRECHO TRILHO 48M s/linha de vida;M
Eletromecânica;200301748;4083376;SV TRECHO TRILHO 36M s/linha de vida;M
Eletromecânica;200789692;4083376;SV TRECHO TRILHO 36M s/linha de vida;M
Eletromecânica;200301748;4083377;SV TRECHO TRILHO 24M s/linha de vida;M
Eletromecânica;200789692;4083377;SV TRECHO TRILHO 24M s/linha de vida;M
Eletromecânica;200301748;4083378;SV TRECHO TRILHO 12M s/linha de vida;M
Eletromecânica;200789692;4083378;SV TRECHO TRILHO 12M s/linha de vida;M
Eletromecânica;200301748;4083379;SV TRECHO TRILHO 6M s/linha de vida;M
Eletromecânica;200789692;4083379;SV TRECHO TRILHO 6M s/linha de vida;M
Eletromecânica;200876404;4083550;MOB. \ DESMOB.  (Demanda Fixas);SV
Eletromecânica;201332350;4083550;MOB. \ DESMOB.  (Demanda Fixas);SV
Eletromecânica;300586172;4083550;MOB. \ DESMOB.  (Demanda Fixas);SV
Eletromecânica;300534992;4083550;MOB. \ DESMOB.  (Demanda Fixas);SV
Eletromecânica;300745236;4083550;MOB. \ DESMOB.  (Demanda Fixas);SV
Eletromecânica;300745236;4083551;MOB\DESMOB Dem. Eventual - Parada MAN.;SV
Eletromecânica;300534992;4083551;MOB\DESMOB Dem. Eventual - Parada MAN.;SV
Eletromecânica;200488284;4083551;MOB\DESMOB Dem. Eventual - Parada MAN.;SV
Eletromecânica;300745236;4083552;CUSTOS DIÁRIOS, PARADAS DE MANUTENÇÃO;TAG
Eletromecânica;201332350;4083553;AJUDANTE DE MANUTENÇÃO (HORA NORMAL);H
Eletromecânica;300745236;4083553;AJUDANTE DE MANUTENÇÃO (HORA NORMAL);H
Eletromecânica;300586172;4083553;AJUDANTE DE MANUTENÇÃO (HORA NORMAL);H
Eletromecânica;200329822;4083553;AJUDANTE DE MANUTENÇÃO (HORA NORMAL);H
Eletromecânica;300534992;4083553;AJUDANTE DE MANUTENÇÃO (HORA NORMAL);H
Eletromecânica;201332350;4083554;AJUDANTE DE MANUTENÇÃO (HORA NOT);H
Eletromecânica;300534992;4083554;AJUDANTE DE MANUTENÇÃO (HORA NOT);H
Eletromecânica;300586172;4083554;AJUDANTE DE MANUTENÇÃO (HORA NOT);H
Eletromecânica;300745236;4083554;AJUDANTE DE MANUTENÇÃO (HORA NOT);H
Eletromecânica;201332350;4083555;AJUDANTE DE MANUT. (HORA EXTRA SEMANAL);H
Eletromecânica;300586172;4083555;AJUDANTE DE MANUT. (HORA EXTRA SEMANAL);H
Eletromecânica;300534992;4083555;AJUDANTE DE MANUT. (HORA EXTRA SEMANAL);H
Eletromecânica;200329822;4083555;AJUDANTE DE MANUT. (HORA EXTRA SEMANAL);H
Eletromecânica;300745236;4083555;AJUDANTE DE MANUT. (HORA EXTRA SEMANAL);H
Eletromecânica;201332350;4083556;AJUDANTE DE MANUT. (HORA EXTRA DOM/FER);H
Eletromecânica;200329822;4083556;AJUDANTE DE MANUT. (HORA EXTRA DOM/FER);H
Eletromecânica;300586172;4083556;AJUDANTE DE MANUT. (HORA EXTRA DOM/FER);H
Eletromecânica;300534992;4083556;AJUDANTE DE MANUT. (HORA EXTRA DOM/FER);H
Eletromecânica;300745236;4083556;AJUDANTE DE MANUT. (HORA EXTRA DOM/FER);H
Eletromecânica;201332350;4083557;AJUDANTE DE MANUTENÇÃO (INSALUBRIDADE);H
Eletromecânica;300534992;4083557;AJUDANTE DE MANUTENÇÃO (INSALUBRIDADE);H
Eletromecânica;300586172;4083557;AJUDANTE DE MANUTENÇÃO (INSALUBRIDADE);H
Eletromecânica;300745236;4083557;AJUDANTE DE MANUTENÇÃO (INSALUBRIDADE);H
Eletromecânica;201332350;4083558;AJUDANTE DE MANUT. (PRERICULOSIDADE);H
Eletromecânica;300534992;4083558;AJUDANTE DE MANUT. (PRERICULOSIDADE);H
Eletromecânica;300586172;4083558;AJUDANTE DE MANUT. (PRERICULOSIDADE);H
Eletromecânica;300745236;4083558;AJUDANTE DE MANUT. (PRERICULOSIDADE);H
Eletromecânica;300745236;4083559;MECÂNICO DE MANUTENÇÃO (HORA NORMAL);H
Eletromecânica;201332350;4083559;MECÂNICO DE MANUTENÇÃO (HORA NORMAL);H
Eletromecânica;201696666;4083559;MECÂNICO DE MANUTENÇÃO (HORA NORMAL);H
Eletromecânica;300586172;4083559;MECÂNICO DE MANUTENÇÃO (HORA NORMAL);H
Eletromecânica;200329822;4083559;MECÂNICO DE MANUTENÇÃO (HORA NORMAL);H
Eletromecânica;300534992;4083559;MECÂNICO DE MANUTENÇÃO (HORA NORMAL);H
Eletromecânica;201332350;4083560;MECÂNICO DE MANUTENÇÃO (HORA NOT);H
Eletromecânica;300745236;4083560;MECÂNICO DE MANUTENÇÃO (HORA NOT);H
Eletromecânica;300586172;4083560;MECÂNICO DE MANUTENÇÃO (HORA NOT);H
Eletromecânica;300534992;4083560;MECÂNICO DE MANUTENÇÃO (HORA NOT);H
Eletromecânica;201696666;4083560;MECÂNICO DE MANUTENÇÃO (HORA NOT);H
Eletromecânica;300745236;4083561;MECÂNICO DE MANUTENÇÃO (HORA EXTRA SEM);H
Eletromecânica;200329822;4083561;MECÂNICO DE MANUTENÇÃO (HORA EXTRA SEM);H
Eletromecânica;201696666;4083561;MECÂNICO DE MANUTENÇÃO (HORA EXTRA SEM);H
Eletromecânica;201332350;4083561;MECÂNICO DE MANUTENÇÃO (HORA EXTRA SEM);H
Eletromecânica;300586172;4083561;MECÂNICO DE MANUTENÇÃO (HORA EXTRA SEM);H
Eletromecânica;300534992;4083561;MECÂNICO DE MANUTENÇÃO (HORA EXTRA SEM);H
Eletromecânica;201332350;4083562;MECÂNICO DE MANUT. (HORA EXTRA DOM/FER);H
Eletromecânica;200329822;4083562;MECÂNICO DE MANUT. (HORA EXTRA DOM/FER);H
Eletromecânica;300745236;4083562;MECÂNICO DE MANUT. (HORA EXTRA DOM/FER);H
Eletromecânica;300586172;4083562;MECÂNICO DE MANUT. (HORA EXTRA DOM/FER);H
Eletromecânica;300534992;4083562;MECÂNICO DE MANUT. (HORA EXTRA DOM/FER);H
Eletromecânica;201696666;4083562;MECÂNICO DE MANUT. (HORA EXTRA DOM/FER);H
Eletromecânica;201332350;4083563;MECÂNICO DE MANUTENÇÃO (INSALUBRIDADE);H
Eletromecânica;300534992;4083563;MECÂNICO DE MANUTENÇÃO (INSALUBRIDADE);H
Eletromecânica;300586172;4083563;MECÂNICO DE MANUTENÇÃO (INSALUBRIDADE);H
Eletromecânica;300745236;4083563;MECÂNICO DE MANUTENÇÃO (INSALUBRIDADE);H
Eletromecânica;201332350;4083564;MECÂNICO DE MANUT. (PRERICULOSIDADE);H
Eletromecânica;300534992;4083564;MECÂNICO DE MANUT. (PRERICULOSIDADE);H
Eletromecânica;300586172;4083564;MECÂNICO DE MANUT. (PRERICULOSIDADE);H
Eletromecânica;300745236;4083564;MECÂNICO DE MANUT. (PRERICULOSIDADE);H
Eletromecânica;300745236;4083565;MECÂNICO ESPECIALIZADO (HORA NORMAL);H
Eletromecânica;201332350;4083565;MECÂNICO ESPECIALIZADO (HORA NORMAL);H
Eletromecânica;300586172;4083565;MECÂNICO ESPECIALIZADO (HORA NORMAL);H
Eletromecânica;201332350;4090261;AUX DE PLANEJAMENTO (HORA NORMAL);H
Eletromecânica;201332350;4090262;AUX DE PLANEJAMENTO (HORA NOTURNA);H
Eletromecânica;201332350;4090263;AUX DE PLANEJAMENTO (HE SEMANAL);H
Eletromecânica;201332350;4090264;AUX DE PLANEJAMENTO (HE DOM/FER);H
Eletromecânica;201332350;4090265;AUX DE PLANEJAMENTO (INSALUBRIDADE);MON
Eletromecânica;201332350;4090266;AUX DE PLANEJAMENTO (PERICULOSIDADE);MON
Eletromecânica;300534992;4083565;MECÂNICO ESPECIALIZADO (HORA NORMAL);H
Eletromecânica;300745236;4083566;MECÂNICO ESPECIALIZADO (HORA NOT);H
Eletromecânica;201332350;4083566;MECÂNICO ESPECIALIZADO (HORA NOT);H
Eletromecânica;300534992;4083566;MECÂNICO ESPECIALIZADO (HORA NOT);H
Eletromecânica;300586172;4083566;MECÂNICO ESPECIALIZADO (HORA NOT);H
Eletromecânica;300745236;4083567;MECÂNICO ESPECIALIZADO (HORA EXTRA SEM);H
Eletromecânica;201332350;4083567;MECÂNICO ESPECIALIZADO (HORA EXTRA SEM);H
Eletromecânica;300586172;4083567;MECÂNICO ESPECIALIZADO (HORA EXTRA SEM);H
Eletromecânica;300534992;4083567;MECÂNICO ESPECIALIZADO (HORA EXTRA SEM);H
Eletromecânica;201332350;4083568;MECÂNICO ESPECIALIZADO (HE DOM/FER);H
Eletromecânica;300745236;4083568;MECÂNICO ESPECIALIZADO (HE DOM/FER);H
Eletromecânica;300534992;4083568;MECÂNICO ESPECIALIZADO (HE DOM/FER);H
Eletromecânica;300586172;4083568;MECÂNICO ESPECIALIZADO (HE DOM/FER);H
Eletromecânica;201332350;4083569;MECÂNICO ESPECIALIZADO (INSALUBRIDADE);H
Eletromecânica;300534992;4083569;MECÂNICO ESPECIALIZADO (INSALUBRIDADE);H
Eletromecânica;300586172;4083569;MECÂNICO ESPECIALIZADO (INSALUBRIDADE);H
Eletromecânica;300745236;4083569;MECÂNICO ESPECIALIZADO (INSALUBRIDADE);H
Eletromecânica;201332350;4083570;MECÂNICO ESPECIALIZADO (PERICULOSIDADE);H
Eletromecânica;300534992;4083570;MECÂNICO ESPECIALIZADO (PERICULOSIDADE);H
Eletromecânica;300586172;4083570;MECÂNICO ESPECIALIZADO (PERICULOSIDADE);H
Eletromecânica;300745236;4083570;MECÂNICO ESPECIALIZADO (PERICULOSIDADE);H
Eletromecânica;201332350;4083571;MECÂNICO CALDEREIRO (HORA NORMAL);H
Eletromecânica;300586172;4083571;MECÂNICO CALDEREIRO (HORA NORMAL);H
Eletromecânica;300745236;4083571;MECÂNICO CALDEREIRO (HORA NORMAL);H
Eletromecânica;300534992;4083571;MECÂNICO CALDEREIRO (HORA NORMAL);H
Eletromecânica;201332350;4083572;MECÂNICO CALDEREIRO (HORA NOT);H
Eletromecânica;300745236;4083572;MECÂNICO CALDEREIRO (HORA NOT);H
Eletromecânica;300586172;4083572;MECÂNICO CALDEREIRO (HORA NOT);H
Eletromecânica;300534992;4083572;MECÂNICO CALDEREIRO (HORA NOT);H
Eletromecânica;300586172;4083573;MECÂNICO CALDEREIRO (HORA EXTRA SEM);H
Eletromecânica;201332350;4083573;MECÂNICO CALDEREIRO (HORA EXTRA SEM);H
Eletromecânica;300745236;4083573;MECÂNICO CALDEREIRO (HORA EXTRA SEM);H
Eletromecânica;300534992;4083573;MECÂNICO CALDEREIRO (HORA EXTRA SEM);H
Eletromecânica;201332350;4083574;MECÂNICO CALDEREIRO (HE DOM/FER);H
Eletromecânica;300586172;4083574;MECÂNICO CALDEREIRO (HE DOM/FER);H
Eletromecânica;300534992;4083574;MECÂNICO CALDEREIRO (HE DOM/FER);H
Eletromecânica;300745236;4083574;MECÂNICO CALDEREIRO (HE DOM/FER);H
Eletromecânica;201332350;4083575;MECÂNICO CALDEREIRO (INSALUBRIDADE);H
Eletromecânica;300534992;4083575;MECÂNICO CALDEREIRO (INSALUBRIDADE);H
Eletromecânica;300586172;4083575;MECÂNICO CALDEREIRO (INSALUBRIDADE);H
Eletromecânica;300745236;4083575;MECÂNICO CALDEREIRO (INSALUBRIDADE);H
Eletromecânica;201332350;4083576;MECÂNICO CALDEREIRO  (PRERICULOSIDADE);H
Eletromecânica;300534992;4083576;MECÂNICO CALDEREIRO  (PRERICULOSIDADE);H
Eletromecânica;300586172;4083576;MECÂNICO CALDEREIRO  (PRERICULOSIDADE);H
Eletromecânica;300745236;4083576;MECÂNICO CALDEREIRO  (PRERICULOSIDADE);H
Eletromecânica;201696666;4083577;SOLDADOR MAÇARIQUEIRO MAÇARIQUEIRO (HH);H
Eletromecânica;201332350;4083577;SOLDADOR MAÇARIQUEIRO MAÇARIQUEIRO (HH);H
Eletromecânica;300745236;4083577;SOLDADOR MAÇARIQUEIRO MAÇARIQUEIRO (HH);H
Eletromecânica;300534992;4083577;SOLDADOR MAÇARIQUEIRO MAÇARIQUEIRO (HH);H
Eletromecânica;300586172;4083577;SOLDADOR MAÇARIQUEIRO MAÇARIQUEIRO (HH);H
Eletromecânica;300745236;4083578;SOLDADOR MAÇARIQUEIRO (HORA NOT);H
Eletromecânica;201332350;4083578;SOLDADOR MAÇARIQUEIRO (HORA NOT);H
Eletromecânica;300534992;4083578;SOLDADOR MAÇARIQUEIRO (HORA NOT);H
Eletromecânica;300586172;4083578;SOLDADOR MAÇARIQUEIRO (HORA NOT);H
Eletromecânica;201696666;4083578;SOLDADOR MAÇARIQUEIRO (HORA NOT);H
Eletromecânica;201696666;4083579;SOLDADOR MAÇARIQUEIRO (HORA EXTRA SEM);H
Eletromecânica;300745236;4083579;SOLDADOR MAÇARIQUEIRO (HORA EXTRA SEM);H
Eletromecânica;201332350;4083579;SOLDADOR MAÇARIQUEIRO (HORA EXTRA SEM);H
Eletromecânica;300534992;4083579;SOLDADOR MAÇARIQUEIRO (HORA EXTRA SEM);H
Eletromecânica;300586172;4083579;SOLDADOR MAÇARIQUEIRO (HORA EXTRA SEM);H
Eletromecânica;201696666;4083580;SOLDADOR MAÇARIQUEIRO (HE DOM/FER);H
Eletromecânica;201332350;4083580;SOLDADOR MAÇARIQUEIRO (HE DOM/FER);H
Eletromecânica;300534992;4083580;SOLDADOR MAÇARIQUEIRO (HE DOM/FER);H
Eletromecânica;300586172;4083580;SOLDADOR MAÇARIQUEIRO (HE DOM/FER);H
Eletromecânica;300745236;4083580;SOLDADOR MAÇARIQUEIRO (HE DOM/FER);H
Eletromecânica;201332350;4083581;SOLDADOR MAÇARIQUEIRO (INSALUBRIDADE);H
Eletromecânica;300534992;4083581;SOLDADOR MAÇARIQUEIRO (INSALUBRIDADE);H
Eletromecânica;300586172;4083581;SOLDADOR MAÇARIQUEIRO (INSALUBRIDADE);H
Eletromecânica;300745236;4083581;SOLDADOR MAÇARIQUEIRO (INSALUBRIDADE);H
Eletromecânica;201332350;4083582;SOLDADOR MAÇARIQUEIRO (PRERICULOSIDADE);H
Eletromecânica;300534992;4083582;SOLDADOR MAÇARIQUEIRO (PRERICULOSIDADE);H
Eletromecânica;300586172;4083582;SOLDADOR MAÇARIQUEIRO (PRERICULOSIDADE);H
Eletromecânica;300745236;4083582;SOLDADOR MAÇARIQUEIRO (PRERICULOSIDADE);H
Eletromecânica;300745236;4083583;SOLDADOR (HORA NORMAL);H
Eletromecânica;201332350;4083583;SOLDADOR (HORA NORMAL);H
Eletromecânica;300586172;4083583;SOLDADOR (HORA NORMAL);H
Eletromecânica;201696666;4083583;SOLDADOR (HORA NORMAL);H
Eletromecânica;300534992;4083583;SOLDADOR (HORA NORMAL);H
Eletromecânica;200329822;4083583;SOLDADOR (HORA NORMAL);H
Eletromecânica;201332350;4090208;LÍDER CIVIL (HORA NOTURNA);H
Eletromecânica;201332350;4090212;LÍDER CIVIL (PERICULOSIDADE);MON
Eletromecânica;201332350;4090471;OPERADOR DE EQUIPAMENTO (PERICULOSIDADE);MON
Eletromecânica;201332350;4090470;OPERADOR DE EQUIPAMENTO (INSALUBRIDADE);MON
Eletromecânica;201332350;4083584;SOLDADOR (HORA NOT);H
Eletromecânica;300745236;4083584;SOLDADOR (HORA NOT);H
Eletromecânica;300586172;4083584;SOLDADOR (HORA NOT);H
Eletromecânica;300534992;4083584;SOLDADOR (HORA NOT);H
Eletromecânica;201696666;4083584;SOLDADOR (HORA NOT);H
Eletromecânica;300745236;4083585;SOLDADOR (HORA EXTRA SEM);H
Eletromecânica;201332350;4083585;SOLDADOR (HORA EXTRA SEM);H
Eletromecânica;300586172;4083585;SOLDADOR (HORA EXTRA SEM);H
Eletromecânica;201696666;4083585;SOLDADOR (HORA EXTRA SEM);H
Eletromecânica;300534992;4083585;SOLDADOR (HORA EXTRA SEM);H
Eletromecânica;201332350;4083586;SOLDADOR (HORA EXTRA DOM/FER);H
Eletromecânica;300534992;4083586;SOLDADOR (HORA EXTRA DOM/FER);H
Eletromecânica;300586172;4083586;SOLDADOR (HORA EXTRA DOM/FER);H
Eletromecânica;300745236;4083586;SOLDADOR (HORA EXTRA DOM/FER);H
Eletromecânica;201696666;4083586;SOLDADOR (HORA EXTRA DOM/FER);H
Eletromecânica;201332350;4083587;SOLDADOR (INSALUBRIDADE);H
Eletromecânica;300534992;4083587;SOLDADOR (INSALUBRIDADE);H
Eletromecânica;300586172;4083587;SOLDADOR (INSALUBRIDADE);H
Eletromecânica;300745236;4083587;SOLDADOR (INSALUBRIDADE);H
Eletromecânica;201332350;4083588;SOLDADOR (PRERICULOSIDADE);H
Eletromecânica;300534992;4083588;SOLDADOR (PRERICULOSIDADE);H
Eletromecânica;300586172;4083588;SOLDADOR (PRERICULOSIDADE);H
Eletromecânica;300745236;4083588;SOLDADOR (PRERICULOSIDADE);H
Eletromecânica;300745236;4083589;SOLDADOR 6G (HORA NORMAL);H
Eletromecânica;201332350;4083589;SOLDADOR 6G (HORA NORMAL);H
Eletromecânica;300534992;4083589;SOLDADOR 6G (HORA NORMAL);H
Eletromecânica;300586172;4083589;SOLDADOR 6G (HORA NORMAL);H
Eletromecânica;300745236;4083590;SOLDADOR 6G (HORA NOT);H
Eletromecânica;201332350;4083590;SOLDADOR 6G (HORA NOT);H
Eletromecânica;300534992;4083590;SOLDADOR 6G (HORA NOT);H
Eletromecânica;300586172;4083590;SOLDADOR 6G (HORA NOT);H
Eletromecânica;300745236;4083591;SOLDADOR 6G (HORA EXTRA SEM);H
Eletromecânica;200329822;4083591;SOLDADOR 6G (HORA EXTRA SEM);H
Eletromecânica;201332350;4083591;SOLDADOR 6G (HORA EXTRA SEM);H
Eletromecânica;300534992;4083591;SOLDADOR 6G (HORA EXTRA SEM);H
Eletromecânica;300586172;4083591;SOLDADOR 6G (HORA EXTRA SEM);H
Eletromecânica;200329822;4083592;SOLDADOR 6G (HORA EXTRA DOM/FER);H
Eletromecânica;300745236;4083592;SOLDADOR 6G (HORA EXTRA DOM/FER);H
Eletromecânica;201332350;4083592;SOLDADOR 6G (HORA EXTRA DOM/FER);H
Eletromecânica;300534992;4083592;SOLDADOR 6G (HORA EXTRA DOM/FER);H
Eletromecânica;300586172;4083592;SOLDADOR 6G (HORA EXTRA DOM/FER);H
Eletromecânica;201332350;4083593;SOLDADOR 6G (INSALUBRIDADE);H
Eletromecânica;300534992;4083593;SOLDADOR 6G (INSALUBRIDADE);H
Eletromecânica;300586172;4083593;SOLDADOR 6G (INSALUBRIDADE);H
Eletromecânica;300745236;4083593;SOLDADOR 6G (INSALUBRIDADE);H
Eletromecânica;201332350;4083594;SOLDADOR 6G (PRERICULOSIDADE);H
Eletromecânica;300534992;4083594;SOLDADOR 6G (PRERICULOSIDADE);H
Eletromecânica;300586172;4083594;SOLDADOR 6G (PRERICULOSIDADE);H
Eletromecânica;300745236;4083594;SOLDADOR 6G (PRERICULOSIDADE);H
Eletromecânica;300745236;4083595;ENCARREGADO DE MECÂNICA (HORA NORMAL);H
Eletromecânica;201332350;4083595;ENCARREGADO DE MECÂNICA (HORA NORMAL);H
Eletromecânica;201696666;4083595;ENCARREGADO DE MECÂNICA (HORA NORMAL);H
Eletromecânica;300586172;4083595;ENCARREGADO DE MECÂNICA (HORA NORMAL);H
Eletromecânica;300534992;4083595;ENCARREGADO DE MECÂNICA (HORA NORMAL);H
Eletromecânica;300745236;4083596;ENCARREGADO DE MECÂNICA (HORA NOT);H
Eletromecânica;201332350;4083596;ENCARREGADO DE MECÂNICA (HORA NOT);H
Eletromecânica;300586172;4083596;ENCARREGADO DE MECÂNICA (HORA NOT);H
Eletromecânica;300534992;4083596;ENCARREGADO DE MECÂNICA (HORA NOT);H
Eletromecânica;201696666;4083596;ENCARREGADO DE MECÂNICA (HORA NOT);H
Eletromecânica;300745236;4083597;ENCARREGADO DE MECÂNICA (HE SEM);H
Eletromecânica;201696666;4083597;ENCARREGADO DE MECÂNICA (HE SEM);H
Eletromecânica;201332350;4083597;ENCARREGADO DE MECÂNICA (HE SEM);H
Eletromecânica;300586172;4083597;ENCARREGADO DE MECÂNICA (HE SEM);H
Eletromecânica;300534992;4083597;ENCARREGADO DE MECÂNICA (HE SEM);H
Eletromecânica;201332350;4083598;ENCARREGADO DE MECÂNICA (HE DOM/FER);H
Eletromecânica;300745236;4083598;ENCARREGADO DE MECÂNICA (HE DOM/FER);H
Eletromecânica;201696666;4083598;ENCARREGADO DE MECÂNICA (HE DOM/FER);H
Eletromecânica;300534992;4083598;ENCARREGADO DE MECÂNICA (HE DOM/FER);H
Eletromecânica;300586172;4083598;ENCARREGADO DE MECÂNICA (HE DOM/FER);H
Eletromecânica;201332350;4083599;ENCARREGADO DE MECÂNICA (INSALUBRIDADE);H
Eletromecânica;300534992;4083599;ENCARREGADO DE MECÂNICA (INSALUBRIDADE);H
Eletromecânica;300586172;4083599;ENCARREGADO DE MECÂNICA (INSALUBRIDADE);H
Eletromecânica;300745236;4083599;ENCARREGADO DE MECÂNICA (INSALUBRIDADE);H
Eletromecânica;201332350;4083600;ENC.DE MECÂNICA (PRERICULOSIDADE);H
Eletromecânica;300534992;4083600;ENC.DE MECÂNICA (PRERICULOSIDADE);H
Eletromecânica;300586172;4083600;ENC.DE MECÂNICA (PRERICULOSIDADE);H
Eletromecânica;300745236;4083600;ENC.DE MECÂNICA (PRERICULOSIDADE);H
Eletromecânica;300745236;4083601;SUPERVISOR DE MECÂNICA (HORA NORMAL);H
Eletromecânica;200329822;4083601;SUPERVISOR DE MECÂNICA (HORA NORMAL);H
Eletromecânica;201332350;4083601;SUPERVISOR DE MECÂNICA (HORA NORMAL);H
Eletromecânica;300534992;4083601;SUPERVISOR DE MECÂNICA (HORA NORMAL);H
Eletromecânica;300586172;4083601;SUPERVISOR DE MECÂNICA (HORA NORMAL);H
Eletromecânica;201332350;4083602;SUPERVISOR DE MECÂNICA (HORA NOT);H
Eletromecânica;300534992;4083602;SUPERVISOR DE MECÂNICA (HORA NOT);H
Eletromecânica;300586172;4083602;SUPERVISOR DE MECÂNICA (HORA NOT);H
Eletromecânica;300745236;4083602;SUPERVISOR DE MECÂNICA (HORA NOT);H
Eletromecânica;200329822;4083603;SUPERVISOR DE MECÂNICA (HORA EXTRA SEM);H
Eletromecânica;300745236;4083603;SUPERVISOR DE MECÂNICA (HORA EXTRA SEM);H
Eletromecânica;201332350;4083603;SUPERVISOR DE MECÂNICA (HORA EXTRA SEM);H
Eletromecânica;300586172;4083603;SUPERVISOR DE MECÂNICA (HORA EXTRA SEM);H
Eletromecânica;300534992;4083603;SUPERVISOR DE MECÂNICA (HORA EXTRA SEM);H
Eletromecânica;200329822;4083604;SUPERVISOR DE MECÂNICA (HE DOM/FER);H
Eletromecânica;201332350;4083604;SUPERVISOR DE MECÂNICA (HE DOM/FER);H
Eletromecânica;300745236;4083604;SUPERVISOR DE MECÂNICA (HE DOM/FER);H
Eletromecânica;300534992;4083604;SUPERVISOR DE MECÂNICA (HE DOM/FER);H
Eletromecânica;300586172;4083604;SUPERVISOR DE MECÂNICA (HE DOM/FER);H
Eletromecânica;201332350;4083605;SUPERVISOR DE MECÂNICA (INSALUBRIDADE);H
Eletromecânica;300534992;4083605;SUPERVISOR DE MECÂNICA (INSALUBRIDADE);H
Eletromecânica;300586172;4083605;SUPERVISOR DE MECÂNICA (INSALUBRIDADE);H
Eletromecânica;300745236;4083605;SUPERVISOR DE MECÂNICA (INSALUBRIDADE);H
Eletromecânica;201332350;4083606;SUPERVISOR DE MEC (PRERICULOSIDADE);H
Eletromecânica;300534992;4083606;SUPERVISOR DE MEC (PRERICULOSIDADE);H
Eletromecânica;300586172;4083606;SUPERVISOR DE MEC (PRERICULOSIDADE);H
Eletromecânica;300745236;4083606;SUPERVISOR DE MEC (PRERICULOSIDADE);H
Eletromecânica;300745236;4083607;ELETRICISTA DE MANUTENÇÃO (HORA NORMAL);H
Eletromecânica;300586172;4083607;ELETRICISTA DE MANUTENÇÃO (HORA NORMAL);H
Eletromecânica;201332350;4083607;ELETRICISTA DE MANUTENÇÃO (HORA NORMAL);H
Eletromecânica;201696666;4083607;ELETRICISTA DE MANUTENÇÃO (HORA NORMAL);H
Eletromecânica;300534992;4083607;ELETRICISTA DE MANUTENÇÃO (HORA NORMAL);H
Eletromecânica;200329822;4083607;ELETRICISTA DE MANUTENÇÃO (HORA NORMAL);H
Eletromecânica;300586172;4083608;ELETRICISTA DE MANUTENÇÃO (HORA NOT);H
Eletromecânica;201332350;4083608;ELETRICISTA DE MANUTENÇÃO (HORA NOT);H
Eletromecânica;300745236;4083608;ELETRICISTA DE MANUTENÇÃO (HORA NOT);H
Eletromecânica;300534992;4083608;ELETRICISTA DE MANUTENÇÃO (HORA NOT);H
Eletromecânica;201696666;4083608;ELETRICISTA DE MANUTENÇÃO (HORA NOT);H
Eletromecânica;300745236;4083609;ELETRICISTA DE MANUT. (HORA EXTRA SEM);H
Eletromecânica;300586172;4083609;ELETRICISTA DE MANUT. (HORA EXTRA SEM);H
Eletromecânica;201696666;4083609;ELETRICISTA DE MANUT. (HORA EXTRA SEM);H
Eletromecânica;201332350;4083609;ELETRICISTA DE MANUT. (HORA EXTRA SEM);H
Eletromecânica;300534992;4083609;ELETRICISTA DE MANUT. (HORA EXTRA SEM);H
Eletromecânica;200329822;4083609;ELETRICISTA DE MANUT. (HORA EXTRA SEM);H
Eletromecânica;201332350;4083610;ELETRICISTA DE MANUT. (HE DOM/FER);H
Eletromecânica;300745236;4083610;ELETRICISTA DE MANUT. (HE DOM/FER);H
Eletromecânica;300586172;4083610;ELETRICISTA DE MANUT. (HE DOM/FER);H
Eletromecânica;300534992;4083610;ELETRICISTA DE MANUT. (HE DOM/FER);H
Eletromecânica;201696666;4083610;ELETRICISTA DE MANUT. (HE DOM/FER);H
Eletromecânica;200329822;4083610;ELETRICISTA DE MANUT. (HE DOM/FER);H
Eletromecânica;300586172;4083611;INSTRUMENTISTA DE MANUT. (HORA NORMAL);H
Eletromecânica;201696666;4083611;INSTRUMENTISTA DE MANUT. (HORA NORMAL);H
Eletromecânica;300745236;4083611;INSTRUMENTISTA DE MANUT. (HORA NORMAL);H
Eletromecânica;201332350;4083611;INSTRUMENTISTA DE MANUT. (HORA NORMAL);H
Eletromecânica;300534992;4083611;INSTRUMENTISTA DE MANUT. (HORA NORMAL);H
Eletromecânica;300586172;4083612;INSTRUMENTISTA DE MANUTENÇÃO (HORA NOT);H
Eletromecânica;201332350;4083612;INSTRUMENTISTA DE MANUTENÇÃO (HORA NOT);H
Eletromecânica;300534992;4083612;INSTRUMENTISTA DE MANUTENÇÃO (HORA NOT);H
Eletromecânica;201897290;4089904;Supervisor Esp. Pátio de Sucata;TAG
Eletromecânica;201897290;4089900;MECANICO DE MANUTENÇÃO (DIA);TAG
Eletromecânica;201897290;4089901;CALDEIREIRO DE MANUTENÇÃO (DIA);TAG
Eletromecânica;201897290;4089902;ELETRICISTA DE MANUTENÇÃO (DIA);TAG
Eletromecânica;201897290;4088349;AJUDANTE DE MANUTENÇÃO (DIA);TAG
Eletromecânica;200485888;4069681;Hora Extra Técnico - 50% (Dias úteis da;H
Eletromecânica;300745236;4083612;INSTRUMENTISTA DE MANUTENÇÃO (HORA NOT);H
Eletromecânica;201696666;4083612;INSTRUMENTISTA DE MANUTENÇÃO (HORA NOT);H
Eletromecânica;300586172;4083613;INSTRUMENTISTA DE MANUT. (HE SEM);H
Eletromecânica;201696666;4083613;INSTRUMENTISTA DE MANUT. (HE SEM);H
Eletromecânica;300745236;4083613;INSTRUMENTISTA DE MANUT. (HE SEM);H
Eletromecânica;201332350;4083613;INSTRUMENTISTA DE MANUT. (HE SEM);H
Eletromecânica;300534992;4083613;INSTRUMENTISTA DE MANUT. (HE SEM);H
Eletromecânica;300586172;4083614;INSTRUM. DE MANUT. (HE DOM/FER);H
Eletromecânica;300745236;4083614;INSTRUM. DE MANUT. (HE DOM/FER);H
Eletromecânica;201696666;4083614;INSTRUM. DE MANUT. (HE DOM/FER);H
Eletromecânica;201332350;4083614;INSTRUM. DE MANUT. (HE DOM/FER);H
Eletromecânica;300534992;4083614;INSTRUM. DE MANUT. (HE DOM/FER);H
Eletromecânica;300745236;4083615;ENCARREGADO DE ELÉTRICA (HORA NORMAL);H
Eletromecânica;201332350;4083615;ENCARREGADO DE ELÉTRICA (HORA NORMAL);H
Eletromecânica;201696666;4083615;ENCARREGADO DE ELÉTRICA (HORA NORMAL);H
Eletromecânica;300534992;4083615;ENCARREGADO DE ELÉTRICA (HORA NORMAL);H
Eletromecânica;300586172;4083615;ENCARREGADO DE ELÉTRICA (HORA NORMAL);H
Eletromecânica;300425006;4059861;Sv Soldador (demanda Trimestral) H Adm;SV
Eletromecânica;300425006;4059862;Sv Caldeireiro (demanda Trimestral)H Adm;SV
Eletromecânica;300425006;4061392;Sv Encanador (demanda Mensal) H Adm;SV
Eletromecânica;300425006;4061393;Sv Encanador (demanda Quinzenal) H Adm;SV
Eletromecânica;300425006;4061394;Sv Encanador  (demanda Semanal) H Adm;SV
Eletromecânica;300425006;4061395;Sv Encanador (demanda Diária) H Adm;SV
Eletromecânica;300425006;4061396;Sv Encanador  (demanda Mensal) H Esp;SV
Eletromecânica;300425006;4061397;Sv Encanador (demanda Quinzenal) H Esp;SV
Eletromecânica;300425006;4061398;Sv Encanador  (demanda Semanal) H Esp;SV
Eletromecânica;300425006;4061399;Sv Encanador (demanda Diária) H Esp;SV
Eletromecânica;300425006;4061640;Sv Encanador H Adm HE 50%;SV
Eletromecânica;300425006;4061641;Sv Encanador H Adm HE 70%;SV
Eletromecânica;300425006;4061642;Sv Encanador H Adm HE 100%;SV
Eletromecânica;300425006;4061643;Sv Encanador  H Esp HE 50%;SV
Eletromecânica;300425006;4061644;Sv Encanador  H Esp HE 70%;SV
Eletromecânica;300425006;4061645;Sv Encanador  H Esp HE 100%;SV
Eletromecânica;300425006;4061646;Sv Motorista (demanda Mensal) H Adm;SV
Eletromecânica;300425006;4061647;Sv Ajudante Mot (demanda Mensal) H Adm;SV
Eletromecânica;300425006;4054307;Confecção Carrinho c/ trava rodas Log;SV
Eletromecânica;201332350;4083616;ENCARREGADO DE ELÉTRICA (HORA NOT);H
Eletromecânica;300534992;4083616;ENCARREGADO DE ELÉTRICA (HORA NOT);H
Eletromecânica;300586172;4083616;ENCARREGADO DE ELÉTRICA (HORA NOT);H
Eletromecânica;300745236;4083616;ENCARREGADO DE ELÉTRICA (HORA NOT);H
Eletromecânica;201696666;4083616;ENCARREGADO DE ELÉTRICA (HORA NOT);H
Eletromecânica;300745236;4083617;ENCARREGADO DE ELÉTRICA (HE SEM);H
Eletromecânica;201696666;4083617;ENCARREGADO DE ELÉTRICA (HE SEM);H
Eletromecânica;201332350;4083617;ENCARREGADO DE ELÉTRICA (HE SEM);H
Eletromecânica;300534992;4083617;ENCARREGADO DE ELÉTRICA (HE SEM);H
Eletromecânica;300586172;4083617;ENCARREGADO DE ELÉTRICA (HE SEM);H
Eletromecânica;201332350;4083618;ENCARREGADO DE ELÉTRICA (HE DOM/FER);H
Eletromecânica;300745236;4083618;ENCARREGADO DE ELÉTRICA (HE DOM/FER);H
Eletromecânica;201696666;4083618;ENCARREGADO DE ELÉTRICA (HE DOM/FER);H
Eletromecânica;300534992;4083618;ENCARREGADO DE ELÉTRICA (HE DOM/FER);H
Eletromecânica;300586172;4083618;ENCARREGADO DE ELÉTRICA (HE DOM/FER);H
Eletromecânica;201332350;4083619;SUPERVISOR DE ELÉTRICA (HORA NORMAL);H
Eletromecânica;300534992;4083619;SUPERVISOR DE ELÉTRICA (HORA NORMAL);H
Eletromecânica;300586172;4083619;SUPERVISOR DE ELÉTRICA (HORA NORMAL);H
Eletromecânica;300745236;4083619;SUPERVISOR DE ELÉTRICA (HORA NORMAL);H
Eletromecânica;201332350;4083620;SUPERVISOR DE ELÉTRICA (HORA NOT);H
Eletromecânica;300534992;4083620;SUPERVISOR DE ELÉTRICA (HORA NOT);H
Eletromecânica;300586172;4083620;SUPERVISOR DE ELÉTRICA (HORA NOT);H
Eletromecânica;300745236;4083620;SUPERVISOR DE ELÉTRICA (HORA NOT);H
Eletromecânica;201332350;4083621;SUPERVISOR DE ELÉTRICA (HORA EXTRA SEM);H
Eletromecânica;300534992;4083621;SUPERVISOR DE ELÉTRICA (HORA EXTRA SEM);H
Eletromecânica;300586172;4083621;SUPERVISOR DE ELÉTRICA (HORA EXTRA SEM);H
Eletromecânica;300745236;4083621;SUPERVISOR DE ELÉTRICA (HORA EXTRA SEM);H
Eletromecânica;201332350;4083622;SUPERVISOR DE ELÉTRICA (HE DOM/FER);H
Eletromecânica;300534992;4083622;SUPERVISOR DE ELÉTRICA (HE DOM/FER);H
Eletromecânica;300586172;4083622;SUPERVISOR DE ELÉTRICA (HE DOM/FER);H
Eletromecânica;300745236;4083622;SUPERVISOR DE ELÉTRICA (HE DOM/FER);H
Eletromecânica;300745236;4083623;TÉCNICO DE SEGURANÇA (HORA NORMAL);H
Eletromecânica;201332350;4083623;TÉCNICO DE SEGURANÇA (HORA NORMAL);H
Eletromecânica;300586172;4083623;TÉCNICO DE SEGURANÇA (HORA NORMAL);H
Eletromecânica;201696666;4083623;TÉCNICO DE SEGURANÇA (HORA NORMAL);H
Eletromecânica;200329822;4083623;TÉCNICO DE SEGURANÇA (HORA NORMAL);H
Eletromecânica;300534992;4083623;TÉCNICO DE SEGURANÇA (HORA NORMAL);H
Eletromecânica;201332350;4083624;TÉCNICO DE SEGURANÇA (HORA NOT);H
Eletromecânica;300745236;4083624;TÉCNICO DE SEGURANÇA (HORA NOT);H
Eletromecânica;300534992;4083624;TÉCNICO DE SEGURANÇA (HORA NOT);H
Eletromecânica;300586172;4083624;TÉCNICO DE SEGURANÇA (HORA NOT);H
Eletromecânica;201696666;4083624;TÉCNICO DE SEGURANÇA (HORA NOT);H
Eletromecânica;300745236;4083625;TÉCNICO DE SEGURANÇA (HORA EXTRA SEM);H
Eletromecânica;200488284;4097713;Projetista (HORA NORMAL);H
Eletromecânica;200488284;4097714;Retroativo ref. a Reoneração da folha;H
Eletromecânica;200488284;4098159;Projetista (HE SEM);H
Eletromecânica;200488284;4098270;Projetista (HORA NOT);H
Eletromecânica;200488284;4098271;Projetista (HE DOM/FER);H
Eletromecânica;200488284;4098273;Coordenador Andaimes (HORA NOT);H
Eletromecânica;201332350;4083625;TÉCNICO DE SEGURANÇA (HORA EXTRA SEM);H
Eletromecânica;200488284;4098945;EV - AJUDANTE (HE NOT SEG A SAB);H
Eletromecânica;200488284;4098971;EV - TECNICO DE SEGURANCA (HORA NORMAL);H
Eletromecânica;200488284;4098972;EV - TECNICO DE SEGURANCA (HORA NOT);H
Eletromecânica;200488284;4098973;EV - TÉCNICO SEGURANÇA(HE NOT SEG.SAB;H
Eletromecânica;200488284;4098974;EV - TÉCNICO SEGURANÇA(HE NOT DOM.FER;H
Eletromecânica;200488284;4098975;EV - TECNICO SEGURANCA(HE SEG A SAB);H
Eletromecânica;200488284;4098976;EV - TECNICO SEGURANCA(HE DOM e FER);H
Eletromecânica;200488284;4098978;EV - MECÂNICO MONTADOR (HORA NORMAL);H
Eletromecânica;200488284;4098979;EV - MECÂNICO MONTADOR (HORA NOT);H
Eletromecânica;200488284;4098980;EV - MECÂNICO MONT(HE NOT SEG A SAB);H
Eletromecânica;200488284;4098981;EV - MECÂNICO MONTADOR (HE NOT DOM/FER);H
Eletromecânica;200488284;4098982;EV - MECÂNICO MONTADOR (HE SEG A SAB);H
Eletromecânica;200488284;4098983;EV - MECÂNICO MONTADOR (HE DOM/FER);H
Eletromecânica;200488284;4098985;EV - ASS. PLANEJAMENTO (HORA NORMAL);H
Eletromecânica;200488284;4098986;EV - ASS. PLANEJAMENTO (HORA NOT);H
Eletromecânica;200488284;4098987;EV-ASS. PLANEJAMENTO (HE NOT SEG A SAB);H
Eletromecânica;200488284;4098988;EV - ASS. PLANEJAMENTO (HE NOT DOM/FER);H
Eletromecânica;200488284;4098989;EV - ASS. PLANEJAMENTO (HORA EXTRA SEM);H
Eletromecânica;200488284;4098990;EV - ASS. PLANEJAMENTO (HE DOM/FER);H
Eletromecânica;200488284;4098991;EV - TÉC. PLANEJAMENTO (HORA NORMAL);H
Eletromecânica;200488284;4098992;EV - TÉC. PLANEJAMENTO (HORA NOT);H
Eletromecânica;200488284;4098993;EV-TÉC. PLANEJAMENTO (HE NOT SEG A SAB);H
Eletromecânica;200488284;4098994;EV - TÉC. PLANEJAMENTO (HE NOT DOM/FER);H
Eletromecânica;200488284;4098995;EV - TÉC. PLANEJAMENTO (HE SEG A SAB);H
Eletromecânica;200488284;4098996;EV - TÉC. PLANEJAMENTO (HE DOM/FER);H
Eletromecânica;200488284;4098997;EV - MOTORISTA CAT. D (HORA NORMAL);H
Eletromecânica;200488284;4098998;EV - MOTORISTA CAT. D (HORA NOT);H
Eletromecânica;200488284;4098999;EV- MOTORISTA CAT. D (HE NOT SEG A SAB);H
Eletromecânica;200488284;4099000;EV - MOTORISTA CAT. D (HE NOT DOM/FER);H
Eletromecânica;200488284;4099001;EV - MOTORISTA CAT. D (HE SEG A SAB);H
Eletromecânica;200488284;4099002;EV - MOTORISTA CAT. D (HE DOM/FER);H
Eletromecânica;200488284;4099003;EV - Coordenador Andaimes (HORA NORMAL);H
Eletromecânica;200488284;4099004;EV - Projetista (HORA NORMAL);H
Eletromecânica;200488284;4099005;EV - Projetista (HE SEM);H
Eletromecânica;200488284;4099006;EV - Projetista (HORA NOT);H
Eletromecânica;200488284;4099007;EV - Projetista (HE DOM/FER);H
Eletromecânica;200488284;4099008;EV - Coordenador Andaimes (HE SEM);H
Eletromecânica;200488284;4099009;EV - Coordenador Andaimes (HORA NOT);H
Eletromecânica;200488284;4099010;EV - Coordenador Andaimes (HE DOM/FER);H
Eletromecânica;201696666;4083625;TÉCNICO DE SEGURANÇA (HORA EXTRA SEM);H
Eletromecânica;300586172;4083625;TÉCNICO DE SEGURANÇA (HORA EXTRA SEM);H
Eletromecânica;300534992;4083625;TÉCNICO DE SEGURANÇA (HORA EXTRA SEM);H
Eletromecânica;200329822;4083625;TÉCNICO DE SEGURANÇA (HORA EXTRA SEM);H
Eletromecânica;201332350;4083626;TÉCNICO DE SEGURANÇA (HE DOM/FER);H
Eletromecânica;300745236;4083626;TÉCNICO DE SEGURANÇA (HE DOM/FER);H
Eletromecânica;300586172;4083626;TÉCNICO DE SEGURANÇA (HE DOM/FER);H
Eletromecânica;300534992;4083626;TÉCNICO DE SEGURANÇA (HE DOM/FER);H
Eletromecânica;200329822;4083626;TÉCNICO DE SEGURANÇA (HE DOM/FER);H
Eletromecânica;201696666;4083626;TÉCNICO DE SEGURANÇA (HE DOM/FER);H
Eletromecânica;201332350;4083627;TÉCNICO DE SEGURANÇA (INSALUBRIDADE);H
Eletromecânica;300534992;4083627;TÉCNICO DE SEGURANÇA (INSALUBRIDADE);H
Eletromecânica;300586172;4083627;TÉCNICO DE SEGURANÇA (INSALUBRIDADE);H
Eletromecânica;300745236;4083627;TÉCNICO DE SEGURANÇA (INSALUBRIDADE);H
Eletromecânica;201332350;4083628;TÉCNICO DE SEGURANÇA (PRERICULOSIDADE);H
Eletromecânica;300534992;4083628;TÉCNICO DE SEGURANÇA (PRERICULOSIDADE);H
Eletromecânica;300586172;4083628;TÉCNICO DE SEGURANÇA (PRERICULOSIDADE);H
Eletromecânica;300745236;4083628;TÉCNICO DE SEGURANÇA (PRERICULOSIDADE);H
Eletromecânica;300534992;4083629;SUPERVISOR DE ELETROMECÂNICA (HH);H
Eletromecânica;201332350;4083629;SUPERVISOR DE ELETROMECÂNICA (HH);H
Eletromecânica;300745236;4083629;SUPERVISOR DE ELETROMECÂNICA (HH);H
Eletromecânica;300586172;4083629;SUPERVISOR DE ELETROMECÂNICA (HH);H
Eletromecânica;201696666;4083629;SUPERVISOR DE ELETROMECÂNICA (HH);H
Eletromecânica;200580006;4076690;MOBILIZAÇÃO INICIAL-INSTALAÇÃO CANTEIRO;SV
Eletromecânica;200580006;4102196;PROJETISTA (HORA EXTRA 70%);H
Eletromecânica;201332350;4083630;SUPERVISOR DE ELETROMECÂNICA (HORA NOT);H
Eletromecânica;300534992;4083630;SUPERVISOR DE ELETROMECÂNICA (HORA NOT);H
Eletromecânica;300586172;4083630;SUPERVISOR DE ELETROMECÂNICA (HORA NOT);H
Eletromecânica;300745236;4083630;SUPERVISOR DE ELETROMECÂNICA (HORA NOT);H
Eletromecânica;201696666;4083630;SUPERVISOR DE ELETROMECÂNICA (HORA NOT);H
Eletromecânica;200301748;4093139;SV TRECHO TRILHO 6M c/linha de vida;M
Eletromecânica;200301748;4093210;SV TRECHO TRILHO 12M c/linha de vida;M
Eletromecânica;200301748;4093211;SV TRECHO TRILHO 24M c/linha de vida;M
Eletromecânica;200301748;4093212;SV TRECHO TRILHO 36M c/linha de vida;M
Eletromecânica;200301748;4093213;SV TRECHO TRILHO 48M c/linha de vida;M
Eletromecânica;200301748;4093214;SV TRECHO TRILHO 60M c/linha de vida;M
Eletromecânica;200301748;4093215;SV TRECHO TRILHO 90M c/linha de vida;M
Eletromecânica;200301748;4093216;SV TRECHO TRILHO 132M c/linha de vida;M
Eletromecânica;200301748;4093217;SV TRECHO TRILHO ACIMA DE 180M c/linha d;M
Eletromecânica;200301748;4093218;SV TRECHO TRILHO ACIMA DE 181M c/linha d;M
Eletromecânica;200301748;4093219;SV TRECHO TRILHO 6M s/linha de vida;M
Eletromecânica;200301748;4093220;SV TRECHO TRILHO 12M s/linha de vida;M
Eletromecânica;200301748;4093221;SV TRECHO TRILHO 24M s/linha de vida;M
Eletromecânica;200301748;4093222;SV TRECHO TRILHO 36M s/linha de vida;M
Eletromecânica;200301748;4093223;SV TRECHO TRILHO 48M s/linha de vida;M
Eletromecânica;200301748;4093224;SV TRECHO TRILHO 60M s/linha de vida;M
Eletromecânica;200301748;4093225;SV TRECHO TRILHO 90M s/linha de vida;M
Eletromecânica;200301748;4093226;SV TRECHO TRILHO 132M s/linha de vida;M
Eletromecânica;200301748;4093227;SV TRECHO TRILHO ACIMA DE 180M s/linha d;M
Eletromecânica;200301748;4093228;SV TRECHO TRILHO ACIMA DE 181M s/linha d;M
Eletromecânica;201696666;4083631;SUPERVISOR DE ELETROMECÂNICA (HE SEM);H
Eletromecânica;300745236;4083631;SUPERVISOR DE ELETROMECÂNICA (HE SEM);H
Eletromecânica;300586172;4083631;SUPERVISOR DE ELETROMECÂNICA (HE SEM);H
Eletromecânica;201332350;4083631;SUPERVISOR DE ELETROMECÂNICA (HE SEM);H
Eletromecânica;200488746;4095644;Fabr.Painel reto carbono 10 tubo-1000 mm;SV
Eletromecânica;200488746;4095645;Fabr.Painel reto carbono 10 tubo-2000 mm;SV
Eletromecânica;200488746;4095646;Fabr.Painel reto carbono 10 tubo-3000 mm;SV
Eletromecânica;200488746;4095647;Fabr.Painel reto carbono 10 tubo-4000 mm;SV
Eletromecânica;200488746;4095648;Fabr.Painel reto carbono 10 tubo-5000 mm;SV
Eletromecânica;200488746;4095649;Fabr.Painel reto carbono 10 tubo-6000 mm;SV
Eletromecânica;200488746;4095650;Fabr.Painel reto INCONEL 10 tubo- 1000mm;SV
Eletromecânica;200488746;4095651;Fabr.Painel reto INCONEL 10 tubo- 2000mm;SV
Eletromecânica;200488746;4095652;Fabr.Painel reto INCONEL 10 tubo- 3000mm;SV
Eletromecânica;200488746;4095653;Fabr.Painel reto INCONEL 10 tubo- 4000mm;SV
Eletromecânica;200488746;4095654;Fabr.Painel reto INCONEL 10 tubo- 5000mm;SV
Eletromecânica;200488746;4095655;Fabr.Painel reto INCONEL 10 tubo- 6000mm;SV
Eletromecânica;200488746;4095657;Fabr.curva aço carbono 52° Até 1.000 mm;SV
Eletromecânica;200488746;4095659;Fabr.curva carbon coletor inf  ate1000mm;SV
Eletromecânica;200488746;4095660;Fabr.curva em INCONEL 38° Até 1000mm;SV
Eletromecânica;200488746;4095661;Fabr.curva em INCONEL 52° Até 1.000 mm;SV
Eletromecânica;200488746;4095662;Fabr.curva em INCONEL 90° Até 2.000 mm;SV
Eletromecânica;200488746;4095663;Fabr.curva INCONEL coletor inf até1000mm;SV
Eletromecânica;200488746;4095665;MONTAGEM Paineis isolados 2000mm AçoCarb;SV
Eletromecânica;200488746;4095667;MONTAGEM Paineis isolados 4000mm AçoCarb;SV
Eletromecânica;200488746;4095668;MONTAGEM Paineis isolados 5000mm AçoCarb;SV
Eletromecânica;200488746;4095670;MONTAGEM Paineis isolados 7500mm AçoCarb;SV
Eletromecânica;200488746;4095671;MONTAGEM Paineis isolados 1000mm INCONEL;SV
Eletromecânica;200488746;4095672;MONTAGEM Paineis isolados 2000mm INCONEL;SV
Eletromecânica;200488746;4095673;MONTAGEM Paineis isolados 3000mm INCONEL;SV
Eletromecânica;200488746;4095674;MONTAGEM Paineis isolados 4000mm INCONEL;SV
Eletromecânica;200488746;4095675;MONTAGEM Paineis isolados 5000mm INCONEL;SV
Eletromecânica;200488746;4095676;MONTAGEM Paineis isolados 6000mm INCONEL;SV
Eletromecânica;200488746;4095677;MONTAGEM Paineis isolados 7500mm INCONEL;SV
Eletromecânica;200488746;4095678;MONT.2 Paineis lad.a.lad 1000mm AçoCarbo;SV
Eletromecânica;200488746;4095679;MONT.2 Paineis lad.a.lad 2000mm AçoCarbo;SV
Eletromecânica;200488746;4095680;MONT.2 Paineis lad.a.lad 3000mm AçoCarbo;SV
Eletromecânica;200488746;4095681;MONT.2 Paineis lad.a.lad 4000mm AçoCarbo;SV
Eletromecânica;200488746;4095682;MONT.2 Paineis lad.a.lad 5000mm AçoCarbo;SV
Eletromecânica;200488746;4095684;MONT.2 Paineis lad.a.lad 7500mm AçoCarbo;SV
Eletromecânica;200488746;4095685;MONT.2 Paineis lad.a.lad 1000mm INCONEL;SV
Eletromecânica;200488746;4095686;MONT.2 Paineis lad.a.lad 2000mm INCONEL;SV
Eletromecânica;200488746;4095687;MONT.2 Paineis lad.a.lad 3000mm INCONEL;SV
Eletromecânica;200488746;4095688;MONT.2 Paineis lad.a.lad 4000mm INCONEL;SV
Eletromecânica;200488746;4095689;MONT.2 Paineis lad.a.lad 5000mm INCONEL;SV
Eletromecânica;200488746;4095690;MONT.2 Paineis lad.a.lad 6000mm INCONEL;SV
Eletromecânica;200488746;4095691;MONT.2 Paineis lad.a.lad 7500mm INCONEL;SV
Eletromecânica;200488746;4095692;MONT.2 Paineis sobreposto 1000mm AçoCarb;SV
Eletromecânica;200488746;4095693;MONT.2 Paineis sobreposto 2000mm AçoCarb;SV
Eletromecânica;200488746;4095694;MONT.2 Paineis sobreposto 3000mm AçoCarb;SV
Eletromecânica;200488746;4095695;MONT.2 Paineis sobreposto 4000mm AçoCarb;SV
Eletromecânica;200488746;4095696;MONT.2 Paineis sobreposto 5000mm AçoCarb;SV
Eletromecânica;200488746;4095697;MONT.2 Paineis sobreposto 6000mm AçoCarb;SV
Eletromecânica;200488746;4095698;MONT.2 Paineis sobreposto 7500mm AçoCarb;SV
Eletromecânica;200488746;4095699;MONT.2 Paineis sobreposto 1000mm INCONEL;SV
Eletromecânica;200488746;4095700;MONT.2 Paineis sobreposto 2000mm INCONEL;SV
Eletromecânica;200488746;4095701;MONT.2 Paineis sobreposto 3000mm INCONEL;SV
Eletromecânica;200488746;4095702;MONT.2 Paineis sobreposto 4000mm INCONEL;SV
Eletromecânica;200488746;4095703;MONT.2 Paineis sobreposto 5000mm INCONEL;SV
Eletromecânica;200488746;4095704;MONT.2 Paineis sobreposto 6000mm INCONEL;SV
Eletromecânica;200488746;4095705;MONT.2 Paineis sobreposto 7500mm INCONEL;SV
Eletromecânica;200488746;4095706;MONT.3 Pain.sobrep.e l.a.l 1000mm AçoCar;SV
Eletromecânica;200488746;4095707;MONT.3 Pain.sobrep.e l.a.l 2000mm AçoCar;SV
Eletromecânica;200488746;4095708;MONT.3 Pain.sobrep.e l.a.l 3000mm AçoCar;SV
Eletromecânica;200488746;4095709;MONT.3 Pain.sobrep.e l.a.l 4000mm AçoCar;SV
Eletromecânica;200488746;4095710;MONT.3 Pain.sobrep.e l.a.l 5000mm AçoCar;SV
Eletromecânica;200488746;4095711;MONT.3 Pain.sobrep.e l.a.l 6000mm AçoCar;SV
Eletromecânica;200488746;4095712;MONT.3 Pain.sobrep.e l.a.l 7500mm AçoCar;SV
Eletromecânica;200488746;4095713;MONT.3 Pain.sobrep.e l.a.l 1000mmINCONEL;SV
Eletromecânica;200488746;4095714;MONT.3 Pain.sobrep.e l.a.l 2000mmINCONEL;SV
Eletromecânica;200488746;4095715;MONT.3 Pain.sobrep.e l.a.l 3000mmINCONEL;SV
Eletromecânica;200488746;4095716;MONT.3 Pain.sobrep.e l.a.l 4000mmINCONEL;SV
Eletromecânica;200488746;4095717;MONT.3 Pain.sobrep.e l.a.l 5000mmINCONEL;SV
Eletromecânica;200488746;4095718;MONT.3 Pain.sobrep.e l.a.l 6000mmINCONEL;SV
Eletromecânica;200488746;4095719;MONT.3 Pain.sobrep.e l.a.l 7500mmINCONEL;SV
Eletromecânica;200488746;4095720;Subst. Painel 5 tubos 3000mm AçoCarbono;SV
Eletromecânica;200488746;4095722;Subst.Tubo solteiro 2000 mm Aço carbono;SV
Eletromecânica;200488746;4095723;Subst.Tubo solteiro 3000 mm Aço carbono;SV
Eletromecânica;200488746;4095725;Subst.Janela por tubo 60x30mm AçoCarbono;SV
Eletromecânica;200488746;4095726;Subst.Painel de 5 tubos 3000 mm INCONEL;SV
Eletromecânica;200488746;4095727;Subst.Tubo solteiro 1000 mm INCONEL;SV
Eletromecânica;200488746;4095728;Subst.Tubo solteiro 2000 mm INCONEL;SV
Eletromecânica;200488746;4095729;Subst.Tubo solteiro 3000 mm INCONEL;SV
Eletromecânica;200488746;4095730;Subst.Tubo solteiro 4000 mm INCONEL;SV
Eletromecânica;200488746;4095731;Subst.Janela por tubo 60x30mm INCONEL;SV
Eletromecânica;200488746;4095733;Subst.Tudo Solteiro 1500 mm Aço carbono;SV
Eletromecânica;200488746;4095734;Subst.Tudo Solteiro 2000 mm Aço carbono;SV
Eletromecânica;200488746;4095735;Subst.Tudo Solteiro 3000 mm Aço carbono;SV
Eletromecânica;200488746;4095736;Subst.Tudo Solteiro 4000 mm Aço carbono;SV
Eletromecânica;200488746;4095737;Subst.Tudo Solteiro 1000 mm ALLOY 690;SV
Eletromecânica;200488746;4095738;Subst.Tudo Solteiro 1500 mm ALLOY 690;SV
Eletromecânica;200488746;4095739;Subst.Tudo Solteiro 2000 mm ALLOY 690;SV
Eletromecânica;200488746;4095740;Subst.Tudo Solteiro 3000 mm ALLOY 690;SV
Eletromecânica;200488746;4095741;Subst.Tudo Solteiro 4000 mm ALLOY 690;SV
Eletromecânica;200488746;4095746;Subst.Até 50 curvas INCONEL;SV
Eletromecânica;200488746;4095747;Subst.De 51 a 100 curvas INCONEL;SV
Eletromecânica;200488746;4095748;Subst.Acima de 100 curvas INCONEL;SV
Eletromecânica;200488746;4095751;Reves.Solda Overlay até100x60mm INCONEL;SV
Eletromecânica;200488746;4095752;Reves.Solda Overlay até100x60mm INOX;SV
Eletromecânica;200488746;4095753;Reves.Solda Overlay até100x60mm ALLOY;SV
Eletromecânica;200488746;4095756;Reves.MetroL. Aleta  INOX(até 1000mm);SV
Eletromecânica;200488746;4095757;Reves.MetroL. Aleta ALLOY (até 1000mm);SV
Eletromecânica;200488746;4095760;Revisar travamento do Capuz Fixo;SV
Eletromecânica;200488746;4096500;Administrativo Hr. Normal;SV
Eletromecânica;200488746;4096501;Almoxarife Hr. Normal;SV
Eletromecânica;200488746;4096505;Encanador Int. Caldeira Hr. Normal;SV
Eletromecânica;200488746;4096508;Encarregado de Solda Hr. Normal;SV
Eletromecânica;200488746;4096509;Engenheiro Campo Hr. Normal;SV
Eletromecânica;200488746;4096510;Engenheiro Coordenador Hr. Normal;SV
Eletromecânica;200488746;4096511;Funileiro / Isolador Hr. Normal;SV
Eletromecânica;200488746;4096513;Laminador Hr. Normal;SV
Eletromecânica;200488746;4096515;Mecânico Manut. Hr. Normal;SV
Eletromecânica;200488746;4096517;Montador de Andaime Hr. Normal;SV
Eletromecânica;200488746;4096518;Motorista Hr. Normal;SV
Eletromecânica;200488746;4096520;Pintor / Jatista Hr. Normal;SV
Eletromecânica;200488746;4096521;Planejador Hr. Normal;SV
Eletromecânica;200488746;4096522;Soldador MIG / ER Hr. Normal;SV
Eletromecânica;200488746;4096523;Soldador Int. Caldeira Hr. Normal;SV
Eletromecânica;200488746;4096528;Topógrafo Hr. Normal;SV
Eletromecânica;200488746;4096529;Administrativo Hr. Extras 75%;SV
Eletromecânica;200488746;4096530;Almoxarife Hr. Extras 75%;SV
Eletromecânica;200488746;4096532;Eletricista Hr. Extras 75%;SV
Eletromecânica;200488746;4096534;Encanador Int. Caldeira HE 75%;SV
Eletromecânica;200488746;4096537;Encarregado de Solda Hr. Extras 75%;SV
Eletromecânica;200488746;4096538;Engenheiro Campo Hr. Extras 75%;SV
Eletromecânica;200488746;4096539;Engenheiro Coordenador Hr. Extras 75%;SV
Eletromecânica;200488746;4096540;Funileiro / Isolador Hr. Extras 75%;SV
Eletromecânica;200488746;4096542;Laminador Hr. Extras 75%;SV
Eletromecânica;200488746;4096544;Mecânico Manut. Hr. Extras 75%;SV
Eletromecânica;200488746;4096546;Montador de Andaime Hr. Extras 75%;SV
Eletromecânica;200488746;4096547;Motorista Hr. Extras 75%;SV
Eletromecânica;200488746;4096548;Operador de guincho / Munck HE 75%;SV
Eletromecânica;200488746;4096549;Pintor / Jatista Hr. Extras 75%;SV
Eletromecânica;200488746;4096550;Planejador Hr. Extras 75%;SV
Eletromecânica;200488746;4096551;Soldador MIG / ER Hr. Extras 75%;SV
Eletromecânica;200488746;4096552;Soldador Int. Caldeira Hr. Extras 75%;SV
Eletromecânica;200488746;4096554;Supervisor Hr. Extras 75%;SV
Eletromecânica;200488746;4096556;Técnico Seg. Trabalho Hr. Extras 75%;SV
Eletromecânica;200488746;4096557;Topógrafo Hr. Extras 75%;SV
Eletromecânica;200488746;4096558;Administrativo Hr. Extras 100%;SV
Eletromecânica;200488746;4096559;Almoxarife Hr. Extras 100%;SV
Eletromecânica;200488746;4096561;Eletricista Hr. Extras 100%;SV
Eletromecânica;200488746;4096563;Encanador Int. Caldeira HE 100%;SV
Eletromecânica;200488746;4096566;Encarregado de Solda Hr. Extras 100%;SV
Eletromecânica;200488746;4096567;Engenheiro Campo Hr. Extras 100%;SV
Eletromecânica;200488746;4096568;Engenheiro Coordenador HE 100%;SV
Eletromecânica;200488746;4096569;Funileiro / Isolador Hr. Extras 100%;SV
Eletromecânica;200488746;4096571;Laminador Hr. Extras 100%;SV
Eletromecânica;200488746;4096573;Mecânico Manut. Hr. Extras 100%;SV
Eletromecânica;200488746;4096575;Montador de Andaime Hr. Extras 100%;SV
Eletromecânica;200488746;4096576;Motorista Hr. Extras 100%;SV
Eletromecânica;200488746;4096577;Operador de guincho/Munck HE 100%;SV
Eletromecânica;200488746;4096578;Pintor / Jatista Hr. Extras 100%;SV
Eletromecânica;200488746;4096579;Planejador Hr. Extras 100%;SV
Eletromecânica;200488746;4096580;Soldador MIG / ER Hr. Extras 100%;SV
Eletromecânica;200488746;4096581;Soldador Int. Caldeira HE 100%;SV
Eletromecânica;200488746;4096584;Técnico Materiais Hr. Extras 100%;SV
Eletromecânica;200488746;4096586;Topógrafo Hr. Extras 100%;SV
Eletromecânica;200488746;4096587;Administrativo Ad. Noturno 30,0%;SV
Eletromecânica;200488746;4096588;Almoxarife Ad. Noturno 30,0%;SV
Eletromecânica;200488746;4096590;Eletricista Ad. Noturno 30,0%;SV
Eletromecânica;200488746;4096592;Encanador Int. Caldeira Ad.Not 30%;SV
Eletromecânica;200488746;4096594;Encarregado Mecânica Ad.Not 30%;SV
Eletromecânica;200488746;4096595;Encarregado de Solda Ad.Not 30%;SV
Eletromecânica;200488746;4096596;Engenheiro Campo Ad. Noturno 30,0%;SV
Eletromecânica;200488746;4096597;Engenheiro Coordenador Ad.Not 30%;SV
Eletromecânica;200488746;4096598;Funileiro / Isolador Ad. Noturno 30%;SV
Eletromecânica;200488746;4096600;Laminador Ad. Noturno 30,0%;SV
Eletromecânica;200488746;4096602;Mecânico Manut. Ad. Noturno 30,0%;SV
Eletromecânica;200488746;4096604;Montador de Andaime Ad. Noturno 30,0%;SV
Eletromecânica;200488746;4096605;Motorista Ad. Noturno 30,0%;SV
Eletromecânica;200488746;4096607;Pintor / Jatista Ad. Noturno 30,0%;SV
Eletromecânica;200488746;4096608;Planejador Ad. Noturno 30,0%;SV
Eletromecânica;200488746;4096609;Soldador MIG / ER Ad. Noturno 30,0%;SV
Eletromecânica;200488746;4096610;Soldador Int. Caldeira Ad. Not 30%;SV
Eletromecânica;200488746;4096613;Técnico Materiais Ad. Noturno 30,0%;SV
Eletromecânica;200488746;4096615;Topógrafo Ad. Noturno 30,0%;SV
Eletromecânica;200488746;4096617;Andaimes dia x m3;SV
Eletromecânica;200488746;4096618;Biseladeira Pneumática HORA;SV
Eletromecânica;200488746;4096619;Bomba para teste hidrostático HORA;SV
Eletromecânica;200488746;4096622;Carreta 25 t. HORA;SV
Eletromecânica;200488746;4096623;Container escrit./almox/vesti. HORA;SV
Eletromecânica;200488746;4096624;Container sanitário HORA;SV
Eletromecânica;200488746;4096625;"Curvador para tubos até Ø 3"" HORA";SV
Eletromecânica;200488746;4096626;Empilhadeira HORA;SV
Eletromecânica;200488746;4096627;Esmerilhadeira (Retífica Ponta) HORA;SV
Eletromecânica;200488746;4096628;Estufa portátil cochicho (3 kg) HORA;SV
Eletromecânica;200488746;4096629;"Furadeira elét.portátil até 5/8"" HORA";SV
Eletromecânica;200488746;4096630;Grua 12 t. à 20m HORA;SV
Eletromecânica;200488746;4096631;Grua 20 t. à 20m HORA;SV
Eletromecânica;200488746;4096632;Guindaste Hidr. 250 t. HORA;SV
Eletromecânica;200488746;4096633;Guindaste Hidr. 100 t. HORA;SV
Eletromecânica;200488746;4096634;Guindaste Hidr. 160 t. HORA;SV
Eletromecânica;200488746;4096635;Guindaste Hidr. 25 t. HORA;SV
Eletromecânica;200488746;4096636;Guindaste Hidr. 60 t. HORA;SV
Eletromecânica;200488746;4096637;Guindaste Hidr. 90 t. HORA;SV
Eletromecânica;200488746;4096638;Guindaste Hidr. Tadano 22 t. HORA;SV
Eletromecânica;200488746;4096639;Guindaste Hidr. Tadano 50 t. HORA;SV
Eletromecânica;200488746;4096640;Guindaste Trel. 110 t. HORA;SV
Eletromecânica;200488746;4096641;Guindaste Trel. 200 t. HORA;SV
Eletromecânica;200488746;4096642;Guindaste Trel. 250 t. HORA;SV
Eletromecânica;200488746;4096643;Guindaste Trel. 450 t. HORA;SV
Eletromecânica;200488746;4096644;Linha Eixo c/cavalo(2 x 4 eixos)HORA;SV
Eletromecânica;200488746;4096645;"Lixadeira 4½"" HORA";SV
Eletromecânica;200488746;4096646;"Lixadeira 7"" HORA";SV
Eletromecânica;200488746;4096647;Macaco Hidráulico até 25 ton HORA;SV
Eletromecânica;200488746;4096648;Maçarico Completo HORA;SV
Eletromecânica;200488746;4096649;Máquina de Solda HORA;SV
Eletromecânica;200488746;4096650;Megger HORA;SV
Eletromecânica;200488746;4096651;Multímetro/Alicate volt-amperí.HORA;SV
Eletromecânica;200488746;4096652;"Parafusadeira Pneum.encaixe 1"" HORA";SV
Eletromecânica;200488746;4096653;Quadro Elétrico 440/220V HORA;SV
Eletromecânica;200488746;4096654;Radio Walk Talk HORA;SV
Eletromecânica;200488746;4096655;"Rosqueadeira Elé.535T até 2"" HORA";SV
Eletromecânica;200488746;4096656;Talha catraca 0,75 ton HORA;SV
Eletromecânica;200488746;4096657;Talha catraca 1,5 ton HORA;SV
Eletromecânica;200488746;4096658;"Tarracha Manual até Ø 2"" HORA";SV
Eletromecânica;200488746;4096659;Tirfor  1,5 ton HORA;SV
Eletromecânica;200488746;4096660;Tirfor até 3 ton HORA;SV
Eletromecânica;200488746;4096661;Tocha TIG completa HORA;SV
Eletromecânica;200488746;4096662;Toldo p/ pipe-shop/inst. Provi. HORA;SV
Eletromecânica;200488746;4096663;Veículo Leve  Diária;SV
Eletromecânica;200488746;4123516;Pgto Pleito Financeiro Dez/24;SV
Eletromecânica;201696666;4097028;SV-MAN SIST DESP ELETRICISTA HE(SEG/SAB);H
Eletromecânica;201696666;4097032;SV-MAN SIST DESP COORD CONTR HE(SEG/SAB);H
Eletromecânica;201696666;4097034;SV- MAN SIST DESP SUP. ESP. HE(DOM/FER);H
Eletromecânica;201696666;4097035;SV- MAN SIST DESP TEC SEG. HE (DOM/FER);H
Eletromecânica;201696666;4097036;SV-MAN SIST DESP ELETRICISTA HE(DOM/FER);H
Eletromecânica;201696666;4097040;SV-MAN SIST DESP COORD.CONTR.HE(DOM/FER);H
Eletromecânica;201696666;4097041;SV-MAN SIST DESP ANALIS. ADM.HE(DOM/FER);H
Eletromecânica;201696666;4097042;SV- MAN SIST DESP SUP. ESP. ADIC. NOT.;H
Eletromecânica;201696666;4097043;SV- MAN SIST DESP TEC SEG. ADIC. NOT.;H
Eletromecânica;201696666;4097044;SV- MAN SIST DESP ELETRICISTA ADIC.NOT.;H
Eletromecânica;201696666;4097048;SV- MAN SIST DESP COORD CONTR. ADIC.NOT;H
Eletromecânica;201696666;4097049;SV- MAN SIST DESP ANALISTA ADM. ADIC.NOT;H
Eletromecânica;201696666;4097052;SV- MAN SIST DESP - MOB/DESMOB. ELETR.;SV
Eletromecânica;201696666;4097053;SV- MAN SIST DESP - MOB/DESMOB. ENG ESP.;SV
Eletromecânica;201696666;4097054;SV- MAN SIST DESP - MOB/DESMOB. PROG.;SV
Eletromecânica;201696666;4097055;SV- MAN SIST DESP MECANICO.;H
Eletromecânica;201696666;4097056;SV- MAN SIST DESP SOLDADOR.;H
Eletromecânica;201696666;4097057;SV- MAN SIST DESP ELETRICISTA.;H
Eletromecânica;201696666;4097058;SV- MAN SIST DESP ENG. ESPECIALISTA;H
Eletromecânica;201696666;4097059;SV- MAN SIST DESP PROGRAMADOR.;H
Eletromecânica;201696666;4097060;SV- MAN SIST DESP MECANICO HE (SEG/SAB);H
Eletromecânica;201696666;4097061;SV- MAN SIST DESP SOLDADOR HE (SEG/SAB);H
Eletromecânica;201696666;4097062;SV- MAN SIST DESP ELETR. HE (SEG/SAB);H
Eletromecânica;201696666;4097063;SV- MAN SIST DESP ENG. ESP. HE (SEG/SAB);H
Eletromecânica;201696666;4097064;SV- MAN SIST DESP PROG. HE (SEG/SAB);H
Eletromecânica;201696666;4097065;SV- MAN SIST DESP MECANICO HE (DOM/FER);H
Eletromecânica;201696666;4097066;SV- MAN SIST DESP SOLDADOR HE (DOM/FER);H
Eletromecânica;201696666;4097067;SV- MAN SIST DESP ELETRIC. HE (DOM/FER);H
Eletromecânica;201696666;4097068;SV- MAN SIST DESP ENG. ESP. HE (DOM/FER);H
Eletromecânica;201696666;4097069;SV- MAN SIST DESP PROG. HE (DOM/FER.);H
Eletromecânica;201696666;4097070;SV- MAN SIST DESP MECANICO. ADIC. NOT.;H
Eletromecânica;201696666;4097071;SV- MAN SIST DESP SOLDADOR. ADIC. NOT.;H
Eletromecânica;201696666;4097072;SV- MAN SIST DESP ELETR. ADIC. NOT.;H
Eletromecânica;201696666;4097073;SV- MAN SIST DESP ENG. ESP. ADIC. NOT.;H
Eletromecânica;201696666;4097074;SV- MAN SIST DESP PROG. ADIC. NOT.;H
Eletromecânica;201536318;4062387;Sv Eletricista HN Adm;H
Eletromecânica;201536318;4062388;Sv Soldador HN Adm;H
Eletromecânica;201536318;4062389;Sv Instalador HN Adm;H
Eletromecânica;201536318;4062700;Sv Supervisor HN Adm;H
Eletromecânica;201536318;4062701;Sv Eletricista HE 70%;H
Eletromecânica;201536318;4062702;Sv Soldador HE 70%;H
Eletromecânica;201536318;4062703;Sv Instalador HE 70%;H
Eletromecânica;201536318;4062704;Sv Supervisor HE 70%;H
Eletromecânica;201536318;4062705;Sv Eletricista  HE 100%;H
Eletromecânica;201536318;4062706;Sv Soldador HE 100%;H
Eletromecânica;201536318;4062707;Sv Instalador HE 100%;H
Eletromecânica;201536318;4062708;Sv Supervisor HE 100%;H
Eletromecânica;300534992;4083631;SUPERVISOR DE ELETROMECÂNICA (HE SEM);H
Eletromecânica;201332350;4083632;SUP. DE ELETROMECÂNICA (HE DOM/FER);H
Eletromecânica;300534992;4083632;SUP. DE ELETROMECÂNICA (HE DOM/FER);H
Eletromecânica;300745236;4083632;SUP. DE ELETROMECÂNICA (HE DOM/FER);H
Eletromecânica;300586172;4083632;SUP. DE ELETROMECÂNICA (HE DOM/FER);H
Eletromecânica;300745236;4083633;COORDENADOR DE CONTRATO  (HORA NORMAL);H
Eletromecânica;201696666;4083633;COORDENADOR DE CONTRATO  (HORA NORMAL);H
Eletromecânica;201332350;4083633;COORDENADOR DE CONTRATO  (HORA NORMAL);H
Eletromecânica;300534992;4083633;COORDENADOR DE CONTRATO  (HORA NORMAL);H
Eletromecânica;300586172;4083633;COORDENADOR DE CONTRATO  (HORA NORMAL);H
Eletromecânica;201332350;4083634;COORDENADOR DE CONTRATO  (HORA NOT);H
Eletromecânica;300534992;4083634;COORDENADOR DE CONTRATO  (HORA NOT);H
Eletromecânica;300586172;4083634;COORDENADOR DE CONTRATO  (HORA NOT);H
Eletromecânica;300745236;4083634;COORDENADOR DE CONTRATO  (HORA NOT);H
Eletromecânica;201536318;4093363;MOB DESMOB PARADA COSIGUA;SV
Eletromecânica;201536318;4123183;Tec Especialista (demanda Diária) H Adm;SV
Eletromecânica;201536318;4123184;Tec Especialista (demanda Diária) H Esp;SV
Eletromecânica;201536318;4123185;Tec Especialista (demanda Diária) HE 50%;H
Eletromecânica;201536318;4123186;Tec Especialista (demanda Diária) HE 70%;H
Eletromecânica;201536318;4123187;Tec Especialista (demanda Diária) HE100%;H
Eletromecânica;201696666;4083634;COORDENADOR DE CONTRATO  (HORA NOT);H
Eletromecânica;300745236;4083635;COORD. DE CONTRATO  (HORA EXTRA SEM);H
Eletromecânica;201332350;4083635;COORD. DE CONTRATO  (HORA EXTRA SEM);H
Eletromecânica;300534992;4083635;COORD. DE CONTRATO  (HORA EXTRA SEM);H
Eletromecânica;300586172;4083635;COORD. DE CONTRATO  (HORA EXTRA SEM);H
Eletromecânica;300745236;4083636;COORD. DE CONTRATO  (HE DOM/FER);H
Eletromecânica;201332350;4083636;COORD. DE CONTRATO  (HE DOM/FER);H
Eletromecânica;300534992;4083636;COORD. DE CONTRATO  (HE DOM/FER);H
Eletromecânica;300586172;4083636;COORD. DE CONTRATO  (HE DOM/FER);H
Eletromecânica;201332350;4083637;COORD. DE CONTRATO  (INSALUBRIDADE);H
Eletromecânica;300534992;4083637;COORD. DE CONTRATO  (INSALUBRIDADE);H
Eletromecânica;300586172;4083637;COORD. DE CONTRATO  (INSALUBRIDADE);H
Eletromecânica;300745236;4083637;COORD. DE CONTRATO  (INSALUBRIDADE);H
Eletromecânica;201332350;4083638;COORD. DE CONTRATO  (PRERICULOSIDADE);H
Eletromecânica;300534992;4083638;COORD. DE CONTRATO  (PRERICULOSIDADE);H
Eletromecânica;300586172;4083638;COORD. DE CONTRATO  (PRERICULOSIDADE);H
Eletromecânica;300745236;4083638;COORD. DE CONTRATO  (PRERICULOSIDADE);H
Eletromecânica;300745236;4083639;ENGENHEIRO DE SEGURANÇA (HORA NORMAL);H
Eletromecânica;201332350;4083639;ENGENHEIRO DE SEGURANÇA (HORA NORMAL);H
Eletromecânica;300534992;4083639;ENGENHEIRO DE SEGURANÇA (HORA NORMAL);H
Eletromecânica;300586172;4083639;ENGENHEIRO DE SEGURANÇA (HORA NORMAL);H
Eletromecânica;201332350;4083640;ENGENHEIRO DE SEGURANÇA (HORA NOT);H
Eletromecânica;300534992;4083640;ENGENHEIRO DE SEGURANÇA (HORA NOT);H
Eletromecânica;300586172;4083640;ENGENHEIRO DE SEGURANÇA (HORA NOT);H
Eletromecânica;300745236;4083640;ENGENHEIRO DE SEGURANÇA (HORA NOT);H
Eletromecânica;201332350;4083641;ENG. DE SEGURANÇA (HE SEM);H
Eletromecânica;300534992;4083641;ENG. DE SEGURANÇA (HE SEM);H
Eletromecânica;300586172;4083641;ENG. DE SEGURANÇA (HE SEM);H
Eletromecânica;300745236;4083641;ENG. DE SEGURANÇA (HE SEM);H
Eletromecânica;201332350;4083642;ENG. DE SEGURANÇA (HE DOM/FER);H
Eletromecânica;300534992;4083642;ENG. DE SEGURANÇA (HE DOM/FER);H
Eletromecânica;300586172;4083642;ENG. DE SEGURANÇA (HE DOM/FER);H
Eletromecânica;300745236;4083642;ENG. DE SEGURANÇA (HE DOM/FER);H
Eletromecânica;201332350;4083643;ENGENHEIRO DE SEGURANÇA (INSALUBRIDADE);H
Eletromecânica;300534992;4083643;ENGENHEIRO DE SEGURANÇA (INSALUBRIDADE);H
Eletromecânica;300586172;4083643;ENGENHEIRO DE SEGURANÇA (INSALUBRIDADE);H
Eletromecânica;300745236;4083643;ENGENHEIRO DE SEGURANÇA (INSALUBRIDADE);H
Eletromecânica;201332350;4083644;ENG. DE SEGURANÇA (PRERICULOSIDADE);H
Eletromecânica;300534992;4083644;ENG. DE SEGURANÇA (PRERICULOSIDADE);H
Eletromecânica;300586172;4083644;ENG. DE SEGURANÇA (PRERICULOSIDADE);H
Eletromecânica;300745236;4083644;ENG. DE SEGURANÇA (PRERICULOSIDADE);H
Eletromecânica;300745236;4083645;PROGRAMADOR (HORA NORMAL);H
Eletromecânica;201332350;4083645;PROGRAMADOR (HORA NORMAL);H
Eletromecânica;300586172;4083645;PROGRAMADOR (HORA NORMAL);H
Eletromecânica;201696666;4083645;PROGRAMADOR (HORA NORMAL);H
Eletromecânica;300534992;4083645;PROGRAMADOR (HORA NORMAL);H
Eletromecânica;201332350;4083646;PROGRAMADOR (HORA NOT);H
Eletromecânica;300534992;4083646;PROGRAMADOR (HORA NOT);H
Eletromecânica;300586172;4083646;PROGRAMADOR (HORA NOT);H
Eletromecânica;300745236;4083646;PROGRAMADOR (HORA NOT);H
Eletromecânica;201696666;4083646;PROGRAMADOR (HORA NOT);H
Eletromecânica;300745236;4083647;PROGRAMADOR (HORA EXTRA SEM);H
Eletromecânica;201332350;4083647;PROGRAMADOR (HORA EXTRA SEM);H
Eletromecânica;300586172;4083647;PROGRAMADOR (HORA EXTRA SEM);H
Eletromecânica;201696666;4083647;PROGRAMADOR (HORA EXTRA SEM);H
Eletromecânica;300534992;4083647;PROGRAMADOR (HORA EXTRA SEM);H
Eletromecânica;201332350;4083648;PROGRAMADOR (HORA EXTRA DOM/FER);H
Eletromecânica;300745236;4083648;PROGRAMADOR (HORA EXTRA DOM/FER);H
Eletromecânica;300534992;4083648;PROGRAMADOR (HORA EXTRA DOM/FER);H
Eletromecânica;300586172;4083648;PROGRAMADOR (HORA EXTRA DOM/FER);H
Eletromecânica;201696666;4083648;PROGRAMADOR (HORA EXTRA DOM/FER);H
Eletromecânica;201332350;4083649;PROGRAMADOR (INSALUBRIDADE);H
Eletromecânica;300534992;4083649;PROGRAMADOR (INSALUBRIDADE);H
Eletromecânica;300586172;4083649;PROGRAMADOR (INSALUBRIDADE);H
Eletromecânica;300745236;4083649;PROGRAMADOR (INSALUBRIDADE);H
Eletromecânica;201332350;4083650;PROGRAMADOR (PRERICULOSIDADE);H
Eletromecânica;300534992;4083650;PROGRAMADOR (PRERICULOSIDADE);H
Eletromecânica;300586172;4083650;PROGRAMADOR (PRERICULOSIDADE);H
Eletromecânica;300745236;4083650;PROGRAMADOR (PRERICULOSIDADE);H
Eletromecânica;201788980;4083718;MOBILIZAÇÃO E DESMOBILIZAÇÃO (UNITÁRIO);SV
Eletromecânica;300034784;4083718;MOBILIZAÇÃO E DESMOBILIZAÇÃO (UNITÁRIO);SV
Eletromecânica;200488284;4083718;MOBILIZAÇÃO E DESMOBILIZAÇÃO (UNITÁRIO);SV
Eletromecânica;300745236;4083718;MOBILIZAÇÃO E DESMOBILIZAÇÃO (UNITÁRIO);SV
Eletromecânica;300745236;4117954;Tecnico Eletricista TURNO (HORA NORMAL);H
Eletromecânica;300745236;4117955;Tecnico Eletricista TURNO (HE SEM);H
Eletromecânica;300745236;4117957;Tecnico Eletricista TURNO (HE DOM/FER);H
Eletromecânica;300745236;4120220;Tecnico Eletricista TURNO (HORA NOTURNA);H
Eletromecânica;300745236;4117958;Inspetor Eletromecanica (HORA NORMAL);H
Eletromecânica;300745236;4117959;Inspetor Eletromecanica (HE SEM);H
Eletromecânica;300745236;4118620;Inspetor Eletromecanica (HE DOM/FER);H
Eletromecânica;300745236;4119769;Inspetor Eletromecanica (HORA NOTURNA);H
Eletromecânica;300745236;4119912;PICK UP 4x4 + COMBUSTIVEL;MON
Eletromecânica;300745236;4089905;REPARO DA CALDEIRA OB GV1 E GV4;SV
Eletromecânica;300745236;4091680;REFORMA LPE – JULHO/2024;SV
Eletromecânica;300745236;4090119;PINTOR (HORA EXTRA SEM);H
Eletromecânica;300745236;4090120;PINTOR (HORA EXTRA DOM/FER);H
Eletromecânica;300745236;4090121;PINTOR (INSALUBRIDADE);MON
Eletromecânica;300745236;4090122;PINTOR (PRERICULOSIDADE);MON
Eletromecânica;300745236;4090931;INSPETOR DE END;TAG
Eletromecânica;300745236;4090932;INSPETOR DE ENSAIO ULTRASOM;TAG
Eletromecânica;300745236;4092660;ENCARREGADO MAN. ELETROMECÂNICA;SV
Eletromecânica;300745236;4092661;ENCARREGADO ELETRO HORA EXTRA (SEG-SAB);H
Eletromecânica;300745236;4092662;ENCARREGADO ELETRO HORA EXTRA (DOM/FER);H
Eletromecânica;300745236;4092663;ENCARREGADO ELETRO HORA NOTURNA;H
Eletromecânica;300745236;4092664;ENCARREGADO ELETRO - MOB EVENTUAL;SV
Eletromecânica;300745236;4100207;RETROATIVO TRANSPORTE;SV
Eletromecânica;300745236;4100208;AJUDANTE DE MANUT. (HE NOT DOM/FER);H
Eletromecânica;300745236;4100210;SOLDADOR MAÇARIQUEIRO (HE NOT DOM/FER);H
Eletromecânica;300745236;4100211;SUPERVISOR DE MECÂNICA (HE NOT DOM/FER);H
Eletromecânica;300745236;4100213;INSTRUM. DE MANUT. (HE NOT DOM/FER);H
Eletromecânica;300745236;4100215;SUPERVISOR DE ELÉTRICA (HE NOT DOM/FER);H
Eletromecânica;300745236;4100216;TÉCNICO DE SEGURANÇA (HE NOT DOM/FER);H
Eletromecânica;300745236;4100217;SUP. DE ELETROMECÂNICA (HE NOT DOM/FER);H
Eletromecânica;300745236;4100218;COORD. DE CONTRATO  (HE NOT DOM/FER);H
Eletromecânica;300745236;4100219;ENG. DE SEGURANÇA (HE NOT DOM/FER);H
Eletromecânica;300745236;4100220;PROGRAMADOR (HE NOT DOM/FER);H
Eletromecânica;300745236;4100221;PINTOR (HE NOT DOM/FER);H
Eletromecânica;300745236;4100222;MONTADOR (HE NOT DOM e FER);H
Eletromecânica;300745236;4100223;ENCARREGADO ELETRO HORA EXTRA NOT (DOM/F;H
Eletromecânica;300745236;4100224;Tecnico Eletromecanica  (HE NOT DOM/FER);H
Eletromecânica;300745236;4100226;Aux. Almoxarifado  (HE NOT DOM/FER);H
Eletromecânica;300745236;4102119;MOBILIZAÇÃO CANTEIRO PIPE SHOP;SV
Eletromecânica;300745236;4117012;AJUDANTE MANUTENÇÃO (HE NOT SEG A SAB);H
Eletromecânica;300745236;4117017;SOLDADOR MAÇARIQUEIRO (HE NOT SEG A SAB);H
Eletromecânica;300745236;4117023;INSTRUMENTISTA MANUT (HE NOT SEG A SAB);H
Eletromecânica;300745236;4117025;SUPERVISOR ELÉTRICA (HE NOT SEG A SAB);H
Eletromecânica;300745236;4117027;SUPERVISOR ELETROMEC (HE NOT SEG A SAB);H
Eletromecânica;300745236;4117028;COORDENADOR CONTRATO (HE NOT SEG A SAB);H
Eletromecânica;300745236;4117029;ENGENHEIRO SEGURANÇA (HE NOT SEG A SAB);H
Eletromecânica;300745236;4117030;PROGRAMADOR (HE NOTURNA SEG A SAB);H
Eletromecânica;300745236;4117031;PINTOR (HORA EXTRA NOTURNA SEG A SAB);H
Eletromecânica;300745236;4117032;ENCARREGADO ELETROMEC (HE NOT SEG A SAB);H
Eletromecânica;300745236;4120529;LOCAÇÃO DE TENDA 8X8;SV
Eletromecânica;300745236;4099117;Líder Solda (INSALUBRE);H
Eletromecânica;300745236;4089050;AJUDANTE (HORA NORMAL);H
Eletromecânica;300745236;4089051;AJUDANTE (HORA NOT);H
Eletromecânica;300745236;4089052;AJUDANTE (HORA EXTRA NOTURNA SEG A SAB);H
Eletromecânica;300745236;4089053;AJUDANTE (HORA EXTRA NOTURNA DOM.FER);H
Eletromecânica;300745236;4089054;AJUDANTE (HORA EXTRA SEG A SAB);H
Eletromecânica;300745236;4089055;AJUDANTE (HORA EXTRA DOM e FER);H
Eletromecânica;300745236;4089056;AJUDANTE (PERICULOSIDADE MENSAL);SV
Eletromecânica;300745236;4089059;MONTADOR (HORA EXTRA NOTURNA SEG A SAB);H
Eletromecânica;300745236;4089060;MONTADOR (HORA EXTRA NOTURNA DOM.FER);H
Eletromecânica;300745236;4089063;MONTADOR (PERICULOSIDADE MENSAL);SV
Eletromecânica;300745236;4089064;MONTADOR LIDER (HORA NORMAL);H
Eletromecânica;300745236;4089065;MONTADOR LIDER (HORA NOT);H
Eletromecânica;300745236;4089066;MONTADOR LIDER(HORA EXTRA NOT SEG A SAB);H
Eletromecânica;300745236;4089067;MONTADOR LIDER(HORA EXTRA NOT DOM.FER);H
Eletromecânica;300745236;4089068;MONTADOR LIDER (HORA EXTRA SEG A SAB);H
Eletromecânica;300745236;4089069;MONTADOR LIDER (HE DOM e FER);H
Eletromecânica;300745236;4089070;MONTADOR LIDER (PERICULOSIDADE MENSAL);SV
Eletromecânica;300745236;4089073;ENCARREGADO (HORA EXTRA NOTURNA SEG.SAB);H
Eletromecânica;300745236;4089074;ENCARREGADO (HORA EXTRA NOTURNA DOM.FER);H
Eletromecânica;300745236;4089077;ENCARREGADO (PERICULOSIDADE MENSAL);SV
Eletromecânica;300745236;4089079;TECNICO DE SEGURANCA (HORA NOT);H
Eletromecânica;300745236;4089080;TÉCNICO SEGURANÇA(HORA EXTRA NOT SEG.SAB;H
Eletromecânica;300745236;4089081;TÉCNICO SEGURANÇA(HORA EXTRA NOT DOM.FER;H
Eletromecânica;300745236;4089082;TECNICO SEGURANCA(HORA EXTRA SEG A SAB);H
Eletromecânica;300745236;4089083;TECNICO SEGURANCA(HORA EXTRA DOM e FER);H
Eletromecânica;300745236;4089084;TECNICO SEGURANCA(PERICULOSIDADE MENSAL);SV
Eletromecânica;300745236;4089754;AJUDANTE DE MANUTENÇÃO (HORA NORMAL);H
Eletromecânica;300745236;4089755;AJUDANTE DE MANUTENÇÃO (HORA NOT);H
Eletromecânica;300745236;4089756;AJUDANTE DE MANUT. (HORA EXTRA SEMANAL);H
Eletromecânica;300745236;4089757;AJUDANTE DE MANUT. (HORA EXTRA DOM/FER);H
Eletromecânica;300745236;4089758;AJUDANTE DE MANUTENÇÃO (INSALUBRIDADE);H
Eletromecânica;300745236;4089759;AJUDANTE DE MANUT. (PRERICULOSIDADE);H
Eletromecânica;300745236;4089763;MECÂNICO DE MANUT. (HORA EXTRA DOM/FER);H
Eletromecânica;300745236;4089764;MECÂNICO DE MANUTENÇÃO (INSALUBRIDADE);H
Eletromecânica;300745236;4089765;MECÂNICO DE MANUT. (PRERICULOSIDADE);H
Eletromecânica;300745236;4089769;MECÂNICO ESPECIALIZADO (HE DOM/FER);H
Eletromecânica;300745236;4089770;MECÂNICO DE MANUTENÇÃO (INSALUBRIDADE);H
Eletromecânica;300745236;4089771;MECÂNICO DE MANUT. (PRERICULOSIDADE);H
Eletromecânica;300745236;4089774;MECÂNICO CALDEREIRO (HORA EXTRA SEM);H
Eletromecânica;300745236;4089775;MECÂNICO CALDEREIRO (HE DOM/FER);H
Eletromecânica;300745236;4089776;MECÂNICO DE MANUTENÇÃO (INSALUBRIDADE);H
Eletromecânica;300745236;4089777;MECÂNICO DE MANUT. (PRERICULOSIDADE);H
Eletromecânica;300745236;4089779;SOLDADOR MAÇARIQUEIRO (HORA NOT);H
Eletromecânica;300745236;4089781;SOLDADOR MAÇARIQUEIRO (HE DOM/FER);H
Eletromecânica;300745236;4089782;SOLDADOR MAÇARIQUEIRO (INSALUBRIDADE);H
Eletromecânica;300745236;4089783;SOLDADOR MAÇARIQUEIRO (PRERICULOSIDADE);H
Eletromecânica;300745236;4089786;SOLDADOR (HORA EXTRA SEM);H
Eletromecânica;300745236;4089787;SOLDADOR (HORA EXTRA DOM/FER);H
Eletromecânica;300745236;4089788;SOLDADOR (INSALUBRIDADE);H
Eletromecânica;300745236;4089789;SOLDADOR (PRERICULOSIDADE);H
Eletromecânica;300745236;4089790;SOLDADOR 6G (HORA NORMAL);H
Eletromecânica;300745236;4089791;SOLDADOR 6G (HORA NOT);H
Eletromecânica;300745236;4089792;SOLDADOR 6G (HORA EXTRA SEM);H
Eletromecânica;300745236;4089793;SOLDADOR 6G (HORA EXTRA DOM/FER);H
Eletromecânica;300745236;4089794;SOLDADOR 6G (INSALUBRIDADE);H
Eletromecânica;300745236;4089795;SOLDADOR 6G (PRERICULOSIDADE);H
Eletromecânica;300745236;4089797;ENCARREGADO DE MECÂNICA (HORA NOT);H
Eletromecânica;300745236;4089799;ENCARREGADO DE MECÂNICA (HE DOM/FER);H
Eletromecânica;300745236;4089800;ENCARREGADO DE MECÂNICA (INSALUBRIDADE);H
Eletromecânica;300745236;4089801;ENC.DE MECÂNICA (PRERICULOSIDADE);H
Eletromecânica;300745236;4089802;SUPERVISOR DE MECÂNICA (HORA NORMAL);H
Eletromecânica;300745236;4089803;SUPERVISOR DE MECÂNICA (HORA NOT);H
Eletromecânica;300745236;4089805;SUPERVISOR DE MECÂNICA (HE DOM/FER);H
Eletromecânica;300745236;4089806;SUPERVISOR DE MECÂNICA (INSALUBRIDADE);H
Eletromecânica;300745236;4089807;SUPERVISOR DE MEC (PRERICULOSIDADE);H
Eletromecânica;300745236;4089808;ELETRICISTA DE MANUTENÇÃO (HORA NORMAL);H
Eletromecânica;300745236;4089809;ELETRICISTA DE MANUTENÇÃO (HORA NOT);H
Eletromecânica;300745236;4089810;ELETRICISTA DE MANUT. (HORA EXTRA SEM);H
Eletromecânica;300745236;4089811;ELETRICISTA DE MANUT. (HE DOM/FER);H
Eletromecânica;300745236;4089812;INSTRUMENTISTA DE MANUT. (HORA NORMAL);H
Eletromecânica;300745236;4089813;INSTRUMENTISTA DE MANUTENÇÃO (HORA NOT);H
Eletromecânica;300745236;4089814;INSTRUMENTISTA DE MANUT. (HE SEM);H
Eletromecânica;300745236;4089815;INSTRUM. DE MANUT. (HE DOM/FER);H
Eletromecânica;300745236;4089816;ENCARREGADO DE ELÉTRICA (HORA NORMAL);H
Eletromecânica;300745236;4089817;ENCARREGADO DE ELÉTRICA (HORA NOT);H
Eletromecânica;300745236;4089818;ENCARREGADO DE ELÉTRICA (HE SEM);H
Eletromecânica;300745236;4089819;ENCARREGADO DE ELÉTRICA (HE DOM/FER);H
Eletromecânica;300745236;4089820;SUPERVISOR DE ELÉTRICA (HORA NORMAL);H
Eletromecânica;300745236;4089821;SUPERVISOR DE ELÉTRICA (HORA NOT);H
Eletromecânica;300745236;4089822;SUPERVISOR DE ELÉTRICA (HORA EXTRA SEM);H
Eletromecânica;300745236;4089823;SUPERVISOR DE ELÉTRICA (HE DOM/FER);H
Eletromecânica;300745236;4089828;ENCARREGADO MECÂNICA (INSALUBRIDADE);H
Eletromecânica;300745236;4089829;ENCARREGADO MECÂNICA (PRERICULOSIDADE);H
Eletromecânica;300745236;4089830;SUPERVISOR DE ELETROMECÂNICA (HH);H
Eletromecânica;300745236;4089831;SUPERVISOR DE ELETROMECÂNICA (HORA NOT);H
Eletromecânica;300745236;4089832;SUPERVISOR DE ELETROMECÂNICA (HE SEM);H
Eletromecânica;300745236;4089833;SUP. DE ELETROMECÂNICA (HE DOM/FER);H
Eletromecânica;300745236;4089834;COORDENADOR DE CONTRATO  (HORA NORMAL);H
Eletromecânica;300745236;4089835;COORDENADOR DE CONTRATO  (HORA NOT);H
Eletromecânica;300745236;4089836;COORD. DE CONTRATO  (HORA EXTRA SEM);H
Eletromecânica;300745236;4089837;COORD. DE CONTRATO  (HE DOM/FER);H
Eletromecânica;300745236;4089838;COORD. DE CONTRATO  (INSALUBRIDADE);H
Eletromecânica;300745236;4089839;COORD. DE CONTRATO  (PRERICULOSIDADE);H
Eletromecânica;300745236;4089840;ENGENHEIRO DE SEGURANÇA (HORA NORMAL);H
Eletromecânica;300745236;4089841;ENGENHEIRO DE SEGURANÇA (HORA NOT);H
Eletromecânica;300745236;4089842;ENG. DE SEGURANÇA (HE SEM);H
Eletromecânica;300745236;4089843;ENG. DE SEGURANÇA (HE DOM/FER);H
Eletromecânica;300745236;4089844;ENGENHEIRO DE SEGURANÇA (INSALUBRIDADE);H
Eletromecânica;300745236;4089845;ENG. DE SEGURANÇA (PRERICULOSIDADE);H
Eletromecânica;300745236;4089846;PROGRAMADOR (HORA NORMAL);H
Eletromecânica;300745236;4089847;PROGRAMADOR (HORA NOT);H
Eletromecânica;300745236;4089848;PROGRAMADOR (HORA EXTRA SEM);H
Eletromecânica;300745236;4089849;PROGRAMADOR (HORA EXTRA DOM/FER);H
Eletromecânica;300745236;4089850;PROGRAMADOR (INSALUBRIDADE);H
Eletromecânica;300745236;4089851;PROGRAMADOR (PRERICULOSIDADE);H
Eletromecânica;200488812;4101819;ENGENHEIRO(A) DE SEG (HORA NOTURNA);H
Eletromecânica;200488812;4101822;ENGENHEIRO(A) DE SEG (HE NOT SEG.SAB;H
Eletromecânica;200488812;4101823;ENGENHEIRO(A) DE SEG (HE NOT DOM.FER;H
Eletromecânica;200488812;4101828;PLANEJADOR(A) (HE NOT SEG.SAB;H
Eletromecânica;200488812;4101829;PLANEJADOR(A) (HE NOT DOM.FER;H
Eletromecânica;200488812;4101839;PERICULOSIDADE AJUDANTE;SV
Eletromecânica;200488812;4101840;PERICULOSIDADE MONTADOR(A);SV
Eletromecânica;200488812;4101841;PERICULOSIDADE MONTADOR(A) LÍDER;SV
Eletromecânica;200488812;4101842;PERICULOSIDADE ENCARREGADO(A);SV
Eletromecânica;200488812;4101843;PERICULOSIDADE SUPERVISOR(A);SV
Eletromecânica;200488812;4101844;PERICULOSIDADE PROJETISTA;SV
Eletromecânica;200488812;4101845;VERBA ÚNICA MONTAGEM DO CANTEIRO;SV
Eletromecânica;200488812;4113341;CUSTO IND. EVENTUAL >60 ATÉ 90 PESSOAS;SV
Eletromecânica;200488812;4113340;VERBA MENSAL PARA MANUTENÇÃO DO CANTEIRO;SV
Eletromecânica;201696666;4115512;SUPERVISOR DE ELETROMEC (HE DOM/FER);H
Eletromecânica;201696666;4115510;COORDENADOR DE CONTRATO (HORA EXTRA SEM);H
Eletromecânica;201696666;4115511;COORDENADOR DE CONTRATO (HE DOM/FER);H
Eletromecânica;201696666;4115524;MOB/DESMOB EVENTUAL TÉCNICO DE SEGURANÇA;SV
Eletromecânica;201696666;4115525;MOB/DESMOB EVENTUAL SUPERVISOR ELETROMEC;SV
Eletromecânica;201696666;4115526;MOB/DESMOB EVENTUAL SOLD. MAÇARIQUEIRO;SV
Eletromecânica;201696666;4115527;MOB/DESMOB EVENTUAL SOLDADOR;SV
Eletromecânica;201696666;4115528;MOB/DESMOB EVENTUAL PROGRAMADOR;SV
Eletromecânica;201696666;4115529;MOB/DESMOB EVENTUAL MEC. DE MANUTENÇÃO;SV
Eletromecânica;201696666;4115530;MOB/DESMOB EVENTUAL INSTRUMENTISTA MANUT;SV
Eletromecânica;201696666;4115531;MOB/DESMOB EVENTUAL ENCARREGADO MECÂNICA;SV
Eletromecânica;201696666;4113362;MOB/DESMOB EVENTUAL ENCARREGADO ELÉTRICA;SV
Eletromecânica;201696666;4115532;MOB/DESMOB EVENTUAL ELETRICISTA MANUT.;SV
Eletromecânica;201696666;4115533;MOB/DESMOB EVENTUAL COORDENADOR CONTRATO;SV
Eletromecânica;201696666;4122065;MALÃO DE FERRAMENTA (Aço Carbono 1040);SV
Eletromecânica;201696666;4122066;MOB/DESMOB EVENTUAL ALMOXARIFE;SV
Eletromecânica;201696666;4122069;ALMOXARIFE (HORA NOT);H
Eletromecânica;201696666;4122271;ALMOXARIFE (HORA EXTRA SEM);H
Eletromecânica;201696666;4122272;ALMOXARIFE (HORA EXTRA DOM/FER);H
Eletromecânica;300733820;4120524;SERVIÇO AUT/ELETR HORA EXTRA SEG A SEXTA;H
Eletromecânica;300733820;4120527;SERVIÇO AUT/ELETR HE SÁB, DOM E FERIADOS;H
Eletromecânica;300733820;4120528;SERVIÇO AUT/ELETR TREINAMENTO EXTERNO;H
Eletromecânica;200379772;4052153;SV MOB DESMOB;SV
Eletromecânica;201332350;4088188;TORNEIRO ADM (HORA NORMAL);H
Eletromecânica;201332350;4088189;TORNEIRO ADM (HORA NOT);H
Eletromecânica;201332350;4090041;MECÂNICO DE REFRIGERAÇÃO (HORA NORMAL);H
Eletromecânica;201332350;4090042;MECÂNICO DE REFRIGERAÇÃO (HORA NOT);H
Eletromecânica;300534992;4090042;MECÂNICO DE REFRIGERAÇÃO (HORA NOT);H
Eletromecânica;201332350;4090043;MECÂNICO REFRIGERAÇÃO (HORA EXTRA SEM);H
Eletromecânica;300534992;4090043;MECÂNICO REFRIGERAÇÃO (HORA EXTRA SEM);H
Eletromecânica;201332350;4090044;MECÂNICO REFRIGERAÇÃO (HE DOM/FER);H
Eletromecânica;300534992;4090044;MECÂNICO REFRIGERAÇÃO (HE DOM/FER);H
Eletromecânica;201332350;4090045;MECÂNICO DE REFRIGERAÇÃO (INSALUBRIDADE);MON
Eletromecânica;201332350;4090046;MECÂNICO REFRIGERAÇÃO (PRERICULOSIDADE);MON
Eletromecânica;201332350;4090060;TORNEIRO ADM (HORA EXTRA SEM);H
Eletromecânica;201332350;4090061;TORNEIRO ADM (HORA EXTRA DOM/FER);H
Eletromecânica;201332350;4090062;TORNEIRO ADM (INSALUBRIDADE);MON
Eletromecânica;201332350;4090063;TORNEIRO ADM (PRERICULOSIDADE);MON
Eletromecânica;201332350;4090064;ALOCADOR (HORA NORMAL);H
Eletromecânica;201332350;4090065;ALOCADOR (HORA NOT);H
Eletromecânica;201332350;4090066;ALOCADOR (HORA EXTRA SEM);H
Eletromecânica;201332350;4090067;ALOCADOR (HORA EXTRA DOM/FER);H
Eletromecânica;201332350;4090068;ALOCADOR (INSALUBRIDADE);MON
Eletromecânica;201332350;4090069;ALOCADOR (PRERICULOSIDADE);MON
Eletromecânica;201332350;4090070;ADMINISTRATIVO (HORA NORMAL);H
Eletromecânica;300534992;4090070;ADMINISTRATIVO (HORA NORMAL);H
Eletromecânica;201332350;4090071;ADMINISTRATIVO (HORA NOT);H
Eletromecânica;300534992;4090071;ADMINISTRATIVO (HORA NOT);H
Eletromecânica;201332350;4090072;ADMINISTRATIVO (HORA EXTRA SEM);H
Eletromecânica;300534992;4090072;ADMINISTRATIVO (HORA EXTRA SEM);H
Eletromecânica;201332350;4090073;ADMINISTRATIVO (HORA EXTRA DOM/FER);H
Eletromecânica;300534992;4090073;ADMINISTRATIVO (HORA EXTRA DOM/FER);H
Eletromecânica;201332350;4090074;ADMINISTRATIVO (INSALUBRIDADE);H
Eletromecânica;201332350;4090075;ADMINISTRATIVO (PRERICULOSIDADE);MON
Eletromecânica;201332350;4090076;ASS. PLANEJAMENTO (HORA NORMAL);H
Eletromecânica;200488284;4090076;ASS. PLANEJAMENTO (HORA NORMAL);H
Eletromecânica;201332350;4090078;ASS. PLANEJAMENTO (HORA NOT);H
Eletromecânica;200488284;4090078;ASS. PLANEJAMENTO (HORA NOT);H
Eletromecânica;201332350;4090079;ASS. PLANEJAMENTO (HORA EXTRA SEM);H
Eletromecânica;200488284;4090079;ASS. PLANEJAMENTO (HORA EXTRA SEM);H
Eletromecânica;201332350;4090080;ASS. PLANEJAMENTO (HORA EXTRA DOM/FER);H
Eletromecânica;200488284;4090080;ASS. PLANEJAMENTO (HORA EXTRA DOM/FER);H
Eletromecânica;201332350;4090082;ASS. PLANEJAMENTO (HORA EXTRA DOM/FER);MON
Eletromecânica;201332350;4090083;ASS.PLANEJAMENTO (PRERICULOSIDADE);MON
Eletromecânica;201332350;4090213;ARTIFICE CIVIL (HORA NORMAL);H
Eletromecânica;201332350;4090214;ARTIFICE CIVIL (HORA NOTURNA);H
Eletromecânica;201332350;4090215;ARTIFICE CIVIL (HORA EXTRA SEMANAL);H
Eletromecânica;201332350;4090216;ARTIFICE CIVIL (HORA EXTRA DOM/FER);H
Eletromecânica;201332350;4090217;ARTIFICE CIVIL (INSALUBRIDADE);MON
Eletromecânica;201332350;4090218;ARTIFICE CIVIL (PERICULOSIDADE);MON
Eletromecânica;201332350;4090243;TELHADISTA N1 (HORA NORMAL);H
Eletromecânica;201332350;4090244;TELHADISTA N1 (HORA NOTURNA);H
Eletromecânica;201332350;4090245;TELHADISTA N1 (HORA EXTRA SEMANAL);H
Eletromecânica;201332350;4090246;TELHADISTA N1 (HORA EXTRA DOM/FER);H
Eletromecânica;201332350;4090247;TELHADISTA N1 (INSALUBRIDADE);MON
Eletromecânica;201332350;4090248;TELHADISTA N1 (PERICULOSIDADE);MON
Eletromecânica;201332350;4090249;TELHADISTA N2 (HORA NORMAL);H
Eletromecânica;201332350;4090250;TELHADISTA N2 (HORA NOTURNA);H
Eletromecânica;201332350;4090251;TELHADISTA N2 (HORA EXTRA SEMANAL);H
Eletromecânica;201332350;4090252;TELHADISTA N2 (HORA EXTRA DOM/FER);H
Eletromecânica;201332350;4090253;TELHADISTA N2 (INSALUBRIDADE);MON
Eletromecânica;201332350;4090254;TELHADISTA N2 (PERICULOSIDADE);MON
Eletromecânica;300139484;4090327;HORA 05:00 as 22:00 SAB;H
Eletromecânica;300139484;4090331;HORA NOTURNA 22:00 as 05:00 SEG A SÁB;SV
Eletromecânica;300139484;4090332;HORÁRIO DE SUPERVISÃO diária;SV
Eletromecânica;300139484;4090333;HOSPEDAGEM (Pernoite);SV
Eletromecânica;300139484;4090334;REFEIÇÃO (Por refeição);SV
Eletromecânica;300139484;4090335;TRANSLADO (por Km);SV
Eletromecânica;200488284;4090880;ASS. PLANEJAMENTO (HE NOT SEG A SAB);H
Eletromecânica;200488284;4090881;ASS. PLANEJAMENTO (HE NOT DOM/FER);H
Eletromecânica;200488284;4090882;MECÂNICO MONTADOR (HORA NORMAL);H
Eletromecânica;200488284;4090883;MECÂNICO MONTADOR (HORA NOT);H
Eletromecânica;200488284;4090884;MECÂNICO MONTADOR (HE NOT SEG A SAB);H
Eletromecânica;200488284;4090885;MECÂNICO MONTADOR (HE NOT DOM/FER);H
Eletromecânica;200488284;4090886;MECÂNICO MONTADOR (HORA EXTRA SEG A SAB);H
Eletromecânica;200488284;4090887;MECÂNICO MONTADOR (HORA EXTRA DOM/FER);H
Eletromecânica;200488284;4090888;MECÂNICO MONTADOR (PERICULOSIDADE);H
Eletromecânica;200488284;4090889;TÉC. PLANEJAMENTO (HORA NORMAL);H
Eletromecânica;200488284;4090890;TÉC. PLANEJAMENTO (HORA NOT);H
Eletromecânica;200488284;4090891;TÉC. PLANEJAMENTO (HE NOT SEG A SAB);H
Eletromecânica;200488284;4090892;TÉC. PLANEJAMENTO (HE NOTURNA DOM/FER);H
Eletromecânica;200488284;4090893;TÉC. PLANEJAMENTO (HORA EXTRA SEG A SAB);H
Eletromecânica;200488284;4090894;TÉC. PLANEJAMENTO (HORA EXTRA DOM/FER);H
Eletromecânica;200488284;4090896;MOTORISTA CAT. D (HORA NORMAL);H
Eletromecânica;200488284;4090897;MOTORISTA CAT. D (HORA NOT);H
Eletromecânica;200488284;4090898;MOTORISTA CAT. D (HE NOTURNA SEG A SAB);H
Eletromecânica;200488284;4090899;MOTORISTA CAT. D (HE NOTURNA DOM/FER);H
Eletromecânica;200488284;4090900;MOTORISTA CAT. D (HORA EXTRA SEG A SAB);H
Eletromecânica;200488284;4090901;MOTORISTA CAT. D (HORA EXTRA DOM/FER);H
Eletromecânica;300015652;4093277;Instalação de linhas de vida em ponte;SV
Eletromecânica;300745236;4093431;Tecnico Eletromecanica  (HORA NORMAL);H
Eletromecânica;300745236;4093433;Tecnico Eletromecanica  (HORA NOT);H
Eletromecânica;300745236;4093434;Tecnico Eletromecanica  (HE SEM);H
Eletromecânica;300745236;4093435;Tecnico Eletromecanica  (HE DOM/FER);H
Eletromecânica;300745236;4093438;VAN C MOTORISTA E COMB;MON
Eletromecânica;201696666;4093438;VAN C MOTORISTA E COMB;MON
Eletromecânica;300745236;4093439;PICK UP 4x2 + COMBUSTIVEL;MON
Eletromecânica;201696666;4093439;PICK UP 4x2 + COMBUSTIVEL;MON
Eletromecânica;300745236;4093440;SUP ELETROMECÂNICA (HN);H
Eletromecânica;300745236;4093441;SUP ELETROMECÂNICA (HORA NOT);H
Eletromecânica;300745236;4093442;SUP ELETROMECÂNICA (HORA EXTRA SEM);H
Eletromecânica;300745236;4093443;SUP ELETROMECÂNICA  (HE DOM/FER);H
Eletromecânica;200580006;4093449;Pagamento Retroativo;H
Eletromecânica;200488284;4093449;Pagamento Retroativo;H
Eletromecânica;300745236;4095144;AJUDANTE DE CIVIL HORA NORMAL;H
Eletromecânica;300745236;4095145;AJUDANTE DE CIVIL ADN 20%;H
Eletromecânica;300745236;4095146;AJUDANTE DE CIVIL HE SEM 50%;H
Eletromecânica;300745236;4095147;AJUDANTE DE CIVIL HE DOM/FER 100%;H
Eletromecânica;300745236;4096349;AJUDANTE - HORA PERICULOSA 100%;H
Eletromecânica;300745236;4096351;AJUDANTE - HORA INSALUBRE 100%;H
Eletromecânica;300745236;4097133;Retroativo Canteiro Sinergia;MON
Eletromecânica;300745236;4097134;Retroativo Engenheiro de Segurança;MON
Eletromecânica;300745236;4097135;Retroativo Pickup 4x2 (Sinergia);MON
Eletromecânica;300745236;4097136;Retroativo Auxiliar de Almox. (Sinergia);MON
Eletromecânica;300745236;4098155;Aux. Almoxarifado  (HORA NORMAL);H
Eletromecânica;300745236;4098156;Aux. Almoxarifado  (HE SEM);H
Eletromecânica;300745236;4098158;Aux. Almoxarifado  (HE DOM/FER);H
Eletromecânica;200789692;4099267;Veículo adicional;SV
Eletromecânica;200789692;4099268;Sobreaviso diário por técnico;SV
Eletromecânica;300586172;4099619;Diferença do Reajuste Ref à Maio/25;SV
Eletromecânica;201332350;4099619;Diferença do Reajuste Ref à Maio/25;SV
Eletromecânica;201332350;4099690;Retroativo Reoneração da folha + Reaj;H
Eletromecânica;300586172;4099690;Retroativo Reoneração da folha + Reaj;H
Eletromecânica;300745236;4100202;MECÂNICO ESPECIALIZADO (HE NOT DOM/FER);H
Eletromecânica;300745236;4100203;MECÂNICO DE MANUT. (HE NOT DOM/FER);H
Eletromecânica;300745236;4100204;SOLDADOR (HE NOT DOM/FER);H
Eletromecânica;300745236;4100206;ENCARREGADO DE MECÂNICA (HE NOT DOM/FER);H
Eletromecânica;300745236;4100225;SUP ELETROMECÂNICA  (HE NOT DOM/FER);H
Eletromecânica;200379772;4100727;CONSULTORIA ELETROELETRONIC- HN;H
Eletromecânica;300534992;4100871;AJUDANTE DE REFRIGERAÇÃO (HORA NORMAL);H
Eletromecânica;300534992;4100872;AJUDANTE DE REFRIGERAÇÃO (HORA NOT);H
Eletromecânica;300534992;4100873;AJUDANTE DE REFRIGERAÇÃO (HE SEM);H
Eletromecânica;300534992;4100874;AJUDANTE DE REFRIGERAÇÃO (HE DOM E FER);H
Eletromecânica;300015652;4101165;Instalação linhas de vida ponte SAB/DOM;SV
Eletromecânica;300015652;4101166;Instalação linhas de vida em ponte(MAT);SV
Eletromecânica;300015652;4101167;Instalação linhas de vida em ponte(SV);SV
Eletromecânica;300745236;4101210;TRANSPORTE JULHO NPE;SV
Eletromecânica;300534992;4101462;PINTOR (HORA NORMAL);H
Eletromecânica;300534992;4101463;PINTOR (HORA NOT);H
Eletromecânica;300534992;4101464;PINTOR (HORA EXTRA SEM);H
Eletromecânica;300534992;4101465;PINTOR (HORA EXTRA DOM/FER);H
Eletromecânica;300534992;4101466;PINTOR (INSALUBRIDADE);H
Eletromecânica;300534992;4101467;PINTOR (PRERICULOSIDADE);H
Eletromecânica;300534992;4101468;MOB EQUIPE FIXA-SOLDADOR;SV
Eletromecânica;300534992;4101469;MOB EQUIPE FIXA-ELETRICISTA;SV
Eletromecânica;300534992;4101630;MOB EQUIPE FIXA-SUPERVISOR MEC;SV
Eletromecânica;300534992;4101631;MOB EQUIPE FIXA-MECANICO MANU;SV
Eletromecânica;300534992;4101632;MOB EQUIPE FIXA-AUX ADM;SV
Eletromecânica;300534992;4101633;MOB EQUIPE FIXA-TST;SV
Eletromecânica;300534992;4101634;DESMOB EQUIPE FIXA-SOLDADOR;SV
Eletromecânica;300534992;4101635;DESMOB EQUIPE FIXA-ELETRICISTA;SV
Eletromecânica;300534992;4101636;DESMOB EQUIPE FIXA-SUPERVISOR MEC;SV
Eletromecânica;300534992;4101637;DESMOB EQUIPE FIXA-MECANICO MANU;SV
Eletromecânica;300534992;4101638;DESMOB EQUIPE FIXA-AUX ADM;SV
Eletromecânica;300534992;4101639;DESMOB EQUIPE FIXA-TST;SV
Eletromecânica;300534992;4101640;MOB EQUIPE EVENTUAL-SOLDADOR;SV
Eletromecânica;300534992;4101641;MOB EQUIPE EVENTUAL-ELETRICISTA;SV
Eletromecânica;300534992;4101642;MOB EQUIPE EVENTUAL-SUPERVISOR MEC;SV
Eletromecânica;300534992;4101643;MOB EQUIPE EVENTUAL-MECANICO MANU;SV
Eletromecânica;300534992;4101644;MOB EQUIPE EVENTUAL-AUX ADM;SV
Eletromecânica;300534992;4101645;MOB EQUIPE EVENTUAL-TST;SV
Eletromecânica;300534992;4101646;DESMOB EQUIPE EVENTUAL-SOLDADOR;SV
Eletromecânica;300534992;4101647;DESMOB EQUIPE EVENTUAL-ELETRICISTA;SV
Eletromecânica;300534992;4101648;DESMOB EQUIPE EVENTUAL-SUPERVISOR MEC;SV
Eletromecânica;300534992;4101649;DESMOB EQUIPE EVENTUAL-MECANICO MANU;SV
Eletromecânica;300534992;4101650;DESMOB EQUIPE EVENTUAL-AUX ADM;SV
Eletromecânica;300534992;4101651;DESMOB EQUIPE EVENTUAL-TST;SV
Eletromecânica;200488812;4101770;AJUDANTE (HORA NORMAL);H
Eletromecânica;200488812;4101771;AJUDANTE (HORA NOTURNA);H
Eletromecânica;200488812;4101772;AJUDANTE (HE SEG A SAB);H
Eletromecânica;200488812;4101773;AJUDANTE (HE DOM e FER);H
Eletromecânica;200488812;4101774;AJUDANTE (HE NOTURNA SEG A SAB);H
Eletromecânica;200488812;4101775;AJUDANTE (HE NOTURNA DOM.FER);H
Eletromecânica;200488812;4101776;MONTADOR(A) (HORA NORMAL);H
Eletromecânica;200488812;4101777;MONTADOR(A) (HORA NOTURNA);H
Eletromecânica;200488812;4101778;MONTADOR(A) (HE SEG A SAB);H
Eletromecânica;200488812;4101779;MONTADOR(A) (HE DOM e FER);H
Eletromecânica;200488812;4101780;MONTADOR(A) (HE NOTURNA SEG A SAB);H
Eletromecânica;200488812;4101781;MONTADOR(A) (HE NOTURNA DOM.FER);H
Eletromecânica;200488812;4101782;MONTADOR(A) LIDER (HORA NORMAL);H
Eletromecânica;200488812;4101783;MONTADOR(A) LIDER (HORA NOTURNA);H
Eletromecânica;200488812;4101784;MONTADOR(A) LIDER (HE SEG A SAB);H
Eletromecânica;200488812;4101785;MONTADOR(A) LIDER (HE DOM e FER);H
Eletromecânica;200488812;4101786;MONTADOR(A) LIDER(HE NOT SEG A SAB);H
Eletromecânica;200488812;4101787;MONTADOR(A) LIDER(HE NOT DOM.FER);H
Eletromecânica;200488812;4101788;ENCARREGADO(A) (HORA NORMAL);H
Eletromecânica;200488812;4101789;ENCARREGADO(A) (HORA NOTURNA);H
Eletromecânica;200488812;4101790;ENCARREGADO(A) ( HE SEG A SAB);H
Eletromecânica;200488812;4101791;ENCARREGADO(A) (HE DOM e FER);H
Eletromecânica;200488812;4101792;ENCARREGADO(A) (HE NOTURNA SEG.SAB);H
Eletromecânica;200488812;4101793;ENCARREGADO(A) (HE NOTURNA DOM.FER);H
Eletromecânica;200488812;4101794;TECNICO(A) DE SEG (HORA NORMAL);H
Eletromecânica;200488812;4101795;TECNICO(A) DE SEG (HORA NOTURNA);H
Eletromecânica;200488812;4101796;TECNICO(A) SEG(HE SEG A SAB);H
Eletromecânica;200488812;4101797;TECNICO(A) SEG(HE DOM e FER);H
Eletromecânica;200488812;4101798;TÉCNICO(A) SEGURANÇA(HE NOT SEG.SAB;H
Eletromecânica;200488812;4101799;TÉCNICO(A) SEGURANÇA(HE NOT DOM.FER;H
Eletromecânica;200488812;4101800;SUPERVISOR(A) (HORA NORMAL);H
Eletromecânica;200488812;4101801;SUPERVISOR(A) (HORA NOTURNA);H
Eletromecânica;200488812;4101802;SUPERVISOR(A) (HE SEG A SAB);H
Eletromecânica;200488812;4101803;SUPERVISOR(A) (HE DOM e FER);H
Eletromecânica;200488812;4101804;SUPERVISOR(A) (HE NOTURNA SEG.SAB);H
Eletromecânica;200488812;4101805;SUPERVISOR(A) (HE NOTURNA DOM.FER);H
Eletromecânica;200488812;4101806;PROJETISTAS (HORA NORMAL);H
Eletromecânica;200488812;4101807;PROJETISTAS (HORA NOTURNA);H
Eletromecânica;200488812;4101808;PROJETISTAS (HE SEG A SAB);H
Eletromecânica;200488812;4101809;PROJETISTAS (HE DOM e FER);H
Eletromecânica;200488812;4101810;PROJETISTAS (HE NOTURNA SEG.SAB);H
Eletromecânica;200488812;4101811;PROJETISTAS (HE NOTURNA DOM.FER);H
Eletromecânica;200488812;4101812;CORD(A) CONTRATO (HORA NORMAL);H
Eletromecânica;200488812;4101813;CORD(A) CONTRATO (HORA NOTURNA);H
Eletromecânica;200488812;4101814;CORD(A) CONTRATO (HE SEG A SAB);H
Eletromecânica;200488812;4101815;CORD(A) CONTRATO (HE DOM e FER);H
Eletromecânica;200488812;4101816;CORD(A) CONTRATO (HE NOTURNA SEG.SAB);H
Eletromecânica;200488812;4101817;CORD(A) CONTRATO (HE NOTURNA DOM.FER);H
Eletromecânica;200488812;4101830;VERBA DE CUSTO INDIRETO DIÁRIO;SV
Eletromecânica;200488812;4101831;MOB/DESMOB AJUDANTE;SV
Eletromecânica;200488812;4101832;MOB/DESMOB MONTADOR**;SV
Eletromecânica;200488812;4101833;MOB/DESMOB MONTADOR LÍDER;SV
Eletromecânica;200488812;4101834;MOB/DESMOB ENCARREGADO;SV
Eletromecânica;200488812;4101835;MOB/DESMOB TÉCNICO DE SEGURANÇA;SV
Eletromecânica;200488812;4101836;MOB/DESMOB SUPERVISOR;SV
Eletromecânica;200488812;4101837;MOB/DESMOB PROJETISTA;SV
Eletromecânica;200488812;4101838;MOB/DESMOB COORENADOR CONTRATO;SV
Eletromecânica;200488284;4101955;DESLOCAMENTO TURNO EXTRA;SV
Eletromecânica;200789692;4117641;EPI - Cinto de Segurança Especial;SV
Eletromecânica;201332350;4119766;Retroativo Negociação Reajuste 2026;SV
Eletromecânica;300586172;4119766;Retroativo Negociação Reajuste 2026;SV
Eletromecânica;201332350;4120145;TECNICO ELETRICISTA (HORA NORMAL);H
Eletromecânica;201332350;4120146;TECNICO ELETRICISTA (HORA NOTURNA);H
Eletromecânica;201332350;4120147;TECNICO ELETRICISTA (HORA EXTRA SEMANAL);H
Eletromecânica;201332350;4120148;TECNICO ELETRICISTA (HORA EXTRA DOM/FER);H
Eletromecânica;201332350;4120149;TECNICO ELETRICISTA (INSALUBRIDADE);MON
Eletromecânica;201332350;4120150;TECNICO ELETRICISTA (PERICULOSIDADE);MON
Facilities;201659350;4010048;Vigilante 24h (2ª a 2ª) .;SV
Facilities;201879426;4013407;SV VIGILANTE 18H00 AS 06H00 12 X 36 SEG.;SV
Facilities;201879426;4013412;SV VIGILANTE 06H00 AS 18H00 12X 36 SEG.;SV
Facilities;201659350;4017371;HORA EXTRA VIGILANTE;H
Facilities;200361752;4019569;SV-DEDETIZACAO MENSAL;SV
Facilities;200346880;4022838;MOBILIZACAO CIVIL;SV
Facilities;200346880;4030318;SV - PORTA DE MADEIRA (PARA PAREDES DRYW;ST
Facilities;200346880;4030319;SV - PORTA DE MADEIRA COM VISOR DE VIDRO;ST
Facilities;200346880;4030322;SV - PORTA DE ALUMÍNIO VENEZIANA COM FEC;M2
Facilities;200346880;4030323;SV - PORTA DE ALUMÍNIO VENEZIANA COM TRI;M2
Facilities;200346880;4030324;SV - VISOR DE VIDRO PARA PORTA DE DIVISÓ;M2
Facilities;200346880;4030325;SV - FECHADURA PARA PORTA DE DIVISÓRIA O;ST
Facilities;200346880;4030326;SV - FECHADURA PARA PORTA DE ALUMÍNIO -;ST
Facilities;200346880;4030327;SV - TRINCO PARA PORTA DE CABINE DE CHUV;ST
Facilities;200346880;4030328;SV - FECHADURA TARJETA LIVRE-OCUPADO PA;ST
Facilities;200346880;4030329;SV - DOBRADIÇA PARA PORTA DE DIVISÓRIA O;ZCJ
Facilities;200346880;4030330;SV - DOBRADIÇA PARA PORTA DE ALUMÍNIO -;ZCJ
Facilities;200346880;4030331;SV - DOBRADIÇA PARA PORTA DE CABINE DE C;ZCJ
Facilities;200346880;4030332;SV - EMASSAMENTO;M2
Facilities;200346880;4030334;SV - PINTURA ACRILICA;M2
Facilities;200346880;4030335;SV - PINTURA PVA EM PAREDES DRYWALL - CO;M2
Facilities;200346880;4030336;SV - PINTURA ESMALTE;M2
Facilities;200346880;4030337;SV - FORRO PVC LINEAR 200 x 6000MM - LIN;M2
Facilities;200346880;4030338;SV - FORRO PVC MODULAR 625 x 625MM - LIN;M2
Facilities;200346880;4030339;SV - FORRO PVC MODULAR 625 x 1250MM - LI;M2
Facilities;200346880;4030340;SV - FORRO FIBRA MINERAL MODULAR 625 x 6;M2
Facilities;200346880;4030341;SV - FORRO FIBRA MINERAL MODULAR 625 x;M2
Facilities;200346880;4030342;SV - FORRO METÁLICO MODULAR SISTEMA 125;M2
Facilities;200346880;4030343;SV - LUMINÁRIA DE EMBUTIR 250 x 1250MM;ST
Facilities;200346880;4030344;SV - LUMINÁRIA DE EMBUTIR 625 x 625MM -;ST
Facilities;200346880;4030345;SV - PLUG COM PROLONGADOR PARA LUMINÁRIA;ST
Facilities;200346880;4030346;SV - ESTRUTURA PARA FORRO PVC LINEAR 200;M2
Facilities;200346880;4030347;SV - ESTRUTURA PARA FORRO PVC OU FIBRA M;M2
Facilities;200346880;4030348;SV - ESTRUTURA PARA FORRO METÁLICO MODUL;M2
Facilities;200346880;4030349;SV - PLACA DE FORRO PVC LINEAR 200 x 600;M2
Facilities;200346880;4030350;SV - PLACA DE FORRO PVC MODULAR 625 x 62;M2
Facilities;200346880;4030351;SV - PLACA DE FORRO FIBRA MINERAL MODULA;M2
Facilities;200346880;4030352;SV - PLACA DE FORRO METÁLICO MODULAR SIS;M2
Facilities;200346880;4030353;SV - MANTA EM LÃ DE ROCHA - FORNECIMENTO;M2
Facilities;200346880;4030354;SV - MANTA EM LÃ DE VIDRO - FORNECIMENT;M2
Facilities;200346880;4030355;SV - PISO VINÍLICO PAVIFLEX - LINHA INTE;M2
Facilities;200346880;4030356;SV - PISO VINÍLICO PAVIFLEX - LINHA DINA;M2
Facilities;200346880;4030357;SV - PISO VINÍLICO DURAFLOOR LVT 600 x 6;M2
Facilities;200346880;4030358;SV - PISO VINÍLICO DURAFLOOR LVT 1220 x;M2
Facilities;200346880;4030359;SV - PISO LAMINADO DURAFLOOR - LINHA NAT;M2
Facilities;200346880;4030360;SV - RODAPÉ DURAFLOOR - LINHA CLEAN NATU;M
Facilities;200346880;4030361;SV - RODAPÉ DURAFLOOR - LINHA VOGUE NATU;M
Facilities;200346880;4030363;SV - PISO DE BORRACHA PASTILHADO 2MM - L;M2
Facilities;200346880;4030364;SV - PISO CARPETE 5,5MM - LINHA LUMIERE;M2
Facilities;200346880;4030379;SV - PLACA DE PISO ELEVADO EM CONCRETO C;M2
Facilities;200346880;4030390;SV - PLACA DE PISO ELEVADO EM MDF - 600;M2
Facilities;200346880;4030391;SV - TRATAMENTO DE CHAPA DE AÇO PARA PIS;M2
Facilities;200346880;4030392;SV - FITA ANTIDERRAPANTE PARA PISOS E ES;M
Facilities;200346880;4030393;SV - VIDRO CRISTAL LISO 4MM (ESPECÍFICO;M2
Facilities;200346880;4030394;SV - VIDRO TEMPERADO 8MM (APLICAÇÃO EM P;M2
Facilities;200346880;4030395;SV - VIDRO TEMPERADO 10MM (APLICAÇÃO EM;M2
Facilities;200346880;4030396;SV - VIDRO LAMINADO 8MM (APLICAÇÃO EM PO;M2
Facilities;200346880;4030397;SV - VIDRO LAMINADO 10MM (APLICAÇÃO EM P;M2
Facilities;200346880;4030398;SV - VIDRO TEMPERADO 8MM (APLICAÇÃO EM F;M2
Facilities;200346880;4030399;SV - ACRÍLICO 2MM (APLICAÇÃO EM FECHAMEN;M2
Facilities;200346880;4030400;SV - GUARDA-CORPO EM AÇO INOX H=120CM -;M
Facilities;200346880;4030401;SV - GUARDA-CORPO EM ALUMÍNIO H=120CM -;M
Facilities;200346880;4030413;SV - DIVISÓRIA  DIVILUX EUCATEX LINHA 35;M2
Facilities;200346880;4030414;SV - PORTA PARA DIVISÓRIA DIVILUX EUCATE;ST
Facilities;200346880;4030415;SV - DRYWALL CHAPA ST 100MM - STANDART O;M2
Facilities;200346880;4030416;SV - DRYWALL CHAPA ST 100MM - STANDART O;M2
Facilities;200346880;4030417;SV - PORTA DE MADEIRA COM OU SEM VISOR D;ST
Facilities;200346880;4030418;SV - FORRO PVC LINEAR 200 x 6000MM - LIN;M2
Facilities;200346880;4030419;"""SV - FORRO PVC MODULAR 625 x 625MM OU 6";M2
Facilities;200346880;4030420;SV - FORRO FIBRA MINERAL MODULAR 625 x 6;M2
Facilities;200346880;4030421;SV - FORRO METÁLICO MODULAR SISTEMA 125;M2
Facilities;200346880;4030422;SV - LUMINÁRIA DE EMBUTIR 250 x 1250MM O;ST
Facilities;200346880;4030423;SV - PISO VINÍLICO PAVIFLEX - LINHA INTE;M2
Facilities;200346880;4030424;SV - PISO VINÍLICO DURAFLOOR LVT 600 x 6;M2
Facilities;200346880;4030425;SV - PISO LAMINADO DURAFLOOR - LINHA NAT;M2
Facilities;200346880;4030426;SV - RODAPÉ DURAFLOOR - LINHA CLEAN OU V;M
Facilities;200346880;4030427;SV - PISO DE BORRACHA LISO 2MM OU PASTIL;M2
Facilities;200346880;4030428;SV - PISO CARPETE 5,5MM - LINHA LUMIERE;M2
Facilities;200346880;4030429;SV - PLACA DE GRANITO PARA PISO ELEVADO;M2
Facilities;200346880;4030430;SV - PISO ELEVADO 600 x 600 x 25MM - ALT;M2
Facilities;200346880;4030431;SV - PLACA DE PISO ELEVADO EM CONCRETO C;M2
Facilities;200346880;4030432;SV - PORTA DE ALUMÍNIO VENEZIANA COM FEC;M2
Facilities;200346880;4030433;SV - PORTA REVESTIDA EM FÓRMICA COM FECH;M2
Facilities;200346880;4030434;SV - VIDRO CRISTAL LISO 4MM (ESPECÍFICO;M2
Facilities;200346880;4030435;SV - VIDRO TEMPERADO OU LAMINADO - 8MM O;M2
Facilities;200346880;4030436;SV - VIDRO TEMPERADO 8MM OU ACRÍLICO 2MM;M2
Facilities;200346880;4030437;SV - GUARDA-CORPO EM AÇO INOX OU ALUMÍNI;M
Facilities;200346880;4030438;SV - GUARDA-CORPO EM VIDRO LAMINADO 8MM;M
Facilities;200346880;4030439;SV - CORRIMÃO EM AÇO INOX OU ALUMÍNIO -;M
Facilities;200346880;4030440;SV - MOLA PARA PORTAS EM MADEIRA / ALUMÍ;ST
Facilities;200346880;4030441;SV - DIVISÓRIA  DIVILUX EUCATEX LINHA 35;M2
Facilities;200346880;4030442;SV - PORTA PARA DIVISÓRIA DIVILUX EUCATE;ST
Facilities;200346880;4030443;SV - PORTA DE MADEIRA COM OU SEM VISOR D;ST
Facilities;200346880;4030444;"""SV - FORRO PVC LINEAR 200 x 6000MM - LI";M2
Facilities;200346880;4030445;SV - FORRO PVC MODULAR 625 x 625MM OU 6;M2
Facilities;200346880;4030446;SV - FORRO FIBRA MINERAL;M2
Facilities;200346880;4030447;SV - FORRO METÁLICO MODULAR SISTEMA 125;M2
Facilities;200346880;4030448;SV - LUMINÁRIA DE EMBUTIR 250 x 1250MM O;ST
Facilities;200346880;4030449;SV- RECORTE EM FORRO PVC PARA INSTALAÇÃO;M2
Facilities;200346880;4030450;SV - PISO ELEVADO 600 x 600 x 25MM - ALT;M2
Facilities;200346880;4030451;SV - PLACA DE GRANITO PARA PISO ELEVADO;M2
Facilities;200346880;4030452;SV - PLACA DE PISO ELEVADO EM CONCRETO;M2
Facilities;200346880;4030453;SV - AJUSTE DE ESTRUTURA PARA PISO ELEVA;M2
Facilities;200346880;4030454;SV-PORTA DE ALUMÍNIO VENEZIANA COM FECHA;M2
Facilities;200346880;4030455;SV-PORTA REVESTIDA EM FÓRMICA COM FECHAD;M2
Facilities;200346880;4030456;SV-VIDRO CRISTAL LISO 4MM (ESPECÍFICO PA;M2
Facilities;200346880;4030457;SV-VIDRO TEMPERADO OU LAMINADO - 8MM OU;M2
Facilities;200346880;4030458;SV-VIDRO TEMPERADO 8MM OU ACRÍLICO 2MM (;M2
Facilities;200346880;4030459;SV-GUARDA-CORPO EM AÇO INOX OU ALUMÍNIO;M
Facilities;200346880;4030460;SV-GUARDA-CORPO EM VIDRO LAMINADO 8MM E;M
Facilities;200346880;4030461;SV-CORRIMÃO EM AÇO INOX OU ALUMÍNIO - MÃ;M
Facilities;200346880;4030462;SV-MOLA PARA PORTAS EM MADEIRA / ALUMÍNI;ST
Facilities;200323568;4030785;VISTORIA DE CAMINHOES / TREINAMENTO;SV
Facilities;200323568;4030787;CONSERVAÇÃO E LIMPEZA ADM;SV
Facilities;201879426;4031828;HORA EXTRA VIG NOTURNO;SV
Facilities;201879426;4031829;SV VIGILANTE 18H00 AS 06H00 12 X 36;SV
Facilities;201879426;4031830;SV VIGILANTE LIDER 06H00 AS 18H00;SV
Facilities;201879426;4031831;SV VIGILANTE LIDER 18H00 AS 06H00 4 X 2;SV
Facilities;201879426;4031833;SV VIGILANTE CONDUTOR 18H AS 06H 4X 2;SV
Facilities;200367382;4034009;SV-MANUT PREVENT / CORRET CERCAS ELETRIC;H
Facilities;200367382;4034054;SV - MONITOR ONLINE 24H DISPAR CERCAS AL;SV
Facilities;200367382;4034170;SV - MAN PREV/CORRET MOB/DESMO GOB (ETE,;SV
Facilities;200367382;4034171;SV - MAN PREV/CORRET MOB/DESMO MMB (ALMO;SV
Facilities;200367382;4034172;SV - MAN PREV/CORRET MOB/DESMO MVL (ESCR;SV
Facilities;200367382;4034173;SV - MAN PREVENTIVA/CORRETIVA DESPESAS (;TAG
Facilities;200367382;4035165;SV- INSTALAÇÃO BASES CONCRETO POSTES CER;SV
Facilities;200880612;4036476;SV LOC. DE EQUIPAMENTOS;SV
Facilities;200323568;4036817;SV-LIMP E CONSERV. Aux de Serviç HE 50%;H
Facilities;201398744;4036817;SV-LIMP E CONSERV. Aux de Serviç HE 50%;H
Facilities;201398744;4042478;Sv. Conservacao/Limpeza/Jardinagem;SV
Facilities;201659350;4043280;SV VIGILANCIA 24H C/ INTERVALO;SV
Facilities;201659350;4043284;SV VIGILANCIA HE DIURNO;H
Facilities;201659350;4043285;Sv. Vigilancia 44Hrs(seg/sab) c/ car+man;SV
Facilities;201659350;4043286;Sv. Vigilancia 44Hrs(seg/sab) c/interva;SV
Facilities;201659350;4043900;Reembolso Despesas;SV
Facilities;200318342;4044362;SV-LOCACAO VEÍCULO PEQUENO;SV
Facilities;200323568;4044453;Hora extra Top 50%;SV
Facilities;200323568;4044454;Hora extra Top 100%;SV
Facilities;201398744;4045361;Sv. Posto Frentistas;SV
Facilities;201659350;4045550;Reembolso Combustível;SV
Facilities;201398744;4045714;Sv. He Frentista 50%;SV
Facilities;201398744;4045715;Sv. He Frentista 100%;SV
Facilities;201850032;4047946;KM RODADO 3.30;KM
Facilities;200323568;4048071;CONTROLADOR DE ACESSO 24HS;SV
Facilities;200344608;4048071;VIGILANTE DIURNO 12X36;SV
Facilities;200954432;4048071;VIGILANTE DIURNO 12X36;SV
Facilities;201879426;4048367;SV AUX. DE RECEP 5X2;SV
Facilities;200344608;4049231;HORA EXTRA VIGILANTE 50%;SV
Facilities;200954432;4049231;HORA EXTRA VIGILANTE 50%;SV
Facilities;200344608;4049232;HORA EXTRA VIGILANTE 100%;SV
Facilities;200954432;4049232;HORA EXTRA VIGILANTE 100%;SV
Facilities;201954780;4051619;SV TECNICO MANUTENÇÃO CAMERAS;SV
Facilities;200346880;4052110;VISITA TECNICA;H
Facilities;201659350;4055945;VEÍCULO PEQUENO 1.0;SV
Facilities;200346880;4056397;SV PORTA CORTA FOGO P-090 COMPLETA;M2
Facilities;200346880;4056399;SV FECHADURA COM MAÇANETA - ANTI PANICO;SV
Facilities;200346880;4056650;SV ESPELHO PADRÃO MO;M2
Facilities;200346880;4056651;SV MONTAGEM DE PAREDE DRYWALL 2 FACES;M2
Facilities;200346880;4056652;SV MONTAGEM DE PAREDE DRYWALL 1 FACE;M2
Facilities;200346880;4056653;SV INST/APLIC DE MANTA DE LÃ DE VIDRO;M2
Facilities;200346880;4056658;SV RODAPÉ DURAFLOOR LINHA CLEAN;M
Facilities;200346880;4056661;SV FECHADURA PARA PORTA DE ALUMINIO;ST
Facilities;200346880;4056663;SV DOBRADIÇA PARA PORTA DE DIVISÓRIA;ZCJ
Facilities;200346880;4056664;SV INST/APLIC DE MANTA DE LÃ DE ROCHA;M2
Facilities;202024942;4059107;OPERADOR 5x2 SEG A SEX;MON
Facilities;201322188;4059107;OPERADOR 5x2 SEG A SEX;MON
Facilities;200352886;4059400;CARDAPIO 01 (11 A20);SV
Facilities;200352886;4059401;CARDAPIO 02 (11 A20);SV
Facilities;200352886;4059402;CARDAPIO 03 (11 A20);SV
Facilities;200352886;4059403;CARDAPIO 04 (11 A20);SV
Facilities;200352886;4059404;CARDAPIO 05 (11 A20);SV
Facilities;200352886;4059405;CARDAPIO 01 (21 A 40);SV
Facilities;200352886;4059406;CARDAPIO 02 (21 A 40);SV
Facilities;200352886;4059407;CARDAPIO 03 (21 A 40);SV
Facilities;200352886;4059408;CARDAPIO 04 (21 A 40);SV
Facilities;200352886;4059409;CARDAPIO 05 (21 A 40);SV
Facilities;200352886;4059410;CARDAPIO 01 (41 A 60);SV
Facilities;200352886;4059411;CARDAPIO 02 (41 A 60);SV
Facilities;200352886;4059412;CARDAPIO 03 (41 A 60);SV
Facilities;200352886;4059413;CARDAPIO 04 (41 A 60);SV
Facilities;200352886;4059414;CARDAPIO 05 (41 A 60);SV
Facilities;200352886;4059415;CARDAPIO 01 (ACIMA DE 60);SV
Facilities;200352886;4059416;CARDAPIO 02 (ACIMA DE 60);SV
Facilities;200352886;4059417;CARDAPIO 03 (ACIMA DE 60);SV
Facilities;200352886;4059418;CARDAPIO 04 (ACIMA DE 60);SV
Facilities;200352886;4059419;CARDAPIO 05 (ACIMA DE 60);SV
Facilities;200352886;4059430;CHURRASCO (11 A 20);SV
Facilities;200352886;4059431;CHURRASCO (21 A 40);SV
Facilities;200352886;4059432;CHURRASCO (41 A 60);SV
Facilities;200352886;4059433;CHURRASCO (ACIMA DE 60);SV
Facilities;202024942;4059782;OPERADOR 5 x 2 seg a sex;H
Facilities;201322188;4059782;OPERADOR 5 x 2 seg a sex;H
Facilities;202024942;4059783;OPERADOR 12x36 diurno dom a dom;H
Facilities;201322188;4059783;OPERADOR 12x36 diurno dom a dom;H
Facilities;200978680;4059896;Sv Locação Varredeira Johnston VT65;MON
Facilities;201322188;4060316;OPERADOR 12X36 DOM A DOM;SV
Facilities;202024942;4060316;OPERADOR 12X36 DOM A DOM;SV
Facilities;201322188;4060317;OPERADOR 5x2 SEG A SEX;SV
Facilities;202024942;4060317;OPERADOR 5x2 SEG A SEX;SV
Facilities;201879426;4060572;POSTO ADM 5X2;SV
Facilities;201322188;4061157;MO OPERADOR SUCÇÃO;SV
Facilities;202024942;4061157;MO OPERADOR SUCÇÃO;SV
Facilities;300029964;4061920;SISTEMA DE GESTÃO DE FILAS;SV
Facilities;300029964;4062010;TOTEM-Suporte em chapa de aço;SV
Facilities;200353660;4062381;SUPERVISOR OPERACIONAL JUNIOR;SV
Facilities;200346246;4062850;TÉCNICA DE SEGURANÇA MINERAÇÃO;MON
Facilities;201850032;4062897;Sv. Ressarcimentos de Despesas Diversas;SV
Facilities;200978680;4063270;Sv Varrição - Locação Barra Magnética;MON
Facilities;201879426;4063663;POSTO RECEPÇÃO 24H;SV
Facilities;201659350;4065150;SV POSTO DE VIGILANTE 12H NOTURN+VEI 1.0;SV
Facilities;201322188;4065167;SUPERVISOR;SV
Facilities;202024942;4065167;SUPERVISOR;SV
Facilities;200367382;4065168;PASSARELA DE CONCRETO SOB A CERCA;M2
Facilities;200367382;4065169;LOCAÇÃO VEÍCULO 4x4 - DIÁRIA;SV
Facilities;200353660;4065273;REEMBOLSO EXAMES MÉDICOS;SV
Facilities;201659350;4065723;SV. REEMBOLSO DE PEDAGIO;SV
Facilities;200353660;4065864;CCO - TERCEIRO;SV
Facilities;200346880;4066370;CAMINHÃO 3/4 CONDUTOR + MAN. E COMB.;SV
Facilities;201755846;4066700;CUSTO POR NAVIO;SV
Facilities;201659350;4067626;SV VIGILANCIA HE NOTURNO;H
Facilities;200352886;4067674;CARDAPIO 01 (11 A 20) SERV. BRUNCH;SV
Facilities;200352886;4067675;CARDAPIO 02 (11 A 20) SERV. BRUNCH;SV
Facilities;200352886;4067676;CARDAPIO 03 (11 A 20) SERV. BRUNCH;SV
Facilities;200352886;4067677;CARDAPIO 01 (21 A 40) SERV. BRUNCH;SV
Facilities;200352886;4067678;CARDAPIO 02 (21 A 40) SERV. BRUNCH;SV
Facilities;200352886;4067679;CARDAPIO 03 (21 A 40) SERV. BRUNCH;SV
Facilities;200352886;4067836;CARDAPIO 01 (11 A 20) SV REF. CHURRASCO;SV
Facilities;200352886;4067837;CARDAPIO 02 (11 A20) - SV REF. CHURRASCO;SV
Facilities;200352886;4067838;CARDAPIO 03 (11 A 20) SV REF. CHURRASCO;SV
Facilities;200352886;4067839;CARDAPIO 04 (11 A 20) SV REF. CHURRASCO;SV
Facilities;201659350;4067928;INSPETOR 5X2 DIURNO;SV
Facilities;200352886;4067940;CARDAPIO 01 (21 A 40) SV. REF. CHURRASCO;SV
Facilities;200352886;4067941;CARDAPIO 02 (21 A 40) SV. REF. CHURRASCO;SV
Facilities;200352886;4067942;CARDAPIO 03 (21 A 40) SV. REF. CHURRASCO;SV
Facilities;200352886;4067943;CARDAPIO 04 (21 A 40) SV. REF. CHURRASCO;SV
Facilities;200352886;4067944;CARDAPIO 01 (41 A 60) SV. REF. CHURRASCO;SV
Facilities;200352886;4067945;CARDAPIO 02 (41 A 60) SV. REF. CHURRASCO;SV
Facilities;200352886;4067946;CARDAPIO 03 (41 A 60) SV. REF. CHURRASCO;SV
Facilities;200352886;4067947;CARDAPIO 04 (41 A 60) SV. REF. CHURRASCO;SV
Facilities;200352886;4067948;CARDAPIO 01 (ACIMA DE 60) SV. REF. CHURR;SV
Facilities;200352886;4067949;CARDAPIO 02 (ACIMA DE 60) SV. REF. CHURR;SV
Facilities;200352886;4067950;CARDAPIO 03 (ACIMA DE 60) SV. REF. CHURR;SV
Facilities;200352886;4067951;CARDAPIO 04 (ACIMA DE 60) SV. REF. CHURR;SV
Facilities;300170396;4067963;ASSISTENTE ADMINISTRATIVO 44H;SV
Facilities;201659350;4067963;ASSISTENTE ADMINISTRATIVO 44H;SV
Facilities;200352886;4067970;CARDAPIO 01 (41 A 60) SERV. BRUNCH;SV
Facilities;200352886;4067971;CARDAPIO 02 (41 A 60) SERV. BRUNCH;SV
Facilities;200352886;4067972;CARDAPIO 03 (41 A 60) SERV. BRUNCH;SV
Facilities;200352886;4067973;CARDAPIO 01 (ACIMA DE 60) SERV. BRUNCH;SV
Facilities;200352886;4067974;CARDAPIO 02 (ACIMA DE 60) SERV. BRUNCH;SV
Facilities;200352886;4067975;CARDAPIO 03 (ACIMA DE 60) SERV. BRUNCH;SV
Facilities;300170396;4068021;PORTEIRO 24H;SV
Facilities;300170396;4068022;RECEPCIONISTA 44H (SEG A SEX);SV
Facilities;201659350;4068023;VIGILANTE ARMADO 24H;SV
Facilities;201659350;4068028;LANTERNA;SV
Facilities;201659350;4068029;CAMINHONETE MINERAÇÃO 4X4 24H;SV
Facilities;201659350;4068039;CELULAR SMARTPHONE;SV
Facilities;300170396;4068061;PORTEIRO 24H;SV
Facilities;201659350;4068078;VEÍCULO DE PASSEIO 24H;SV
Facilities;300170396;4068553;PORTEIRO (MOB MENOS DE 15 DIAS);SV
Facilities;300170396;4068554;RECEPCIONISTA (MOB MENOS DE 15 DIAS);SV
Facilities;201879426;4068555;SV VIGILANTE CONDUTOR 18H AS 06H 4X 2;SV
Facilities;201659350;4068556;VIG DESARMADO  (MOB MENOS DE 15 DIAS);SV
Facilities;201659350;4068557;VIG ARMADO NOT. (MOB MENOS DE 15 DIAS);SV
Facilities;201659350;4068558;VIG ARMADO DIURNO (MOB MENOS DE 15 DIAS);SV
Facilities;201659350;4068590;VIGILANTE LÍDER  (MOB MENOS DE 15 DIAS);SV
Facilities;201659350;4068591;INSPETOR DIURNO (MOB MENOS DE 15 DIAS);SV
Facilities;201659350;4068592;INSPETOR NOTURNO (MOB MENOS DE 15 DIAS);SV
Facilities;300170396;4068595;PORTEIRO (MOB MAIS DE 15 DIAS);SV
Facilities;300170396;4068596;RECEPCIONISTA (MOB MAIS DE 15 DIAS);SV
Facilities;201659350;4068597;VIG DESARMADO  (MOB MAIS DE 15 DIAS);SV
Facilities;201659350;4068598;VIG ARMADO NOT. (MOB MAIS DE 15 DIAS);SV
Facilities;201659350;4068599;VIG ARMADO DIURNO (MOB MAIS DE 15 DIAS);SV
Facilities;300170396;4069130;PORTARIA 12H DIURNO;SV
Facilities;300170396;4069131;AUX MONITORAMENTO 24H - 12X36;SV
Facilities;201659350;4069132;VIGILANTE 12H - 12X36;SV
Facilities;200978680;4069272;Sv Varrição - Operador;MON
Facilities;201659350;4069293;VIGILANTE INSPETOR 5X2 - DIURNO;SV
Facilities;201659350;4069300;ESPADIGADOR DE PIMENTA;SV
Facilities;200352886;4069452;CARDAPIO 04 (11 A 20) SERV. BRUNCH;SV
Facilities;200352886;4069453;CARDAPIO 04 (21 A 40) SERV. BRUNCH;SV
Facilities;200352886;4069454;CARDAPIO 04 (41 A 60) SERV. BRUNCH;SV
Facilities;200352886;4069455;CARDAPIO 04 (ACIMA DE 60) SERV. BRUNCH;SV
Facilities;201659350;4069556;REEMBOLSO PEDÁGIO;SV
Facilities;300170396;4069556;REEMBOLSO PEDÁGIO;SV
Facilities;201659350;4070086;TELEMETRIA E FADIGA;SV
Facilities;201659350;4071111;SV TECNICO DE SEGURANÇA, CARRO E CELULAR;SV
Facilities;201879426;4071145;POSTO VIG.24H (2 DIURNO + 2 NOT) 12X36;SV
Facilities;200880612;4071161;SV JARDINAGEM EXTRA COMPARTILHADO;SV
Facilities;200346880;4071383;SV-CARBOXIMETRO MULTIGAS 04 GASES;SV
Facilities;300170396;4072815;Posto Port 12hs diurno-Diario- Int 01h;SV
Facilities;201659350;4072938;Véiculo Carro Leve- 24HRS;SV
Facilities;201659350;4072939;Reembolso Combustível Véiculo;SV
Facilities;300380700;4074890;SV DE CONSERVAÇÃO E LIMPEZA - INSUMOS;SV
Facilities;300405624;4074890;SV DE CONSERVAÇÃO E LIMPEZA - INSUMOS;SV
Facilities;300353618;4074890;SV DE CONSERVAÇÃO E LIMPEZA - INSUMOS;SV
Facilities;300405624;4074891; EQUIPAMENTOS/ESTRUTURAS;SV
Facilities;300353618;4074892;  LOCAÇÃO VEÍCULOS-CONSERVAÇÃO E LIMPEZA;SV
Facilities;300405624;4074894; INSUMOS;SV
Facilities;201659350;4075405;HORA EXTRA VIGILANTE VSPP;SV
Facilities;201659350;4075701;SV-ALUGUEL BAFOMETRO ALCOSTOP 2010;SV
Facilities;201659350;4075702;Bocal BAFOMETRO ALCOSTOP pc com 50 unid;SV
Facilities;200352886;4077014;SV Locação Champanheira - unidade;ST
Facilities;200352886;4077036;CARDAPIO 09 (11 A 20) SERV. BRUNCH;SV
Facilities;200352886;4077086; SV Frutas Avulsas  - maçã - unidade;SV
Facilities;200352886;4077113;SV Salada mista - alface americana, rúcu;SV
Facilities;200352886;4077116;Torta de frango (empadão) - Individual;SV
Facilities;200352886;4077117;SV Garrafa de café 1,8L;SV
Facilities;200352886;4077118;SV Biscoito amanteigado 80g/ pessoa;SV
Facilities;200352886;4077121;SV Bolo de cenoura c cobertura  chocolat;SV
Facilities;200352886;4077122;SV Bolo de cenoura cobertura de chocolat;SV
Facilities;200352886;4077123;SV Broa de fubá médio - até 15 pessoas;SV
Facilities;200352886;4077129;SV Pão de queijo - 100g;SV
Facilities;200352886;4077132;SV Barra de cereal 25g - unitário;SV
Facilities;200352886;4077133;Suco Integral uva 300ml por pessoa;SV
Facilities;200352886;4077134;Suco Integral laranja 300ml por pessoa;SV
Facilities;200352886;4077135;Salgadinhos (empada,coxinha,risole quibe;SV
Facilities;200352886;4077141;Lanche Germinar - padrão 04: 1 pão de ba;SV
Facilities;200352886;4077142;Broa de fubá com queijo - até 10 pessoas;SV
Facilities;200352886;4077146;Mini pão francês - 30gr;SV
Facilities;200352886;4077147;Presunto - 60gr;SV
Facilities;200352886;4077148;Mussarela - 60gr;SV
Facilities;200352886;4077149;Queijo Minas - 100gr;SV
Facilities;200352886;4077157;Bolo de limão - médio - até 15 pessoas;SV
Facilities;200352886;4077159;Néctar de frutas uva e pêssego - 200ml;SV
Facilities;201659350;4077504;TECNICO SEGURANÇA TRABALHO SEM VEICULO;SV
Facilities;200346246;4077512;MOTORISTA UTMII;SV
Facilities;200346246;4077513;VEÍCULO UTMII;SV
Facilities;300415420;4077932;SV-TÉCNICO DE SEGURANÇA DO TRABALHO;SV
Facilities;300415420;4077933;SV-SUPERVISOR;SV
Facilities;300415420;4077946;SV-MATERIAIS E EQUIPAMENTOS;SV
Facilities;200352886;4078758;SV Garrafa de agua sem gas;SV
Facilities;200352886;4078759;SV Garrafa de agua com gas;SV
Facilities;300380700;4079035;SV VALE ALIMENTAÇÃO COMPLENTAR;SV
Facilities;201659350;4079198;Sv. Vigilancia 44Hrs(seg/sab) c/Binoculo;SV
Facilities;201659350;4079199;Sv.Vigilancia 44Hrs(seg/sab) sm binoculo;SV
Facilities;200352886;4079200;SV COXINHA DE GALINHA;SV
Facilities;200352886;4079201;SV MINE SANDUICHE DE MUSSARELA, REQUEIJÃ;SV
Facilities;200352886;4079202;SV SALADA DE FRUTAS ESPECIAL;SV
Facilities;200352886;4079203;SV SALADA DE FRUTAS (IOGURTE E GRANOLA);SV
Facilities;200352886;4079205;SV COXINHA DE GALINHA COM CATUPIRY;SV
Facilities;200352886;4079206;SV MINI SANDUICHE;SV
Facilities;200352886;4079207;SV PASTEIS FOLHADO DE FRANGO COM BACON (;SV
Facilities;200352886;4079208;SV SANDUICHE NATURAL INTEGRAL (FRANGO, R;SV
Facilities;200352886;4079209;SV REFRIGERANTE 300ML POR PESSOA;SV
Facilities;200352886;4079210;SV MICRO SANDUÍCHE DE FRANGO COM ALHO PO;SV
Facilities;200352886;4079211;SV MICRO SANDUÍCHE DE SALAMINHO ITALIANO;SV
Facilities;200352886;4079213;SV CROISSANT DE PRESUNTO E MUSSARELA;SV
Facilities;200352886;4079214;SV CERVEJA LONG NECK HEINEKEN;SV
Facilities;200352886;4079215;SV REFRIGERANTE LATA 350ML;SV
Facilities;200352886;4079216;SV CHAMPANHEIRA;SV
Facilities;200352886;4079217;SV LOUÇA COMPLETA PARA CAFÉ - POR PESSOA;SV
Facilities;200352886;4079219;SV MESA MINEIRA - DE 21 A 40 PESSOAS;SV
Facilities;200352886;4079908;Pudim para 15 pessoas;SV
Facilities;200352886;4079909;SV REFRIGERANTE LATA 300 ml;SV
Facilities;200346880;4080079;TÉCNICO DE PLANEJAMENTO HORA NORMAL;H
Facilities;200352886;4080308;Pudim para 22 pessoas;SV
Facilities;200346880;4080330;TÉCNICO DE SEG. DO TRABALHO HORA NORMAL;H
Facilities;200346880;4080331;ENCARREGADO DE OBRA CIVIL HORA NORMAL;H
Facilities;200346880;4080332;VEÍCULO 4x4 PICK-UP PARA ADM;H
Facilities;200346880;4080333;TÉCNICO DE SEG. DO TRABALHO PERIC.;H
Facilities;200346880;4080334;TÉCNICO DE SEG. DO TRABALHO INSAL.;H
Facilities;200346880;4080335;TÉCNICO DE SEG. DO TRABALHO HORA EXTRA;H
Facilities;200346880;4080336;TÉCNICO DE PLANEJAMENTO PERIC.;H
Facilities;200346880;4080337;TÉCNICO DE PLANEJAMENTO INSAL.;H
Facilities;200346880;4080338;TÉCNICO DE PLANEJAMENTO HORA EXTRA;H
Facilities;200346880;4080348;OFICIAL MANT. ELETRICA PERIC.;H
Facilities;200346880;4080349;OFICIAL MANT. ELETRICA INSAL.;H
Facilities;200346880;4080350;OFICIAL MANT. ELETRICA HORA NORMAL;H
Facilities;200346880;4080351;OFICIAL MANT. PREDIAL PERIC.;H
Facilities;200346880;4080352;OFICIAL MANT. PREDIAL INSAL.;H
Facilities;200346880;4080353;OFICIAL MANT. PREDIAL HORA NORMAL;H
Facilities;200346880;4080354;ENCARREGADO DE OBRAS PERIC.;H
Facilities;200346880;4080355;ENCARREGADO DE OBRAS INSAL.;H
Facilities;200346880;4080357;SUPERVISOR DE OBRAS PERIC.;H
Facilities;200346880;4080358;SUPERVISOR DE OBRAS INSAL.;H
Facilities;200346880;4080381;AUX.TEC.SEG.TRAB PERIC.;H
Facilities;200346880;4080382;AUX.TEC.SEG.TRAB INSAL.;H
Facilities;200346880;4080383;AUX.TEC.SEG.TRAB HORA NORMAL;H
Facilities;200346880;4080393;MOTORISTA PERIC.;H
Facilities;200346880;4080394;MOTORISTA INSAL.;H
Facilities;200346880;4080395;MOTORISTA HORA NORMAL;H
Facilities;200346880;4080399;MEIO OFICIAL PERIC.;H
Facilities;200346880;4080400;MEIO OFICIAL INSAL.;H
Facilities;200346880;4080401;MEIO OFICIAL  HORA NORMAL;H
Facilities;200346880;4080402;AJUDANTE MANUT.PREDIAL PERIC.;H
Facilities;200346880;4080403;AJUDANTE MANUT.PREDIAL INSAL.;H
Facilities;200346880;4080404;AJUDANTE MANUT.PREDIAL HORA NORMAL;H
Facilities;200352886;4080560;SV REFRIGERANTE MINI LATINHA;SV
Facilities;201398744;4082133;Sv. Conservacao/Limpeza/Jardinagem new;SV
Facilities;300380700;4083034;H.P+Ad.Not-Of. de Manut.Predial NR35-ADM;SV
Facilities;300380700;4083035;H.I+A.Not-Assist.Adm.Med+Bancodoc-ADM;SV
Facilities;300380700;4083036;H.I+A.Not-Dedetizad.Sv.Ger.PTA+NR35-ADM;SV
Facilities;300380700;4083037;H.I+A.Not-Of. Manut. Predial  NR35-ADM;SV
Facilities;300380700;4083038;H.I+A.Not-Líder Op. áreas verdes+roç-ADM;SV
Facilities;300380700;4084137;Mês-Assist.Adm.  Medição e Bancodoc-ADM;SV
Facilities;300380700;4084138;Mês-Aux. Adm. Almox.-ADM;SV
Facilities;300380700;4084139;Mês-Eng. Civil - Gestor do Contrato -ADM;SV
Facilities;300380700;4085720;Mês-Analista de Processos -ADM;SV
Facilities;300380700;4085721;Mês-Eng. em Seg. do Trabalho-ADM;SV
Facilities;300380700;4085722;Mês-Médico do trabalho -ADM;SV
Facilities;300380700;4085723;Mês-Téc. de Seg. do trabalho-ADM;SV
Facilities;300380700;4085724;Mês-Sup. de Limpeza e SV. Gerais II -ADM;SV
Facilities;300380700;4085725;Mês-Dedetizador Sv.Ger.PTA+NR35-ADM;SV
Facilities;300380700;4085726;Mês-Líder Limpeza -XY;SV
Facilities;300380700;4085727;Mês-Zelador-ADM;SV
Facilities;300380700;4085728;Mês-Aux. de Sv. Gerais  -ADM;SV
Facilities;300380700;4085729;Mês-Aux. de Sv. Gerais -ADM;SV
Facilities;300380700;4085730;Mês-Aux. de Sv. Gerais -FGH;SV
Facilities;300380700;4085731;Mês-Aux. de Sv. Gerais -XY;SV
Facilities;300380700;4085732;Mês-Aux. de Sv. Gerais-12x36;SV
Facilities;300380700;4085733;Mês-Sup. Civil  (motorista caminhão)-ADM;SV
Facilities;300380700;4085734;Mês-Motorista -ADM;SV
Facilities;300380700;4085736;Mês-Servente de obras -ADM;SV
Facilities;300380700;4085737;Mês-Of. de Manut. Predial NR35-ADM;SV
Facilities;300380700;4085738;Mês-Op. de ETA/ETE-ADM;SV
Facilities;300380700;4085739;Mês-Eletricista  NR35-ADM;SV
Facilities;300380700;4085740;Mês-Servente obras - (ajud. elet.)-ADM;SV
Facilities;300380700;4085741;Mês-Sup. Civil - -ADM;SV
Facilities;300380700;4085742;Mês-Of. de Manut. Predial NR35-ADM;SV
Facilities;300380700;4085743;Mês-Servente de obras -ADM;SV
Facilities;300380700;4085744;Mês-Op. de ETA/ETE-ADM;SV
Facilities;300380700;4085745;Mês-Servente de obras -ADM;SV
Facilities;300380700;4085746;Mês-Servente de obras -ADM;SV
Facilities;300380700;4085749;Mês-Líder Limpeza -ADM;SV
Facilities;300380700;4085750;HN+Add.N - Aux. de Sv. Gerais  - ADM;SV
Facilities;300380700;4085751;Mês-Aux. de Sv. Gerais-XY;SV
Facilities;300380700;4085752;HN+Add.N - Mensageiro  - ADM;SV
Facilities;300380700;4085753;Peric.Mês - Aux. de Sv. Gerais - XY;SV
Facilities;300380700;4085755;Mês-Of. de Manut. Predial  NR35-ADM;SV
Facilities;300380700;4085756;HN+Add.N - Servente de obras  - ADM;SV
Facilities;300380700;4085757;Mês-Op. de motosserra-ADM;SV
Facilities;300380700;4085758;Mês-Servente de obras-ADM;SV
Facilities;300380700;4085759;Mês-Sup. Áreas Verdes+mot.caminhão-ADM;SV
Facilities;300380700;4085760;Mês-Jardineiro -ADM;SV
Facilities;300380700;4085761;Mês-Op. de roçadeira com PTA-ADM;SV
Facilities;300380700;4085762;Mês-Op. de motosserra -ADM;SV
Facilities;300380700;4085763;Mês-Líder Op. Civil NR35-ADM;SV
Facilities;300380700;4085765;Peric.Mês - Téc.Seg. do trabalho - ADM;SV
Facilities;300380700;4085766;Mês-Líder Op. áreas verdes + roçador-ADM;SV
Facilities;300380700;4085767;Mês-Op. de roçadeira -ADM;SV
Facilities;300380700;4085768;Mês-Of. de Manut. Predial -ADM;SV
Facilities;300380700;4085769;Mês-Servente de obras -ADM;SV
Facilities;300380700;4085770;Mês-Dedetizador (PTA e NR35) -ADM;SV
Facilities;300380700;4085774;Peric.Mês - Aux. de Sv. Gerais  - FGH;SV
Facilities;300380700;4085776;Mês-Mensageiro -ADM;SV
Facilities;300380700;4085777;HN-Assist.Adm.  Medição e Bancodoc-ADM;SV
Facilities;300380700;4085778;HN-Aux. Adm. Almox.-ADM;SV
Facilities;300380700;4085779;HN-Eng. Civil - Gestor do Contrato -ADM;SV
Facilities;300380700;4085780;HN-Analista de Processos -ADM;SV
Facilities;300380700;4085781;HN-Eng. em Seg. do Trabalho-ADM;SV
Facilities;300380700;4085782;HN-Médico do trabalho -ADM;SV
Facilities;300380700;4085783;HN-Téc. de Seg. do trabalho-ADM;SV
Facilities;300380700;4085784;HN-Sup. de Limpeza e SV. Gerais II -ADM;SV
Facilities;300380700;4085785;HN-Dedetizador Sv. Gerais PTA e NR35-ADM;SV
Facilities;300380700;4085786;HN-Líder Limpeza -XY;SV
Facilities;300380700;4085787;HN-Zelador-ADM;SV
Facilities;300380700;4085788;HN-Aux. de Sv. Gerais  -ADM;SV
Facilities;300380700;4085790;HN-Aux. de Sv. Gerais -FGH;SV
Facilities;300380700;4085791;HN-Aux. de Sv. Gerais -XY;SV
Facilities;300380700;4085792;HN+Add.N - Aux. de Sv. Gerais  - XY;SV
Facilities;300380700;4085793;HN-Sup. Civil  (motorista caminhão)-ADM;SV
Facilities;300380700;4085794;HN-Motorista -ADM;SV
Facilities;300380700;4085795;HN-Servente de obras -ADM;SV
Facilities;300380700;4085796;HN-Servente de obras -ADM;SV
Facilities;300380700;4085797;HN-Of. de Manut. Predial NR35-ADM;SV
Facilities;300380700;4085798;HN-Op. de ETA/ETE-ADM;SV
Facilities;300380700;4085799;HN-Eletricista  NR35-ADM;SV
Facilities;300380700;4085800;HN-Servente obras - (ajud. elet.)-ADM;SV
Facilities;300380700;4085801;HN-Sup. Civil - -ADM;SV
Facilities;300380700;4085803;HN-Servente de obras -ADM;SV
Facilities;300380700;4085804;HN-Op. de ETA/ETE-ADM;SV
Facilities;300380700;4085805;Peric.Mês - Op. de motosserra - ADM;SV
Facilities;300380700;4085809;HN-Líder Limpeza -ADM;SV
Facilities;300380700;4085810;HN-Aux. de Sv. Gerais-12x36;SV
Facilities;300380700;4085811;HN+Add.N - Médico do trabalho  - ADM;SV
Facilities;300380700;4085812;HN+Add.N - Aux. de Sv. Gerais   - ADM;SV
Facilities;300380700;4085813;Peric.Mês - Op. de roçadeira  - ADM;SV
Facilities;300380700;4085815;HN-Of. de Manut. Predial  NR35-ADM;SV
Facilities;201398744;4053790;SV-LIMP E CONSERV. Aux Sv Gerais 1ºT Ins;SV
Facilities;200353660;4025541;ÔNIBUS OB/USINA TURNO;SV
Facilities;200353660;4025540;ÔNIBUS OB/USINA ADM;SV
Facilities;201659350;4068066;VIGILANTE ARMADO 24H;SV
Facilities;200978680;4105832;BUCHER V80 turno administrativo diurno;SV
Facilities;200978680;4105834;BUCHER V65 turno 12 x 36;SV
Facilities;300380700;4085816;HN-Aux. de Sv. Gerais -ADM;SV
Facilities;201659350;4068034;VIGILANTE ARMADO 24H;SV
Facilities;201398744;4036128;SV - JARDINAGEM - Equipamentos de Jardin;MON
Facilities;201536318;4097284;SV - Auxiliar de Serviços Gerais comum;SV
Facilities;201398744;4053738;SV-LIMP E CONSERV. Aux Sv Ger 3ºT Insalu;SV
Facilities;300380700;4085817;HN-Op. de motosserra-ADM;SV
Facilities;201590300;4017759;SV-VIGILANTE ARMA-MOTORISTA 24H+VIATURA;SV
Facilities;201398744;4036095;SV - LIMP. E CONSERV. Auxiliar de Serviç;MON
Facilities;200344608;4049225;Vigilância - Posto Vigilante;SV
Facilities;300380700;4085819;HN-Sup. Áreas Verdes - mot. caminhão-ADM;SV
Facilities;201659350;4080675;ITA-VIGILANTE ARMADO 24H;SV
Facilities;200323568;4060708;EQUIPAMENTO - VARRIÇÃO;SV
Facilities;201398744;4036105;SV - PEQ. REPAROS Pedreiro;MON
Facilities;200345844;4079033;SV 01 POSTO VIGILANTE - 24h(EXTRA);SV
Facilities;300380700;4085820;HN-Jardineiro -ADM;SV
Facilities;201398744;4055325;HOUND UP - R$/LITRO;L
Facilities;200903532;4073152;Eletricista Mensal;SV
Facilities;200353660;4090819;SV - ONIBUS ITERNO MMB - OP - ITA PRO;SV
Facilities;201398744;4097683;SV - ROBÔ LV 600A;SV
Facilities;202024942;4076291;MC 600 KARCHER REGIME 12X36;MON
Facilities;201659350;4068426;VIGILANTE DESARMADO 24H;SV
Facilities;200733106;4038263;SV-LIMPEZA INDUSTRIAL;SV
Facilities;300380700;4085821;HN-Op. de roçadeira com PTA-ADM;SV
Facilities;201659350;4068065;VIGILANTE ARMADO 12H DIURNO;SV
Facilities;300380700;4085822;HN-Op. de motosserra -ADM;SV
Facilities;201398744;4036124;SV - JARDINAGEM - Operador de Roçadeira;MON
Facilities;201951052;4041315;SV TRANSPORTE RODOVIARIO - ONIBUS;KM
Facilities;300380700;4085823;HN-Líder Op. Civil NR35-ADM;SV
Facilities;200978680;4072366;Sv Locação de Caminhão de Varrição;MON
Facilities;201398744;4036096;SV - LIMP. E CONSERV. Auxiliar de Serviç;MON
Facilities;202024942;4061155;Veículo de jato e sucção;SV
Facilities;201398744;4066916;LIDER CARTEIRA B - REDE ELET.;MON
Facilities;201398744;4036103;SV - PEQ. REPAROS Eletricistas;MON
Facilities;201659350;4067927;VIGILANTE 12X36 24H + VEÍCULO;SV
Facilities;201659350;4073194;Vigilante Inspetor 24hs, diariamente;SV
Facilities;200345844;4047084;SV 01 POSTO PÁTIO SUC - 24H - C INSALUBR;SV
Facilities;300380700;4085825;Peric.Mês - Op. de motosserra  - ADM;SV
Facilities;200323568;4099948;ASG - I40%;SV
Facilities;201659350;4067925;VIGILANTE DESARMADO 24H RONDA MÓVEL;SV
Facilities;200345844;4067262;SV 01 POSTO 24H EXPEDIÇÃO;SV
Facilities;201951052;4056356;SV-TRANSP TURNO MUNICIPAL - T15;SV
Facilities;200345844;4100491;01 POSTO VIGILÂNCIA CANINA - 24H;SV
Facilities;200364916;4102601;MATERIAIS DE LIMPEZA;SV
Facilities;201951052;4056358;SV-TRANSP TURNO MUNICIPAL - T19;SV
Facilities;201951052;4056352;SV-TRANSP TURNO MUNICIPAL - T08;SV
Facilities;201951052;4056351;SV-TRANSP TURNO MUNICIPAL - T07;SV
Facilities;201951052;4056357;SV-TRANSP TURNO MUNICIPAL - T18;SV
Facilities;201951052;4056353;SV-TRANSP TURNO MUNICIPAL - T11;SV
Facilities;201659350;4077503;INSPETOR CONDUTOR DE CÃO 24H;SV
Facilities;201398744;4066913;OP ROÇADEIRA - PERICULOSIDADE REDE ELET.;MON
Facilities;201951052;4056354;SV-TRANSP TURNO MUNICIPAL - T13;SV
Facilities;300380700;4085827;HN-Op. de roçadeira -ADM;SV
Facilities;201398744;4036101;SV - LIMP. E CONSERV. Equipamento de Lim;MON
Facilities;200367382;4095311;SV - MANUT. MENSAL CERCAS E ALARMES MMB;SV
Facilities;202024942;4090811;CAMINHÃO PIPA 10.000L;SV
Facilities;200344608;4068091;Vigilância - Posto VIG 24 Hs;SV
Facilities;201951052;4064944;SV-TRANSP TURNO MUNICIPAL - T03;SV
Facilities;201951052;4056350;SV-TRANSP TURNO MUNICIPAL - T01;SV
Facilities;201659350;4068035;VIGILANTE ARMADO 12H NOTURNO;SV
Facilities;200978680;4105835;Operador de varredeira;SV
Facilities;300380700;4085828;HN-Of. de Manut. Predial -ADM;SV
Facilities;201951052;4056355;SV-TRANSP TURNO MUNICIPAL - T14;SV
Facilities;201659350;4068041;CAMINHONETE MINERAÇÃO 4X4 24H;SV
Facilities;201398744;4097337;SV - TRATOR;SV
Facilities;201659350;4076431;Vigilante Patrimonial  24HS;SV
Facilities;201659350;4067961;VIGILANTE 12X36 24H;SV
Facilities;201398744;4036110;SV - CERCAS MUDAN -  Equipamentos - Manu;MON
Facilities;201398744;4053792;SV - JARDINAGEM - Op Roçadeira insal 40%;SV
Facilities;300678820;4101491;AG HIGIENIZAÇÃO (1 TURNO);SV
Facilities;200353660;4063424;SV RESERVA TEC CARANDAI OB;SV
Facilities;201659350;4077078;Vigilante Patrimonial  24HS;SV
Facilities;200733106;4037112;SV-LIMPEZA E CONSERVAÇÃO;SV
Facilities;300380700;4085829;HN-Servente de obras -ADM;SV
Facilities;200978680;4105833;BUCHER V65 turno administrativo noturno;SV
Facilities;201402710;4017896;SV-VIGILANTE ARMADO -24H 12X36;SV
Facilities;201879426;4068608;Vigilante básico noturno;SV
Facilities;201659350;4080674;ITA-VIGILANTE ARMADO CONDUTOR DE CÃO 24H;SV
Facilities;200323568;4096111;Caminhão Pipa - 10.000 Litros;SV
Facilities;201659350;4068067;VIGILANTE ARMADO CONDUTOR CÃO 24H;SV
Facilities;200379568;4075560;SV-PORTARIA 24H C/CAO - ANEXO AN;SV
Facilities;201659350;4080677;ITA-CAMINHONETE MINERAÇÃO 4X4 24H;SV
Facilities;300380700;4085830;HN-Dedetizador (PTA e NR35) -ADM;SV
Facilities;200903532;4073156;Auxiliar Eletricista Mensal;SV
Facilities;201398744;4036111;SV - GERENCIAMENTO - Técnico de Seguranç;MON
Facilities;201536318;4097611;SV - Auxiliar de Serviços Gerais - CSG;SV
Facilities;200903532;4073166;Supervisor Operacional Mensal;SV
Facilities;200364916;4099891;POSTO PORTEIRO 24HS NOTURNO;SV
Facilities;200345844;4038058;SV 01 POSTO VIG MOTORISTA AMBULANC - 24H;SV
Facilities;201951052;4056163;SV-TRANSP ADM MUNICIPAL - A03;SV
Facilities;201951052;4056164;SV-TRANSP ADM MUNICIPAL - A05;SV
Facilities;201951052;4056165;SV-TRANSP ADM MUNICIPAL - A06;SV
Facilities;201951052;4056167;SV-TRANSP ADM MUNICIPAL - A08;SV
Facilities;201951052;4056168;SV-TRANSP ADM MUNICIPAL - A09;SV
Facilities;201951052;4056169;SV-TRANSP ADM MUNICIPAL - A10;SV
Facilities;201951052;4056166;SV-TRANSP ADM MUNICIPAL - A07;SV
Facilities;200353660;4092937;SV - ONIBUS ITERNO MMB - OP - ITA PRO 3°;SV
Facilities;201659350;4077983;Vigilante Patrimonial  24HS;SV
Facilities;201951052;4056359;SV-TRANSP MUNICIPAL -  EST01;SV
Facilities;201951052;4056360;SV-TRANSP MUNICIPAL - EST02;SV
Facilities;201398744;4036125;SV - JARDINAGEM - Operador de Trator;MON
Facilities;200345844;4038053;SV 01 POSTO VIGILANTE LÍDER - 24h;SV
Facilities;300415420;4077950;SV-CAPINEIROS;SV
Facilities;201398744;4109557;Equipamentos Ferrovia;SV
Facilities;300380700;4085831;HN-Líder Op. áreas verdes + roçador-ADM;SV
Facilities;201879426;4068607;Vigilante básico diurno;SV
Facilities;201951052;4056162;SV-TRANSP ADM MUNICIPAL - A02;SV
Facilities;201398744;4109556;Equipamentos Meio ambiente;SV
Facilities;201536318;4097610;SV - Operador de maquinas;SV
Facilities;200903532;4073154;Eletricista Montador Ajudante Mensal;SV
Facilities;201398744;4036112;SV - GERENCIAMENTO - Gerente Operacional;MON
Facilities;200733106;4100966;ASG S/ INSALUBRIDADE - ADM;SV
Facilities;202024942;4059105;VARREDEIRA KMR 300 ADM;MON
Facilities;201398744;4110362;Equipamentos Real State Roçada;SV
Facilities;201659350;4043288;Sv. Vigilancia 12Hrs c/ car+man+interval;SV
Facilities;200345844;4038160;SV 01 POSTO 24H - C HORA INTRAJORNADA;SV
Facilities;300380700;4085834;Peric.Mês - Aux. de Sv. Gerais - 12x36;SV
Facilities;200323568;4099968;JARDINEIRO - I20%;SV
Facilities;300415420;4077954;SV-MATERIAS EQUIPAMENTOS (6 ROC , CAR4X4;SV
Facilities;200364916;4099890;POSTO PORTEIRO 24HS DIURNO;SV
Facilities;200323568;4060707;MO - VARRIÇÃO;SV
Facilities;200318342;4067217;SV SPIN TURNO 14H00/00H00 (C);SV
Facilities;200978680;4107893;RESSARCIMENTO DIESEL;SV
Facilities;201879426;4079900;Vigilante básico diurno-Extra Emergencia;SV
Facilities;300380700;4085836;HN-Mensageiro -ADM;SV
Facilities;200318342;4067218;SV SPIN TURNO 21H00/07H00 (A);SV
Facilities;200323568;4013339;SV-LIMPEZA E CONSERVACAO MENSAL .;SV
Facilities;200903532;4073162;Téc. Segurança do Trabalho Mensal;SV
Facilities;200733106;4101160;ASG C/ INSALUBRIDADE - ACIARIA;SV
Facilities;201659350;4068077;CAMINHONETE 4X4 24H;SV
Facilities;300380700;4085837;H.E.SS-Assist.Adm.Medição+Bancodoc-ADM;SV
Facilities;300415420;4077848;SV-AUX SERVIÇOS GERAIS 12H/DIA I-INSALUB;SV
Facilities;200345844;4038052;SV 01 POSTO SUPERVISOR - 5x2 12h;SV
Facilities;300380700;4085838;H.E.SS-Aux. Adm. Almox.-ADM;SV
Facilities;300415420;4077845;SV-AUXILIAR SERVIÇOS GERAIS-ADM;SV
Facilities;200367382;4095228;SV - MANUT. MENSAL CERCAS E ALARMES UOB;SV
Facilities;200903532;4073150;Técnico Eletroeletrônico - Líder-Mensal;SV
Facilities;300380700;4085839;H.E.SS-Eng.Civil-Gestor Contrato -ADM;SV
Facilities;200292072;4038900;SV-LIMPEZA MECANICA PISTAS E PATIOS D.;SV
Facilities;300170396;4067929;PORTARIA 12X36 24H;SV
Facilities;201536318;4097289;SV - Operador de roçadeira;SV
Facilities;200733106;4014402;SV -LIMPEZA E CONSERVACAO .;SV
Facilities;201850032;4117105;VÁRZEA DA PALMA - SILVICULTURA - ÔNIBUS;SV
Facilities;201850032;4117106;AUGUSTO DE LIMA - SILVICULTURA - ÔNIBUS;SV
Facilities;300415420;4077847;SV-AUX SERVIÇOS GERAIS ADM I - INSALUBR;SV
Facilities;201659350;4068069;VIGILANTE ARMADO 12H NOTURNO;SV
Facilities;201398744;4109559;Equipamento de linha de Servidão;SV
Facilities;200880612;4049544;SV - ROÇADA EXTERNA;SV
Facilities;201398744;4109558;Equipamentos Real State Cerca;SV
Facilities;201879426;4065016;POSTO VIGILANCIA 12X36 DIURNO;SV
Facilities;300380700;4085840;H.E.SS-Analista de Processos -ADM;SV
Facilities;200323568;4099966;ASSIST. DE MANUTENÇÃO - I20%;SV
Facilities;201850032;4117103;VÁRZEA DA PALMA - 106 - ÔNIBUS;SV
Facilities;201398744;4109555;Equipamentos jardinagem supressão CTE;SV
Facilities;201659350;4115961;VIGILANTE DESARMADO 24H (SEG a DOM);SV
Facilities;200873356;4087459;POSTO VIG.24X7;SV
Facilities;201398744;4036104;SV - PEQ. REPAROS Bombeiro;MON
Facilities;200323568;4099941;GERENTE OPERACIONAL;SV
Facilities;201850032;4117116;OLHOS D'ÁGUA  - SILVICULTURA - MICRO;KM
Facilities;201850032;4117114;CURVELO  - SILVICULTURA - MICRO;KM
Facilities;201850032;4117115;CURVELO  - SILVICULTURA - MICRO RESERVA;KM
Facilities;200345844;4060871;SV 01 POSTO 24H PT BOLHA;SV
Facilities;200345844;4072104;SV 01 POSTO VIGILANTE - 24h(REVISTA EXP);SV
Facilities;300170396;4068062;RECEPCIONISTA 44H (SEG A SEX);SV
Facilities;300380700;4085841;H.E.SS-Eng. em Seg. do Trabalho-ADM;SV
Facilities;200344890;4090389;SV RECEPÇÃO;SV
Facilities;201398744;4036115;SV - GERENCIAMENTO - Engenheiro de Segur;MON
Facilities;300170396;4064937;SV PORTEIRO 24H (DOM/SEG);SV
Facilities;200323568;4100018;AUX. DE MANUTENÇÃO - I20%;SV
Facilities;201398744;4089085;Sv. Conservacao/Limpeza/Jardinagem Caban;SV
Facilities;201398744;4053685;SV - LIMP. E CONSERV. Material de Limpez;MON
Facilities;201384752;4054234;VEÍCULO CIRCULAÇÃO INTERNA;SV
Facilities;300415420;4077849;SV-AUX SERVIÇOS GERAIS 12H/NOITE I-INSAL;SV
Facilities;300380700;4085842;H.E.SS-Médico do trabalho -ADM;SV
Facilities;201659350;4035972;Vigilante 12hs noturno c/ intervalo;SV
Facilities;201398744;4109551;M.P.R.EQUIP 1 - CAMINHONETE + COMB.;SV
Facilities;201384752;4045481;SV LINHA TUV06 - INHOAÍBA;SV
Facilities;201384752;4054231;SV LINHA TUV05 - CAMPO GRANDE;SV
Facilities;201384752;4054232;SV LINHA TUV08 - SANTÍSSIMO;SV
Facilities;201384752;4054233;SV LINHA TUV10 - SEPETIBA;SV
Facilities;201384752;4062279;SV LINHA 13A - BARRA;SV
Facilities;201384752;4091736;SV LINHA A15 - EXPRESSO RECREIO;SV
Facilities;201398744;4091462;SV .Motorista/encarregado D;SV
Facilities;300380700;4085843;H.E.SS-Téc. de Seg. do trabalho-ADM;SV
Facilities;201398744;4097336;SV - GIRO ZERO;SV
Facilities;300380700;4085844;H.E.SS-Sup.Limp. e SV. Gerais II -ADM;SV
Facilities;201398744;4036123;SV - JARDINAGEM - Operador de Moto Serra;MON
Facilities;200323568;4099979;IMPLANT. EQUIPE COLETA - I40%;SV
Facilities;201398744;4091463;Materiais + Equipamentos;SV
Facilities;201384752;4054235;SV LINHA AO2B - ZONA SUL;SV
Facilities;300380700;4085845;H.E.SS-Dedetizador Sv.Ger.PTA+NR35-ADM;SV
Facilities;201879426;4013402;SV VIGILANTE CONDUTOR 18H AS 06H 12X36.;SV
Facilities;300170396;4068033;RECEPCIONISTA 44H (SEG A SEX);SV
Facilities;201879426;4060567;POSTO VIGILANTE NOTURNO 18h AS 06h 12X36;SV
Facilities;200293670;4037402;SV-PORTEIRO 24H 12X36;SV
Facilities;300380700;4085846;H.E.SS-Líder Limpeza -XY;SV
Facilities;201398744;4036091;SV - LIMP. E CONSERV. Líder 1º e 2º Turn;MON
Facilities;200344608;4090384;Posto Estacionamento Alternativo;SV
Facilities;201879426;4013413;SV VIGILANTE 19H00 AS 07H00 12 X 36 SEG.;SV
Facilities;200364916;4099893;JARDINEIRO;SV
Facilities;201879426;4068609;PORTEIRO DIURNO;SV
Facilities;201384752;4040389;SV LINHA ADM A02-A - JACAREPAGUA;SV
Facilities;300380700;4085847;H.E.SS-Zelador-ADM;SV
Facilities;200353660;4065863;CCO - PROPRIO;SV
Facilities;201398744;4036120;SV - JARDINAGEM - Motorista;MON
Facilities;201879426;4013433;SV VIGILANTE CONDUTOR 06H AS 18H 12X36.;SV
Facilities;201398744;4036109;SV - CERCAS MUDAN -  Aux. de Jardinagem;MON
Facilities;201879426;4060635;POSTO VIGILANTE NOTURNO P2 - 12X36;SV
Facilities;300380700;4085848;H.E.SS-Aux. de Sv. Gerais  -ADM;SV
Facilities;201659350;4068045;VIGILANTE BARCO 12H DIURNO (SEG A SEG);SV
Facilities;201659350;4068031;COORDENADOR ADM 44H (SEG A SEX);SV
Facilities;201659350;4068063;COORDENADOR ADM 44H (SEG A SEX);SV
Facilities;200353660;4101664;SV RESERVA TEC ENTRE RIOS OB;SV
Facilities;201879426;4031832;SV VIGILANTE CONDUTOR 06H AS 18H 4X 2;SV
Facilities;300380700;4085849;H.E.SS-Aux. de Sv. Gerais -ADM;SV
Facilities;201398744;4036102;SV - PEQ. REPAROS Supervisor Pequenos Re;MON
Facilities;200323568;4099949;ASG - I20%;SV
Facilities;201536318;4097646;SV - Varredora de vias (Cabinada) - CSG;SV
Facilities;201659350;4035971;Vigilante 12hs diurno c/ intrajornada;SV
Facilities;201384752;4040385;SV LINHA TUV03 - KM 32;SV
Facilities;201384752;4040386;SV LINHA TUV04 - PARACAMBI;SV
Facilities;201384752;4040388;SV LINHA TUV09 - CAMPO GRANDE;SV
Facilities;201384752;4045480;SV LINHA TUV02 - NOVA IGUAÇU;SV
Facilities;201398744;4053793;SV - JARDINAGEM - Op Roçadeira periculos;SV
Facilities;201659350;4068036;VIGILANTE BARCO 12H - DIURNO;SV
Facilities;200353660;4025543;ÔNIBUS  INTERNO/USINA;SV
Facilities;201398744;4036830;SV - PEQ. REPAROS Pedreiro HE 100%;H
Facilities;201398744;4053791;SV - JARDINAGEM - Encarregado Áreas Verd;SV
Facilities;201659350;4110924;VIG ARMADO - 12h not intrajornad seg-dom;SV
Facilities;201398744;4036107;SV - PEQ. REPAROS  Equipamentos - Manute;MON
Facilities;300380700;4085850;H.E.SS-Aux. de Sv. Gerais -FGH;SV
Facilities;200323568;4100016;ASG - RESIDUOS - I40%;SV
Facilities;200345844;4038054;SV 01 POSTO LÍDER CONFERENTE - 12h;SV
Facilities;201398744;4043540;Sv. Conservacao/Limpeza/Jardinag (PC101);SV
Facilities;300415420;4077942;SV-AUXILIAR SERVIÇOS GERAIS-05:30-14:00H;SV
Facilities;201398744;4053683;SV - PEQ. REPAROS Chaveiro;MON
Facilities;201398744;4037150;COMBUSTIVEL HORA EXTRA;SV
Facilities;300415420;4077743;SV-AUX SERVIÇOS LIMPEZA PREDIAL;SV
Facilities;300380700;4085851;H.E.SS-Aux. de Sv. Gerais -XY;SV
Facilities;200345844;4056172;SV 01 POSTO 24h PÁTIO TRANSPORTADORAS;SV
Facilities;300380700;4085852;HN+Add.N - Jardineiro  - ADM;SV
Facilities;201879426;4013416;SV VIGILANTE 07H00 AS 19H00 12 X 36 SEG.;SV
Facilities;200355548;4072101;SV PORTARIA - 01 POSTO AUX PORTARIA;SV
Facilities;300415420;4077744;SV-AUX SERVIÇOS LIMP PREDIAL- INS40%;SV
Facilities;200334840;4066570;CUSTO FIXO 08:00-20:00 SEG-SEX -ISS;SV
Facilities;200733106;4100960;ASG S/INSALUBRIDADE;SV
Facilities;300380700;4085853;H.E.SS-Sup.Civil+mot.caminhão-ADM;SV
Facilities;201398744;4036113;SV - GERENCIAMENTO - Assistente Adm;MON
Facilities;201384752;4040387;SV LINHA TUV07 - PACIENCIA;SV
Facilities;200353660;4025542;ÔNIBUS KM EXTRA OB/USINA;SV
Facilities;300380700;4085854;H.E.SS-Motorista -ADM;SV
Facilities;200323568;4099960;LÍDER DE LIMPEZA NOTURNO - I20%;SV
Facilities;200323568;4095370;Posto 12hs diurno;SV
Facilities;201402710;4013127;SV-VIGILANTE ARMADO LIDER - 24H 12X36;SV
Facilities;200345844;4043603;LOCAÇÃO DE VIATURA DE VIGILÂNCIA;SV
Facilities;200334840;4066400;KM RODADO 08:00-20:00 SEG-SEG -ISS;SV
Facilities;300380700;4085855;H.E.SS-Servente de obras -ADM;SV
Facilities;300380700;4085856;H.E.SS-Servente de obras -ADM;SV
Facilities;201398744;4036106;SV - PEQ. REPAROS Carpinteiro;MON
Facilities;200364916;4099898;MATERIAIS E EQUIPAMENTOS USIBA;SV
Facilities;201398744;4036816;SV-LIMP E CONSERV. Aux de Serviç HE 100%;H
Facilities;300380700;4085859;H.E.SS-Eletricista  NR35-ADM;SV
Facilities;200364916;4099895;AG. DE LIMPEZA;SV
Facilities;200353660;4118603;SV MOTORISTA INTERNO;SV
Facilities;300380700;4085860;H.E.SS-Serv.obras+ajud. elet.-ADM;SV
Facilities;201398744;4036122;SV - JARDINAGEM - Operador de Microtrato;MON
Facilities;200323568;4117848;AUXILIAR SV GERAIS 12x36 40%;SV
Facilities;200733106;4069021;SV-POSTO DE ALMOXARIFE (SEG A SEX);SV
Facilities;300380700;4085861;H.E.SS-Sup. Civil - -ADM;SV
Facilities;202043178;4069755;SV TRANSPORTE FUNCIONÁRIOS;SV
Facilities;300380700;4085863;H.E.SS-Servente de obras -ADM;SV
Facilities;200880612;4031285;SV MANUT. AREAS VERDES;SV
Facilities;201402710;4119592;RETROATIVO SERVIS;SV
Facilities;201879426;4067030;INSPETOR OPERACIONAL;SV
Facilities;200323568;4099963;SUPERV. DE MANUTENÇÃO - I20%;SV
Facilities;300380700;4085864;H.E.SS-Op. de ETA/ETE-ADM;SV
Facilities;201659350;4069142;VEÍCULO 4X4;SV
Facilities;201659350;4067924;VIGILANTE LÍDER 44H;SV
Facilities;201398744;4036100;SV - LIMP. E CONSERV. Material de Limpez;MON
Facilities;201384752;4080294;VAN CIRCULAÇÃO INTERNA COSÍGUA;SV
Facilities;201398744;4036863;SV - JARDINAGEM - Op Roçadeira HE 100%;H
Facilities;300415420;4077749;SV-JARDINAGEM-AUX DE SERVIÇOS-INS20%;SV
Facilities;300380700;4085865;Peric.Mês - Op. de roçadeira  - ADM;SV
Facilities;201536318;4097622;SV - Técnico Segurança do Trabalho - CSG;SV
Facilities;201398744;4036127;SV - JARDINAGEM - Supervisor de Jardinag;MON
Facilities;300170396;4067964;AUX DE MONITORAMENTO 12X36 DIURNO;SV
Facilities;200733106;4069022;SV-POSTO AUX ALMOXARIF FIXO (SEG A SEX);SV
Facilities;200733106;4069023;SV-POSTO AUX ALMOXARIF TEMP (SEG A SEX);SV
Facilities;201398744;4088126;SV TECNICO DE SEGURANÇA LIMPEZA ÁREA GFL;SV
Facilities;201398744;4036118;SV - JARDINAGEM - Jardineiro;MON
Facilities;201659350;4074941;VIGILANTE VSPP ARMADO 44H-(SEG A SEX);SV
Facilities;200323568;4100022;TRATOR + VARREDEIRA;SV
Facilities;300380700;4085868;H.E.SS-Op. de ETA/ETE-ADM;SV
Facilities;200363898;4117547;AGENTE DE HIGIENIZAÇÃO;SV
Facilities;300380700;4085869;H.E.SS-Líder Limpeza -ADM;SV
Facilities;200364916;4099896;OPERADOR LIDER;SV
Facilities;201398744;4036116;SV - GERENCIAMENTO - Equipamentos;MON
Facilities;201398744;4036099;SV - LIMP. E CONSERV. Encarregado;MON
Facilities;200733106;4051577;SV-LIMPEZA DE RESIDUOS;SV
Facilities;300380700;4085870;H.E.SS-Aux. de Sv. Gerais-12x36;SV
Facilities;200323568;4099961;SUPERV. DE LIMPEZA - I20%;SV
Facilities;200323568;4099967;ENCARREGADO - I20%;SV
Facilities;201659350;4068072;TST ADM 44H (SEG A SEX);SV
Facilities;200323568;4100009;SUPERVISOR DE CONTRATO;SV
Facilities;300380700;4085871;Peric.Mês - Aux. de Sv. Gerais  - FGH;SV
Facilities;300178928;4066923;Licença;SV
Facilities;201879426;4068610;PORTEIRO NOTURNO;SV
Facilities;202024942;4090812;CAMINHÃO CARROCERIA 3/4;SV
Facilities;200364916;4099910;AG. DE LIMPEZA;SV
Facilities;201398744;4072592;RADIOS;SV
Facilities;201536318;4097620;SV - Auxiliar de Serviços Gerais - CD;SV
Facilities;300380700;4085872;HN+Add.N - Op. de motosserra  - ADM;SV
Facilities;201398744;4036090;SV - LIMP. E CONSERV. Líder 3º Turno;MON
Facilities;300415420;4117521;Coordenador;SV
Facilities;201398744;4036114;SV - GERENCIAMENTO - Médico do trabalho;MON
Facilities;201659350;4080679;ITA-TEC SEGURANÇA TRABALHO SEM VEICULO;SV
Facilities;300415420;4077935;SV-COLETA SELETIVA - MOTORISTA-INS40%;SV
Facilities;200344890;4090386;SV  LIMPEZA;SV
Facilities;201879426;4020133;SV PORTEIRO DIURNO;SV
Facilities;300380700;4085873;Peric.Mês - Servente de obras  - ADM;SV
Facilities;201536318;4097286;SV - ASG ser. medico;SV
Facilities;200978680;4105838;Supervisor de operação varrição;SV
Facilities;201398744;4036092;SV - LIMP. E CONSERV. Limpador de Vidros;MON
Facilities;200323568;4018734;Serviços Gerais;SV
Facilities;300380700;4085875;H.E.SS-Of. de Manut. Predial  NR35-ADM;SV
Facilities;300168208;4066903;CAPINEIRO;SV
Facilities;200323568;4077733;SERVIÇO ZELADOR;SV
Facilities;300380700;4085876;HN+Add.N - Op. de roçadeira  - ADM;SV
Facilities;300380700;4085877;H.E.SS-Op. de motosserra-ADM;SV
Facilities;201536318;4097644;SV - Caminhão Cargo Basculante - CSG;SV
Facilities;201879426;4091835;MATERIAIS E EQUIPAMENTOS;SV
Facilities;300170396;4101612;ASSIST. ADM 44H + NOTEBOOK + CELULAR;SV
Facilities;201536318;4097617;SV - Motorista - CSG;SV
Facilities;201659350;4069294;CÃO DE GUARDA;SV
Facilities;202024942;4077256;VEÍCULO CARROCERIA MOD L200;MON
Facilities;300415420;4077934;SV-LÍDER DE JARDINAGEM-INS20%;SV
Facilities;300380700;4085879;H.E.SS-Sup.Áreas Verdes+mot.caminhão-ADM;SV
Facilities;300415420;4094411;OFICIAL DE MANUTENÇÃO I-40;SV
Facilities;201879426;4048267;SV VIGILANTE LIDER SEG X SEX;SV
Facilities;201659350;4080710;ITA-VIGILANTE ARMADO 12H NOTURNO;SV
Facilities;201398744;4066914;OP MOTO SERA- REDE ELET.;MON
Facilities;200344608;4090385;Posto Expedição;SV
Facilities;201659350;4102580;VIGILANTE LÍDER DESARMADO - 44H SEMANAIS;SV
Facilities;200323568;4100019;LÍDER DE MANUTENÇÃO - I20%;SV
Facilities;201536318;4097288;SV - Líder (Jardineiro);SV
Facilities;300380700;4085880;H.E.SS-Jardineiro -ADM;SV
Facilities;200880612;4046564;SV - LOCAÇÃO DE EQUIPAMENTOS;SV
Facilities;201879426;4097306;HORA EXTRA VIG NOTURNO;SV
Facilities;200978680;4105836;Mecânico de varredeira;SV
Facilities;201398744;4036826;SV - PEQ. REPAROS Eletricistas HE 100%;H
Facilities;300380700;4085881;H.E.SS-Op. de roçadeira com PTA-ADM;SV
Facilities;300678820;4101490;SUPERVISOR;SV
Facilities;300380700;4085882;H.E.SS-Op. de motosserra -ADM;SV
Facilities;200323568;4099942;ANALISTA ADMINISTRATIVO;SV
Facilities;201398744;4036121;SV - JARDINAGEM - Operador de Máquina -;MON
Facilities;200364916;4099894;AUXILIAR DE JARDINAGEM;SV
Facilities;200318342;4067222;SV SPIN COVID CARRO 2, 3, 4, 5, 6, 7, 8;SV
Facilities;300380700;4085883;H.E.SS-Líder Op. Civil NR35-ADM;SV
Facilities;200353660;4034176;Reembolso - Locação de Letora Cartão;SV
Facilities;300380700;4085884;H.E.SS-Of. de Manut. Predial NR35-ADM;SV
Facilities;200880612;4048101;SV - DESPRAGUEJAMENTO;SV
Facilities;201398744;4036108;SV - CERCAS MUDAN  Motorista;MON
Facilities;300380700;4085885;Peric.Mês - Aux. Adm. -Almox - ADM;SV
Facilities;201398744;4036824;SV - PEQ. REPAROS Sup Peq Re HE 100%;H
Facilities;200733106;4100968;MATERIAIS/UTENSILIOS/EQUIPAMENTOS - ADM;SV
Facilities;200733106;4100961;ASG C/INSALUBRIDADE;SV
Facilities;200733106;4037113;SV-JARDINAGEM (AREAS VERDES);SV
Facilities;200323568;4099976;COLAB. TREFILA (02) - I40%;SV
Facilities;200334840;4066283;CUSTO FIXO 05:30-17:00 SEG-SEX -ISS;SV
Facilities;200323568;4099975;AUX. SERVIÇOS GERAIS - I40%;SV
Facilities;300380700;4085886;H.E.SS-Líder Op. áreas verdes+roç.-ADM;SV
Facilities;200323568;4120658;Meio oficial de manutenção  1° Turno 44H;SV
Facilities;201398744;4053684;SV - LIMP. E CONSERV. Líder 1°/2°T Peric;MON
Facilities;200364916;4099911;ARTIFICE;SV
Facilities;300168208;4090713;ENCARREGADO LIMPEZA;SV
Facilities;201398744;4109553;M.P.R.EQUIP 2 - Combustivel + Argo;SV
Facilities;300380700;4085887;H.E.SS-Op. de roçadeira -ADM;SV
Facilities;201398744;4036093;SV - LIMP. E CONSERV. Almoxarife;MON
Facilities;201398744;4069742;CARBOXIMETRO LOCAÇÃO;SV
Facilities;201402710;4071690;SV-VIATURA PARA RONDA;SV
Facilities;201398744;4066337;SV LOC VEÍC ENCARREG LIMP ÁREAS GFL;SV
Facilities;300380700;4085888;H.E.SS-Of. de Manut. Predial -ADM;SV
Facilities;300168208;4090712;AUXILIAR SV GERAIS +40%INSAL;SV
Facilities;300380700;4085890;H.E.SS-Dedetizador (PTA e NR35) -ADM;SV
Facilities;200344608;4049224;Vigilância - Fábrica de Correntes;SV
Facilities;300380700;4085894;H.E.SS-Servente de obras -ADM;SV
Facilities;201536318;4097287;SV - Auxiliar Adm;SV
Facilities;300380700;4085896;H.E.SS-Mensageiro -ADM;SV
Facilities;201536318;4097652;SV - Combustível Mensal(máq e Veic)- CSG;SV
Facilities;201536318;4097619;SV - Oficial de Manutenção - CD;SV
Facilities;200323568;4077732;SERVIÇOS DE LIMPEZA APOIO;SV
Facilities;201850032;4117189;KM RODADO 1.13;KM
Facilities;200733106;4100967;JARDINEIRO;SV
Facilities;201536318;4097283;SV Líder de limpeza;SV
Facilities;201536318;4097616;SV - Operador de roçadeira - Pt Suc;SV
Facilities;200323568;4099982;TRATOR - NEW HOLLAND;SV
Facilities;300380700;4085897;H.E.DF-Assist.Adm.Medição+Bancodoc-ADM;SV
Facilities;201398744;4109552;M.P.R.EQUIP 1 - FERRAM. OF. E ELETRICIST;SV
Facilities;200323568;4100012;LÍDER DE LIMPEZA - I20%;SV
Facilities;201659350;4101403;VIGILANTE 12H - DIURNO;SV
Facilities;300380700;4085898;H.E.DF-Aux. Adm. Almox.-ADM;SV
Facilities;200364916;4099899;OP. DE MÁQUINAS;SV
Facilities;200323568;4099980;CAMINHÃO - 710;SV
Facilities;300380700;4085899;H.E.DF-Eng.Civil-Gestor Contrato -ADM;SV
Facilities;200323568;4100017;ASG - COLETA - I20%;SV
Facilities;201536318;4097285;SV - Limpador de vidros;SV
Facilities;200334840;4066404;CUSTO FIXO 08:00-17:00 SEG-SEG -ISS;SV
Facilities;201398744;4066336;SV ENCARREGADO LIMPEZA ÁREAS GFL;SV
Facilities;200323568;4120650;ASG 1° Turno 44H - SEG-SAB;SV
Facilities;200335092;4070058;SV. Conservação e Limpeza;SV
Facilities;201659350;4068024;VIGILANTE ARMADO 12H NOTURNO;SV
Facilities;200880612;4092271;MANTENEDOR ELETRICISTA;SV
Facilities;201398744;4038422;SV - SERVIÇOS DE MENSSAGEIROS;MON
Facilities;200323568;4099946;ASSIST. ADMINISTRATIVO;SV
Facilities;202024942;4090810;VEÍCULO APOIO SUPERVISÃO;SV
Facilities;300380700;4085900;H.E.DF-Analista de Processos -ADM;SV
Facilities;200978680;4119923;Horas extras v80;H
Facilities;200334840;4066284;KM RODADO 05:30-17:00 SEG-SEX -ISS;SV
Facilities;300380700;4085901;H.E.DF-Eng. em Seg. do Trabalho-ADM;SV
Facilities;201659350;4099412;VIGILANTE ARMADO 12H DIURNO - INTRAJORN.;SV
Facilities;200733106;4100963;MATERIAIS/ UTENSILIOS/ EQUIPAMENTOS;SV
Facilities;201384752;4054472;SV LINHA CARRO DE PASSEIO - ILHA DO GOV.;SV
Facilities;300380700;4085902;H.E.DF-Médico do trabalho -ADM;SV
Facilities;200355548;4067261;SV RECEPÇÃO CSG - 01 POATO ADM SEG A SEX;SV
Facilities;201398744;4036869;SV-JARDINAGEM - Sup de Jardinag HE 100%;H
Facilities;300168208;4090711;AUXILIAR SV GERAIS ACM COPA;SV
Facilities;300380700;4085903;H.E.DF-Téc. de Seg. do trabalho-ADM;SV
Facilities;201536318;4097650;SV - Robô Cortador de Grama - CSG;SV
Facilities;300380700;4085904;H.E.DF-Sup.Limp. e SV. Gerais II -ADM;SV
Facilities;200873356;4095939;PORTARIA REMOTA;SV
Facilities;201536318;4097647;SV - Veículo Pick-Up - CSG;SV
Facilities;300415420;4077951;SV-LIDER DE LIMPEZA;SV
Facilities;300168208;4090910;MATERIAIS E EQUIPAMENTOS 1;SV
Facilities;300380700;4085905;H.E.DF-Dedetizador Sv.Ger.PTA+NR35-ADM;SV
Facilities;201398744;4069625;EQUIP/MATERIAL CTE;SV
Facilities;200954432;4122123;VIGILANTE NOTURNO 12X36;SV
Facilities;300380700;4085906;H.E.DF-Líder Limpeza -XY;SV
Facilities;201536318;4097615;SV - Auxiliar de Serv Gerais - Pt Suc.;SV
Facilities;200323568;4099943;ANALISTA DE PROJETOS;SV
Facilities;200364916;4101629;Auxiliar. Prático;SV
Facilities;201398744;4109554;M.P.R.EQUIP 2 - Ferramentas eletricistas;SV
Facilities;201659350;4080680;ITA-INSPETOR CONDUTOR DE CÃO 24H;SV
Facilities;300380700;4085907;H.E.DF-Zelador-ADM;SV
Facilities;200323568;4100020;CAMINHÃO SW - COLETA;SV
Facilities;200323568;4100021;CAMINHÃO POLINGUDASTE;SV
Facilities;200733106;4100964;ARTÍFICE;SV
Facilities;300380700;4085908;H.E.DF-Aux. de Sv. Gerais  -ADM;SV
Facilities;201879426;4097307;HORA EXTRA VIG DIURNO;SV
Facilities;300380700;4085909;H.E.DF-Aux. de Sv. Gerais -ADM;SV
Facilities;200334840;4066287;KM RODADO 08:30-20:30 SEG-SEX -ISS;SV
Facilities;300678820;4101427;AG HIGIENIZAÇÃO (2 TURNO);SV
Facilities;200378820;4059505;SV MANUT. SISTEMA DE ALARMES DE EMERG;SV
Facilities;200364916;4101628;AG. DE LIMPEZA;SV
Facilities;300380700;4085910;H.E.DF-Aux. de Sv. Gerais -FGH;SV
Facilities;200353660;4071910;SV-MÉDICO DO TRABALHO;SV
Facilities;300380700;4085912;H.E.DF-Aux. de Sv. Gerais-12x36;SV
Facilities;300380700;4085913;H.E.DF-Sup.Civil+mot.caminhão-ADM;SV
Facilities;200978680;4072368;Sv Hora Extra Motorista;MON
Facilities;200334840;4066405;KM RODADO 08:00-17:00 SEG-SEG -ISS;SV
Facilities;200318342;4067212;SV SPIN TURNO 05H40/15H20 (A);SV
Facilities;200323568;4120653;Jardineiro 1° Turno 44H - SEG-SAB;SV
Facilities;300380700;4085914;H.E.DF-Motorista -ADM;SV
Facilities;200363898;4117546;LÍDER LIMPEZA;SV
Facilities;201398744;4036838;SV-GERENCIAMENTO-Téc de Seg HE 100%;H
Facilities;201398744;4110363;Equipamentos ETA;SV
Facilities;300380700;4085916;H.E.DF-Servente de obras -ADM;SV
Facilities;200323568;4099978;COLAB. PPG (01) - I40%;SV
Facilities;201659350;4088023;VIGILÂNCIA CANINA 12H;SV
Facilities;300415420;4087717;SV. Artificie;SV
Facilities;201850032;4117191;KM RODADO (8512);KM
Facilities;300380700;4085917;H.E.DF-Of. de Manut. Predial NR35-ADM;SV
Facilities;201402710;4119591;ALIMENTAÇÃO DIÁRIA VIGILANCIA;SV
Facilities;200367382;4095312;SV - MANUT. MENSAL CERCAS E ALARMES MVL;SV
Facilities;200353660;4066390;TST - TERCEIRO;SV
Facilities;300380700;4085918;H.E.DF-Op. de ETA/ETE-ADM;SV
Facilities;200733106;4077437;ASG (ADMINISTRATIVO) 44HS SEMANAIS DIUR;SV
Facilities;201659350;4069135;VIGILANTE 44H;SV
Facilities;200733106;4100962;ENCARREGADO;SV
Facilities;200344608;4067977;Vigilancia - Adendo Supervisor;SV
Facilities;200880612;4037070;SV - MANUT ÁREA VERDES E LIMPEZA ADM;SV
Facilities;300178928;4066924;Kit Smartphone;SV
Facilities;300380700;4085919;H.E.DF-Eletricista  NR35-ADM;SV
Facilities;200344890;4090387;SV ENCARREGADO;SV
Facilities;200323568;4099998;VEICULO;SV
Facilities;300380700;4085920;H.E.DF-Serv.obras+ajud. elet.-ADM;SV
Facilities;201659350;4068032;VIGILÂNCIA CANINA 24H;SV
Facilities;200334840;4066286;CUSTO FIXO 08:30-20:30 SEG-SEX -ISS;SV
Facilities;200733106;4077570;AUXILIAR JARDINAGEM –44HS SEMANAIS DIURN;SV
Facilities;200364916;4099912;SERVENTE PRÁTICO;SV
Facilities;200363898;4117543;RECEPCIONISTA;SV
Facilities;200323568;4122125;Sv. Porteiro Noturno 12x36;SV
Facilities;200323568;4099981;VEÍCULO;SV
Facilities;200323568;4100031;MANUTENÇÃO EQUIPAMENTOS;SV
Facilities;300380700;4085921;H.E.DF-Sup. Civil - -ADM;SV
Facilities;200363898;4117544;ASSISTENTE DE OPERAÇÃO;SV
Facilities;300380700;4085923;H.E.DF-Servente de obras -ADM;SV
Facilities;201879426;4048985;REFEIÇÕES VIGILANTES NOTURNO;SV
Facilities;200323568;4122124;Sv. Porteiro Diurno 12x36;SV
Facilities;200363898;4117540;AGENTE SERVIÇOS GERAIS;SV
Facilities;300380700;4085924;H.E.DF-Op. de ETA/ETE-ADM;SV
Facilities;201398744;4036828;SV - PEQ. REPAROS Bombeiro HE 100%;H
Facilities;300380700;4085925;H.E.DF-Servente de obras -ADM;SV
Facilities;201398744;4036854;SV - JARDINAGEM - Motorista HE 100%;H
Facilities;201398744;4036825;SV - PEQ. REPAROS Eletricistas HE 50%;H
Facilities;300380700;4085929;H.E.DF-Líder Limpeza -ADM;SV
Facilities;300380700;4085930;HN+Add.N - Dedetizador-PTA e NR35 - ADM;SV
Facilities;300380700;4085931;Peric.Mês - Dedetizador -PTA e NR35-ADM;SV
Facilities;200323568;4120651;Servente / Copeira 1° Turno 44H - SEG-SA;SV
Facilities;200363898;4089973;SV - RECEPCIONISTA;SV
Facilities;300380700;4085932;HN+Add.N - Líder Limpeza  - ADM;SV
Facilities;202024942;4091625;H.E - CAMINHÃO PIPA 10.000L;SV
Facilities;200880612;4036870;SV - MANUT ÁREA VERDES MENSAL COT;SV
Facilities;200363898;4088186;SV - AUX. SERVIÇOS GERAIS COMPARTILHADO;SV
Facilities;201398744;4036804;SV-LIMP E CONSERVLíder 1º 2ºTurn HE 100%;H
Facilities;300380700;4085933;H.E.DF-Aux. de Sv. Gerais -XY;SV
Facilities;201536318;4097642;SV - Trator Giro Zero c/coletor - CSG;SV
Facilities;300380700;4085935;H.E.DF-Of. de Manut. Predial  NR35-ADM;SV
Facilities;201398744;4097339;SV - SHOCK;SV
Facilities;201659350;4068071;VIGILANTE INSPETOR ADM;SV
Facilities;300380700;4085936;HN+Add.N - Líder op.+roçador - ADM;SV
Facilities;201398744;4097680;SV - IMPLEMENTO DE ARRASTE;SV
Facilities;200323568;4099995;LAVADORA DE PISO;SV
Facilities;200363898;4117545;LOCAÇÃO DO CARRO;SV
Facilities;200334840;4066402;KM RODADO 20:00-08:00 SEG-SEG -ISS;SV
Facilities;300380700;4085937;H.E.DF-Op. de motosserra-ADM;SV
Facilities;300380700;4085939;H.E.DF-Sup.Áreas Verdes+mot.caminhão-ADM;SV
Facilities;300380700;4085940;H.E.DF-Jardineiro -ADM;SV
Facilities;300380700;4085941;H.E.DF-Op. de roçadeira com PTA-ADM;SV
Facilities;300380700;4085942;H.E.DF-Op. de motosserra -ADM;SV
Facilities;200733106;4100965;OPERADOR DE BOBCAT;SV
Facilities;300678820;4101428;LAVADORA A260;SV
Facilities;201951052;4041318;SV TRANSPORTE - MICRO ONIBUS;KM
Facilities;200733106;4072126;SV-MAQUINA LAVADORA A5 TREFILA I;SV
Facilities;201398744;4036861;SV - JARDINAGEM - Op Moto Serra HE 100%;H
Facilities;300380700;4085943;H.E.DF-Líder Op. Civil NR35-ADM;SV
Facilities;200323568;4117849;LAVADORA BRAVA;SV
Facilities;200323568;4120652;Op. De Maquina  1° Turno 44H - SEG-SAB;SV
Facilities;200323568;4120469;Encarregada 1° Turno 44H - SEG-SEX;SV
Facilities;300380700;4085945;Peric.Mês - Assistente Adm.Med/Bancodoc;SV
Facilities;201398744;4097681;SV - VARREDEIRA;SV
Facilities;300380700;4085946;H.E.DF-Líder Op. áreas verdes+roç.-ADM;SV
Facilities;201659350;4082838;REEMBOLS DESPES-VIGILANT VSPP GERAL;SV
Facilities;200353660;4071911;SV-MÉDICO DO TRABALHO;SV
Facilities;200323568;4100024;TRATOR JARDINAGEM;SV
Facilities;200733106;4017355;SV-LOCACAO MAQUINA AUTOLAVADORA .;SV
Facilities;300380700;4085947;H.E.DF-Op. de roçadeira -ADM;SV
Facilities;300580398;4090708;SV Desinsetização e Desratização;SV
Facilities;200323568;4100026;BOB CAT;SV
Facilities;201398744;4097682;SV - AUTOMOWER - ROBÔ CORTADOR DE GRAMA;SV
Facilities;300380700;4085948;H.E.DF-Of. de Manut. Predial -ADM;SV
Facilities;300415420;4077941;SV-MATERIAIS E EQUIPAMENTOS-BCOC;SV
Facilities;300380700;4085949;H.E.DF-Servente de obras -ADM;SV
Facilities;300380700;4085950;H.E.DF-Dedetizador (PTA e NR35) -ADM;SV
Facilities;200323568;4099983;TRATOR - MASSEY;SV
Facilities;200323568;4099984;CMV;SV
Facilities;200353660;4066391;TST - PROPRIO;SV
Facilities;200318342;4067139;SV SPIN ADM 1 ESTAGIARIOS;SV
Facilities;300380700;4085954;Peric.Mês - Aux. de Sv. Gerais  - ADM;SV
Facilities;201398744;4106160;Sv. Conservacao/Limpeza/Jardinagem QL AD;SV
Facilities;200323568;4122126;Sv. Porteiro Diurno 5x2;SV
Facilities;300380700;4085956;H.E.DF-Mensageiro -ADM;SV
Facilities;201398744;4036859;SV-JARDINAGEM-Op de Microtrato HE 100%;H
Facilities;300380700;4085957;H.P.E.SS-Assist.Adm.Medição+Bancodoc-ADM;SV
Facilities;200733106;4072127;SV-MAQUINA LAVADORA A5 TREFILA II;SV
Facilities;300380700;4085958;H.P.E.SS-Aux. Adm. Almox.-ADM;SV
Facilities;200978680;4072662;Sv Treinamento;MON
Facilities;300380700;4085959;H.P.E.SS-Eng.Civil-Gestor Contrato -ADM;SV
Facilities;300521358;4028200;SV MANUT PREVENTIVA CAMARA REFRIGERAÇÃO;SV
Facilities;300380700;4085960;H.P.E.SS-Analista de Processos -ADM;SV
Facilities;300380700;4085961;H.P.E.SS-Eng. em Seg. do Trabalho-ADM;SV
Facilities;201659350;4080678;ITA-TELEMETRIA E FADIGA;SV
Facilities;200353660;4025545;ÔNIBUS KM EXTRA INTERNO/USINA;SV
Facilities;201398744;4036822;SV - LIMP E CONSERV. Encarregado HE 100%;H
Facilities;300380700;4085962;H.P.E.SS-Médico do trabalho -ADM;SV
Facilities;300380700;4085963;H.P.E.SS-Téc. de Seg. do trabalho-ADM;SV
Facilities;200733106;4101161;ASG C/ INSALUBRIDADE - RESÍDUOS;SV
Facilities;300380700;4085964;H.P.E.SS-Sup.Limp. e SV. Gerais II -ADM;SV
Facilities;300521358;4037259;SV MANUT PREVENTIVA BALCOES REFRIGERAÇÃO;SV
Facilities;300380700;4085965;H.P.E.SS-Dedetizador Sv.Ger.PTA+NR35-ADM;SV
Facilities;200323568;4120659;Auxiliar de Manutenção 1° Turno 44H - SE;SV
Facilities;201398744;4097338;SV - ROBÔ DE LIMPEZA;SV
Facilities;300380700;4085966;H.P.E.SS-Líder Limpeza -XY;SV
Facilities;200733106;4077439;ASG (VESTIÁRIO) 44HS SEMANAIS DIURNO;SV
Facilities;300380700;4085967;H.P.E.SS-Zelador-ADM;SV
Facilities;300168208;4066906;MATERIAIS E EQUIPAMENTOS;SV
Facilities;300380700;4085968;H.P.E.SS-Aux. de Sv. Gerais  -ADM;SV
Facilities;201402710;4036957;SV-H. EXTRA 50%(SEG-SEX)-VIGILANTE PE;SV
Facilities;201398744;4036857;SV-JARD-Op de Maq - Retro HE 100%;H
Facilities;201659350;4096469;ALIMENTAÇÃO VIGILANTE 24H;SV
Facilities;300380700;4085969;H.P.E.SS-Aux. de Sv. Gerais -ADM;SV
Facilities;300380700;4085970;H.P.E.SS-Aux. de Sv. Gerais -FGH;SV
Facilities;300380700;4085971;H.P.E.SS-Aux. de Sv. Gerais -XY;SV
Facilities;300380700;4085972;H.P.E.SS-Aux. de Sv. Gerais-12x36;SV
Facilities;300380700;4085973;H.P.E.SS-Sup.Civil+mot.caminhão-ADM;SV
Facilities;300380700;4085974;H.P.E.SS-Motorista -ADM;SV
Facilities;201498560;4045415;SV CONTROLE DE POMBOS;SV
Facilities;200954432;4078400;RETROATIVO POLISERVICE;SV
Facilities;200323568;4120654;INSUMOS LIMPEZA E JARDINAGEM;SV
Facilities;300380700;4085975;H.P.E.SS-Servente de obras -ADM;SV
Facilities;200323568;4120657;CARRO;SV
Facilities;300380700;4085976;H.P.E.SS-Servente de obras -ADM;SV
Facilities;300380700;4085977;H.P.E.SS-Of. de Manut. Predial NR35-ADM;SV
Facilities;201384752;4040530;SV PEDÁGIO SEROPEDICA;SV
Facilities;201398744;4036850;SV - JARDINAGEM - Jardineiro HE 100%;H
Facilities;300380700;4085979;H.P.E.SS-Eletricista  NR35-ADM;SV
Facilities;202024942;4091629;H.E - CAMINHONETE CABINE DUPLA;SV
Facilities;200323568;4100008;FERRAMENTAS;SV
Facilities;300380700;4085980;H.P.E.SS-Serv.obras+ajud. elet.-ADM;SV
Facilities;201536318;4097630;SV - LAVADORA E SECADORA DE PISO - CSG;SV
Facilities;300380700;4085981;H.P.E.SS-Sup. Civil - -ADM;SV
Facilities;300380700;4085983;H.P.E.SS-Servente de obras -ADM;SV
Facilities;300380700;4085984;H.P.E.SS-Op. de ETA/ETE-ADM;SV
Facilities;201398744;4036806;SV-LIMP E CONSERV.Limp de Vidros HE 100%;H
Facilities;200978680;4105839;Carboximetro - varrição;SV
Facilities;200880612;4036871;SV - MANUT ÁREA VERDES MENSAL CUM;SV
Facilities;201398744;4036098;SV - LIMP. E CONSERV. Auxiliar de Serviç;MON
Facilities;300380700;4085985;Peric.Mês - Líder Limpeza  - XY;SV
Facilities;300380700;4085988;H.P.E.SS-Op. de ETA/ETE-ADM;SV
Facilities;300380700;4085989;H.P.E.SS-Líder Limpeza -ADM;SV
Facilities;201418204;4062974;LIMPEZA DE BEBEDOUROS;SV
Facilities;200352886;4103528;Atendimento (garçom) - 41 a 60;SV
Facilities;300380700;4085990;HN+Add.N - Servente de obras  - ADM;SV
Facilities;200880612;4046563;SV - MANUTENÇÃO ÁREA VERDES MENSAL;SV
Facilities;300380700;4085991;Peric.Mês - Aux. de Sv. Gerais   - ADM;SV
Facilities;300380700;4085992;HN+Add.N - Of.Manut.Predial -NR35 - ADM;SV
Facilities;300380700;4085993;Peric.Mês - Aux. de Sv. Gerais - 12x36;SV
Facilities;300580398;4090705;SV Limpeza de uma coifa 1m x 4,00cm;SV
Facilities;300380700;4085995;H.P.E.SS-Of. de Manut. Predial  NR35-ADM;SV
Facilities;300380700;4085996;HN+Add.N - Servente obras+ajud.elet-ADM;SV
Facilities;201398744;4069628;MATERIAL SALA ELÉTRICA;SV
Facilities;201398744;4036821;SV - LIMP. E CONSERV. Encarregado HE 50%;H
Facilities;300580398;4090706;SV Sucção de 2 caixas de gordura até 2M3;SV
Facilities;300380700;4085997;H.P.E.SS-Op. de motosserra-ADM;SV
Facilities;300380700;4085999;H.P.E.SS-Sup.Áreas Verdes+mot.cam.-ADM;SV
Facilities;201398744;4036815;SV-LIMP E CONSERV. Aux de Serviç HE 50%;H
Facilities;300380700;4086000;H.P.E.SS-Jardineiro -ADM;SV
Facilities;300380700;4086001;H.P.E.SS-Op. de roçadeira com PTA-ADM;SV
Facilities;201879426;4059491;MATERIAIS E EQUIPAMENTOS;SV
Facilities;300380700;4086002;H.P.E.SS-Op. de motosserra -ADM;SV
Facilities;300380700;4086003;H.P.E.SS-Líder Op. Civil NR35-ADM;SV
Facilities;300380700;4086005;Peric.Mês - Zelador - ADM;SV
Facilities;201398744;4036823;SV - PEQ. REPAROS Sup Peq Re HE 50%;H
Facilities;300380700;4086006;H.P.E.SS-Líder Op. áreas verdes+roç.-ADM;SV
Facilities;300380700;4086007;H.P.E.SS-Op. de roçadeira -ADM;SV
Facilities;201659350;4068074;CELULAR SMARTPHONE;SV
Facilities;300380700;4086008;H.P.E.SS-Of. de Manut. Predial -ADM;SV
Facilities;300380700;4086010;H.P.E.SS-Dedetizador (PTA e NR35) -ADM;SV
Facilities;200733106;4117625;H.E 100% ASG C/ INSALUBRIDADE - RESÍDUOS;H
Facilities;300380700;4086014;H.P.E.SS-Servente de obras -ADM;SV
Facilities;200733106;4037272;H. EXTRA 100% ASG (COM INSALUBRIDADE);H
Facilities;300380700;4086016;H.P.E.SS-Mensageiro -ADM;SV
Facilities;300380700;4086017;H.P.E.DF-Assist.Adm.Medição+Bancodoc-ADM;SV
Facilities;200344608;4068110;Vigilância - Posto portaria SUL;SV
Facilities;200323568;4100023;TANQUE PIPA;SV
Facilities;201384752;4062172;SV PEDÁGIO TRANSOLIMPICA;SV
Facilities;300380700;4086018;H.P.E.DF-Aux. Adm. Almox.-ADM;SV
Facilities;200733106;4037262;H. EXTRA 100% ASG (SEM INSALUBRIDADE);H
Facilities;200903532;4073153;Eletricista Hora Extra;H
Facilities;300380700;4086019;H.P.E.DF-Eng.Civil-Gestor Contrato -ADM;SV
Facilities;201536318;4097625;SV - ENCERADEIRA 350MM  - CSG;SV
Facilities;202024942;4091626;H.E - CAMINHÃO CARROCERIA 3/4;SV
Facilities;300380700;4086020;H.P.E.DF-Analista de Processos -ADM;SV
Facilities;300380700;4086021;H.P.E.DF-Eng. em Seg. do Trabalho-ADM;SV
Facilities;201536318;4097614;SV - Operador de roçadeira - Pt Transp;SV
Facilities;200323568;4099996;ASPIRADOR DE PÓ;SV
Facilities;300380700;4086022;H.P.E.DF-Médico do trabalho -ADM;SV
Facilities;300380700;4086023;H.P.E.DF-Téc. de Seg. do trabalho-ADM;SV
Facilities;300380700;4086024;H.P.E.DF-Sup.Limp. e SV. Gerais II -ADM;SV
Facilities;201398744;4036801;SV-LIMP. E CONSERV.Líder 3º Turno HE 50%;H
Facilities;200323568;4101977;PMOC- SERVIÇO DE MAN. AR CONDICIONADO;SV
Facilities;200323568;4120656;TRATOR + CARRETINHA;SV
Facilities;201398744;4036831;SV - PEQ. REPAROS Carpinteiro HE 50%;H
Facilities;300380700;4086025;H.P.E.DF-Dedetizador Sv.Ger.PTA+NR35-ADM;SV
Facilities;300380700;4086026;H.P.E.DF-Líder Limpeza -XY;SV
Facilities;201536318;4097649;SV - Bicicleta Cargo - CSG;SV
Facilities;300380700;4086027;H.P.E.DF-Zelador-ADM;SV
Facilities;300380700;4086028;H.P.E.DF-Aux. de Sv. Gerais  -ADM;SV
Facilities;201398744;4069629;EQUIPAMENTO SALA ELÉTRICA;SV
Facilities;201402710;4036958;SV-H. EXTRA 100%(SAB-DOM)-VIGILANTE PE;SV
Facilities;300380700;4086029;H.P.E.DF-Aux. de Sv. Gerais -ADM;SV
Facilities;201398744;4069626;MATERIAL LIMPEZA C27;SV
Facilities;200352886;4103526;Atendimento (garçom) - 11 a 20;SV
Facilities;200352886;4103527;Atendimento (garçom) - 21 a 40;SV
Facilities;201659350;4068044;BARCO 15HP 12H - DIURNO;SV
Facilities;300380700;4086030;H.P.E.DF-Aux. de Sv. Gerais -FGH;SV
Facilities;200978680;4117696;LOCAÇÃO DE RÁDIOS;MON
Facilities;300380700;4086031;H.P.E.DF-Aux. de Sv. Gerais -XY;SV
Facilities;201659350;4068027;CELULAR;SV
Facilities;300380700;4086032;H.P.E.DF-Aux. de Sv. Gerais-12x36;SV
Facilities;200323568;4060709;HORA EXTRA - MO + EQUIPAMENTO;SV
Facilities;300380700;4086033;H.P.E.DF-Sup.Civil+mot.caminhão-ADM;SV
Facilities;300380700;4086034;H.P.E.DF-Motorista -ADM;SV
Facilities;200323568;4100025;BRAÇO ARTICULADO;SV
Facilities;201536318;4097612;SV - Auxiliar de Serv Gerais - Pt Transp;SV
Facilities;300380700;4086036;H.P.E.DF-Servente de obras -ADM;SV
Facilities;300380700;4086037;H.P.E.DF-Of. de Manut. Predial NR35-ADM;SV
Facilities;201398744;4036827;SV - PEQ. REPAROS Bombeiro HE 50%;H
Facilities;300380700;4086038;H.P.E.DF-Op. de ETA/ETE-ADM;SV
Facilities;300380700;4086039;H.P.E.DF-Eletricista  NR35-ADM;SV
Facilities;201536318;4097631;SV - LAVADORA DE PISO - CSG;SV
Facilities;300380700;4086040;H.P.E.DF-Serv.obras+ajud. elet.-ADM;SV
Facilities;201398744;4069670;EQUIPAMENTO SALA ELÉTRICA CBQ;SV
Facilities;300380700;4086041;H.P.E.DF-Sup. Civil - -ADM;SV
Facilities;200323568;4120655;FERRAMENTAL LIMPEZA E JARDINAGEM;SV
Facilities;200323568;4100029;ASPIRADOR ROBO;SV
Facilities;300380700;4086043;H.P.E.DF-Servente de obras -ADM;SV
Facilities;200733106;4117624;H.E 50% ASG C/ INSALUBRIDADE - RESÍDUOS;H
Facilities;200903532;4073159;H.E. Supervisor Operacional - seg a sab;H
Facilities;300380700;4086044;H.P.E.DF-Op. de ETA/ETE-ADM;SV
Facilities;300380700;4086045;H.P.E.DF-Servente de obras -ADM;SV
Facilities;300380700;4086049;H.P.E.DF-Líder Limpeza -ADM;SV
Facilities;201398744;4036865;SV - JARDINAGEM - Op Trator HE 100%;H
Facilities;300380700;4086050;HN+Add.N - Of. de Manut. Predial  - ADM;SV
Facilities;201398744;4069671;MATERIAL SALA ELÉTRICA CBQ;SV
Facilities;200903532;4073157;Auxiliar Eletricista-Hora Extra;H
Facilities;200323568;4100030;ASPIRADOR DE PÓ;SV
Facilities;300380700;4086051;Peric.Mês - Aux. de Sv. Gerais  - XY;SV
Facilities;300380700;4086052;HN+Add.N - Of.Manut. Predial-NR35 - ADM;SV
Facilities;300380700;4086053;Peric.Mês - Servente de obras  - ADM;SV
Facilities;300380700;4086055;H.P.E.DF-Of. de Manut. Predial  NR35-ADM;SV
Facilities;200352886;4103530;Descolamento – MMB;SV
Facilities;200323568;4099985;REBOQUE;SV
Facilities;300380700;4086056;HN+Add.N - Motorista  - ADM;SV
Facilities;200352886;4103529;Descolamento – UOB, Germinar / Fazenda;SV
Facilities;300380700;4086057;H.P.E.DF-Op. de motosserra-ADM;SV
Facilities;201536318;4097640;SV - Roçadeira - CSG;SV
Facilities;202024942;4091624;H.E - CAMINHÃO COMBINADO (HIDROJATO/SUCÇ;SV
Facilities;300380700;4086058;H.P.E.DF-Servente de obras-ADM;SV
Facilities;201536318;4097637;SV - Motopoda - CSG;SV
Facilities;300380700;4086059;H.P.E.DF-Sup.Áreas Verdes+mot.cam.-ADM;SV
Facilities;201659350;4068075;LANTERNA;SV
Facilities;201879426;4119522;MATERIAIS DIVERSOS P/ TRABALHO;SV
Facilities;200903532;4073163;Téc. Segurança do Trabalho-Hora Extra;H
Facilities;300380700;4086060;H.P.E.DF-Jardineiro -ADM;SV
Facilities;201659350;4068038;BINÓCULO;SV
Facilities;300380700;4086061;H.P.E.DF-Op. de roçadeira com PTA-ADM;SV
Facilities;201536318;4097626;SV - ENCERADEIRA 510MM - CSG;SV
Facilities;300380700;4086062;H.P.E.DF-Op. de motosserra -ADM;SV
Facilities;300380700;4086063;H.P.E.DF-Líder Op. Civil NR35-ADM;SV
Facilities;200323568;4100028;IMOP;SV
Facilities;300380700;4086066;H.P.E.DF-Líder Op. áreas verdes+roç.-ADM;SV
Facilities;300380700;4086067;H.P.E.DF-Op. de roçadeira -ADM;SV
Facilities;201398744;4069627;EQUIPAMENTO LIMPEZA C27;SV
Facilities;201954780;4110346;Tubulação Galvanizada Leve 3/4'' + Acess;M
Facilities;300380700;4086068;H.P.E.DF-Of. de Manut. Predial -ADM;SV
Facilities;200352886;4103525;Atendimento (garçom) - até 10 pessoas;SV
Facilities;201659350;4068040;LANTERNA;SV
Facilities;300380700;4086069;H.P.E.DF-Servente de obras -ADM;SV
Facilities;300380700;4086070;H.P.E.DF-Dedetizador (PTA e NR35) -ADM;SV
Facilities;201954780;4110347;Tubulação Galvanizada Leve 1'' + Acessór;M
Facilities;300380700;4086074;HN+Add.N - Eng. em Seg.Trabalho - ADM;SV
Facilities;201536318;4097629;SV - LAVADORA DE ALTA PRESSÃO - CSG;SV
Facilities;300380700;4086076;H.P.E.DF-Mensageiro -ADM;SV
Facilities;201536318;4097624;SV - CARRINHO FUNCIONAL  - CSG;SV
Facilities;300380700;4086077;H.P+Ad.Not-Assist.Adm.Med+Bancodoc-ADM;SV
Facilities;300380700;4086078;H.P+Ad.Not-Aux. Adm. Almox.-ADM;SV
Facilities;300380700;4086079;H.P+Ad.Not-Analista de Processos -ADM;SV
Facilities;300380700;4086080;H.P+Ad.Not-Eng. em Seg. do Trabalho-ADM;SV
Facilities;300380700;4086081;H.P+Ad.Not-Médico do trabalho -ADM;SV
Facilities;200334840;4066401;HORA EXTRA 08:00-20:00 SEG-SEG -ISS;SV
Facilities;300380700;4086082;H.P+Ad.Not-Téc. de Seg. do trabalho-ADM;SV
Facilities;300380700;4086083;H.P+Ad.Not-Dedet.Sv.Ger.PTA+NR35-ADM;SV
Facilities;300380700;4086084;H.P+Ad.Not-Líder Limpeza -XY;SV
Facilities;200954432;4122970;REFEIÇÕES FINAL DE SEMANA VIGILANTE;SV
Facilities;201536318;4097635;SV - Container p/ Combustível 18L - CSG;SV
Facilities;300380700;4086085;H.P+Ad.Not-Zelador-ADM;SV
Facilities;300380700;4086086;H.P+Ad.Not-Aux. de Sv. Gerais  -ADM;SV
Facilities;300380700;4086088;H.P+Ad.Not-Aux. de Sv. Gerais -FGH;SV
Facilities;300380700;4086089;H.P+Ad.Not-Aux. de Sv. Gerais -XY;SV
Facilities;300380700;4086090;HN+Add.N - Op. de motosserra - ADM;SV
Facilities;300380700;4086091;H.P+Ad.Not-Sup.Civil+mot.caminhão-ADM;SV
Facilities;200323568;4100027;MAQUINA DE CORTAR GRAMA;SV
Facilities;300380700;4086092;H.P+Ad.Not-Motorista -ADM;SV
Facilities;201398744;4036858;SV-JARDINAGEM-Op de Microtrato HE 50%;H
Facilities;300380700;4086093;H.P+Ad.Not-Servente de obras -ADM;SV
Facilities;300380700;4086094;H.P+Ad.Not-Servente de obras -ADM;SV
Facilities;201954780;4110247;Inst. Cabo UTP CAT 5 ou superior;SV
Facilities;300380700;4086095;H.P+Ad.Not-Op. de ETA/ETE-ADM;SV
Facilities;300380700;4086096;H.P+Ad.Not-Eletricista  NR35-ADM;SV
Facilities;202024942;4091720;H.E - CARRO APOIO PARA SUPERVISÃO;SV
Facilities;201398744;4036836;SV-CERCAS MUDAN-Aux. de Jardin HE 100%;H
Facilities;300380700;4086097;H.P+Ad.Not-Serv.obras+ajud. elet.-ADM;SV
Facilities;300380700;4086098;H.P+Ad.Not-Sup. Civil - -ADM;SV
Facilities;300380700;4086099;H.P+Ad.Not-Servente de obras -ADM;SV
Facilities;300380700;4086100;H.P+Ad.Not-Op. de ETA/ETE-ADM;SV
Facilities;300380700;4086104;H.P+Ad.Not-Líder Limpeza -ADM;SV
Facilities;201536318;4097638;SV - Motoserra - CSG;SV
Facilities;300380700;4086105;H.P+Ad.Not-Aux. de Sv. Gerais-12x36;SV
Facilities;300380700;4086106;Peric.Mês - Of.Manut.Predial-NR35 - ADM;SV
Facilities;300380700;4086107;HN+Add.N - Zelador - ADM;SV
Facilities;300380700;4086108;Peric.Mês - Servente obras-NR10;SV
Facilities;201659350;4068020;Colete Balístico;SV
Facilities;300380700;4086110;H.P+Ad.Not-Of.Manut. Predial  NR35-ADM;SV
Facilities;201536318;4097633;SV - Container p/ Combustível 50L - CSG;SV
Facilities;201659350;4068026;BINÓCULO;SV
Facilities;201659350;4068073;BINÓCULO;SV
Facilities;300380700;4086111;H.P+Ad.Not-Aux. de Sv. Gerais -ADM;SV
Facilities;201536318;4097634;SV - Container p/ Combustível 10L - CSG;SV
Facilities;201398744;4036868;SV - JARDINAGEM - Sup de Jardinag HE 50%;H
Facilities;300380700;4086112;H.P+Ad.Not-Op. de motosserra-ADM;SV
Facilities;300380700;4086114;H.P+Ad.Not-Sup.Áreas Verdes+mot.cam.-ADM;SV
Facilities;201536318;4097623;SV - ASPIRADOR 20 LTS PÓ/ ÁGUA - CSG;SV
Facilities;300380700;4086115;H.P+Ad.Not-Jardineiro -ADM;SV
Facilities;201398744;4036849;SV - JARDINAGEM - Jardineiro HE 50%;H
Facilities;200323568;4122127;Sv. Bancodoc Porteiro Top Service;SV
Facilities;300380700;4086116;H.P+Ad.Not-Op. de roçadeira com PTA-ADM;SV
Facilities;300380700;4086117;H.P+Ad.Not-Op. de motosserra -ADM;SV
Facilities;201398744;4036841;SV-GERENCIAMENTO-Assistente Adm HE 50%;H
Facilities;201954780;4110344;Passagem de Cabeamento PP, UTP, Manga;M
Facilities;201398744;4036829;SV - PEQ. REPAROS Pedreiro HE 50%;H
Facilities;300380700;4086118;H.P+Ad.Not-Líder Op. Civil NR35-ADM;SV
Facilities;300380700;4086120;H.P+Ad.Not-Líder Op.áreas verdes+roç-ADM;SV
Facilities;300380700;4086121;H.P+Ad.Not-Op. de roçadeira -ADM;SV
Facilities;300380700;4086122;H.P+Ad.Not-Of. de Manut. Predial -ADM;SV
Facilities;300380700;4086123;H.P+Ad.Not-Servente de obras -ADM;SV
Facilities;201536318;4097641;SV - Soprador - CSG;SV
Facilities;300380700;4086124;H.P+Ad.Not-Dedetizador (PTA e NR35) -ADM;SV
Facilities;300380700;4086128;HN+Add.N - Eng. Civil - GestorContrato;SV
Facilities;200903532;4073155;Eletricista Montador Ajudante-Hora Extra;H
Facilities;201398744;4036862;SV - JARDINAGEM - Op Roçadeira HE 50%;H
Facilities;300380700;4086130;H.P+Ad.Not-Mensageiro -ADM;SV
Facilities;300380700;4086131;Add.Insal-Valor por hora (todos cargos);SV
Facilities;300380700;4086132;H.I+E.SS-Assist.Adm.Medição+Bancodoc-ADM;SV
Facilities;300380700;4086133;H.I+E.SS-Aux. Adm. Almox.-ADM;SV
Facilities;300380700;4086134;H.I+E.SS-Eng.Civil-Gestor Contrato -ADM;SV
Facilities;201659350;4067923;LANTERNA BCOC;SV
Facilities;300380700;4086135;H.I+E.SS-Analista de Processos -ADM;SV
Facilities;300380700;4086136;H.I+E.SS-Eng. em Seg. do Trabalho-ADM;SV
Facilities;300380700;4086137;H.I+E.SS-Médico do trabalho -ADM;SV
Facilities;300380700;4086138;H.I+E.SS-Téc. de Seg. do trabalho-ADM;SV
Facilities;201536318;4097632;SV - KIT DE PLACAS DE SINALIZAÇÃO - CSG;SV
Facilities;300380700;4086139;H.I+E.SS-Sup.Limp. e SV. Gerais II -ADM;SV
Facilities;300380700;4086140;H.I+E.SS-Dedetizador Sv.Ger.PTA+NR35-ADM;SV
Facilities;201536318;4097636;SV - Container p/ Combustível 5L - CSG;SV
Facilities;300380700;4086141;H.I+E.SS-Líder Limpeza -XY;SV
Facilities;300380700;4086142;H.I+E.SS-Zelador-ADM;SV
Facilities;300380700;4086143;H.I+E.SS-Aux. de Sv. Gerais  -ADM;SV
Facilities;200733106;4037261;H. EXTRA 50% ASG (SEM INSALUBRIDADE);H
Facilities;300380700;4086144;H.I+E.SS-Aux. de Sv. Gerais -ADM;SV
Facilities;300380700;4086145;H.I+E.SS-Aux. de Sv. Gerais -FGH;SV
Facilities;200334840;4066406;HORA EXTRA 08:00-17:00 SEG-SEG -ISS;SV
Facilities;300380700;4086146;H.I+E.SS-Aux. de Sv. Gerais -XY;SV
Facilities;300380700;4086147;H.I+E.SS-Aux. de Sv. Gerais-12x36;SV
Facilities;300380700;4086148;H.I+E.SS-Sup.Civil+mot.caminhão-ADM;SV
Facilities;300380700;4086149;H.I+E.SS-Motorista -ADM;SV
Facilities;300380700;4086150;H.I+E.SS-Servente de obras -ADM;SV
Facilities;200352886;4103531;Deslocamento – MVL;SV
Facilities;300380700;4086151;H.I+E.SS-Servente de obras -ADM;SV
Facilities;201536318;4097639;SV - Podador de Cerca Viva - CSG;SV
Facilities;300380700;4086152;H.I+E.SS-Of. de Manut. Predial NR35-ADM;SV
Facilities;201536318;4097628;SV - ESCADA DE ALUMÍNIO 7 DEGRAUS - CSG;SV
Facilities;300380700;4086153;H.I+E.SS-Op. de ETA/ETE-ADM;SV
Facilities;300380700;4086154;H.I+E.SS-Eletricista  NR35-ADM;SV
Facilities;300380700;4086155;H.I+E.SS-Serv.obras+ajud. elet.-ADM;SV
Facilities;300380700;4086156;H.I+E.SS-Sup. Civil - -ADM;SV
Facilities;200334840;4066285;HORA EXTRA 05:30-17:00 SEG-SEX -ISS;SV
Facilities;300380700;4086158;H.I+E.SS-Servente de obras -ADM;SV
Facilities;300380700;4086159;H.I+E.SS-Op. de ETA/ETE-ADM;SV
Facilities;201398744;4036805;SV-LIMP E CONSERV.Limp de Vidros HE 50%;H
Facilities;300380700;4086164;H.I+E.SS-Líder Limpeza -ADM;SV
Facilities;200903532;4073151;Técnico Eletroeletrônico-Líder-Hora Extr;H
Facilities;300380700;4086165;HN+Add.N - Eletricista  -NR35 - ADM;SV
Facilities;300380700;4086166;Peric.Mês - Jardineiro  - ADM;SV
Facilities;200733106;4037263;H. EXTRA 50% OP VARREDEIRA;H
Facilities;300380700;4086167;HN+Add.N - Analista de Processos  - ADM;SV
Facilities;300380700;4086168;Peric.Mês - Eletricista  -NR35 - ADM;SV
Facilities;300380700;4086170;H.I+E.SS-Of. de Manut. Predial  NR35-ADM;SV
Facilities;300380700;4086171;HN+Add.N - Téc.Seg. do trabalho - ADM;SV
Facilities;201536318;4097627;SV - ESCADA DE ALUMÍNIO 5 DEGRAUS - CSG;SV
Facilities;300380700;4086172;H.I+E.SS-Op. de motosserra-ADM;SV
Facilities;300380700;4086174;H.I+E.SS-Sup.Áreas Verdes+mot.cam.-ADM;SV
Facilities;300380700;4086175;H.I+E.SS-Jardineiro -ADM;SV
Facilities;300380700;4086176;H.I+E.SS-Op. de roçadeira com PTA-ADM;SV
Facilities;300380700;4086177;H.I+E.SS-Op. de motosserra -ADM;SV
Facilities;300380700;4086178;H.I+E.SS-Líder Op. Civil NR35-ADM;SV
Facilities;300380700;4086181;H.I+E.SS-Líder Op. áreas verdes+roç.-ADM;SV
Facilities;300380700;4086182;H.I+E.SS-Op. de roçadeira -ADM;SV
Facilities;300380700;4086183;H.I+E.SS-Of. de Manut. Predial -ADM;SV
Facilities;200344890;4090388;SV MANUTENÇÃO PREDIAL;SV
Facilities;200346246;4100138;LÍDER DE SV SENIOR;SV
Facilities;200346246;4120357;SV TRANSPORTE MARMITEX - VEÍCULO;SV
Facilities;200346246;4120358;MOTORISTA - TRANSPORTE MARMITEX;SV
Facilities;200880612;4013093;SV-MANUTENCAO DE AREAS VERDES .;SV
Facilities;300380700;4086184;H.I+E.SS-Servente de obras -ADM;SV
Facilities;300380700;4086185;H.I+E.SS-Dedetizador (PTA e NR35) -ADM;SV
Facilities;300380700;4086189;Peric.Mês - Servente de obras  - ADM;SV
Facilities;300380700;4086191;H.I+E.SS-Mensageiro -ADM;SV
Facilities;300380700;4086192;H.I+E.DF-Assist.Adm.Medição+Bancodoc-ADM;SV
Facilities;300380700;4086193;H.I+E.DF-Aux. Adm. Almox.-ADM;SV
Facilities;300380700;4086194;H.I+E.DF-Eng.Civil-Gestor Contrato -ADM;SV
Facilities;300380700;4086195;H.I+E.DF-Analista de Processos -ADM;SV
Facilities;300380700;4086196;H.I+E.DF-Eng. em Seg. do Trabalho-ADM;SV
Facilities;300380700;4086197;H.I+E.DF-Médico do trabalho -ADM;SV
Facilities;300380700;4086198;H.I+E.DF-Téc. de Seg. do trabalho-ADM;SV
Facilities;300380700;4086199;H.I+E.DF-Sup.Limp. e SV. Gerais II -ADM;SV
Facilities;300380700;4086200;H.I+E.DF-Dedetizador Sv.Ger.PTA+NR35-ADM;SV
Facilities;300380700;4086201;H.I+E.DF-Líder Limpeza -XY;SV
Facilities;300380700;4086202;H.I+E.DF-Zelador-ADM;SV
Facilities;300380700;4086203;H.I+E.DF-Aux. de Sv. Gerais  -ADM;SV
Facilities;300380700;4086204;H.I+E.DF-Aux. de Sv. Gerais -ADM;SV
Facilities;300380700;4086205;H.I+E.DF-Aux. de Sv. Gerais -FGH;SV
Facilities;300380700;4086206;H.I+E.DF-Aux. de Sv. Gerais -XY;SV
Facilities;300380700;4086207;H.I+E.DF-Aux. de Sv. Gerais-12x36;SV
Facilities;201398744;4036094;SV - LIMP. E CONSERV. Motorista;MON
Facilities;201398744;4036097;SV - LIMP. E CONSERV. Auxiliar de Serviç;MON
Facilities;201398744;4036819;SV-LIMP E CONSERV. Aux de Serviç HE 50%;H
Facilities;201398744;4036814;SV-LIMP E CONSERV.Aux de Serviç HE 100%;H
Facilities;201398744;4036803;SV-LIMP E CONSERV.Líder 1º 2ºTurn HE 50%;H
Facilities;201398744;4036818;SV-LIMP E CONSERV. Aux de Serviç HE 100%;H
Facilities;201398744;4036807;SV - LIMP. E CONSERV. Almoxarife HE 50%;H
Facilities;201398744;4036809;SV - LIMP. E CONSERV. Motorista HE 50%;H
Facilities;201398744;4036820;SV-LIMP E CONSERV. Aux de Serviç HE 100%;H
Facilities;201398744;4036808;SV - LIMP. E CONSERV. Almoxarife HE 100%;H
Facilities;201398744;4036811;SV - LIMP. E CONSERV. Motorista HE 100%;H
Facilities;201398744;4036802;SV-LIMP.E CONSERV.Líder 3º Turno HE 100%;H
Facilities;201398744;4051907;SV - AUX LIMPEZA ADM C/ VA;SV
Facilities;201398744;4055941;TRATOR SPIDER - CORTA GRAMA;SV
Facilities;201398744;4036832;SV - PEQ. REPAROS Carpinteiro HE 100%;H
Facilities;201398744;4036833;SV - CERCAS MUDAN  Motorista HE 50%;H
Facilities;201398744;4036834;SV - CERCAS MUDAN  Motorista HE 100%;H
Facilities;201398744;4036835;SV-CERCAS MUDAN-Aux. de Jardin HE 50%;H
Facilities;201398744;4036837;SV-GERENCIAMENTO-Téc de Seg HE 50%;H
Facilities;201398744;4036839;SV - GERENCIAMENTO - Gerente Op HE 50%;H
Facilities;201398744;4036840;SV - GERENCIAMENTO - Gerente Op HE 100%;H
Facilities;201398744;4036842;SV-GERENCIAMENTO-Assistente Adm HE 100%;H
Facilities;201398744;4036843;SV-GERENCIAMENTO-Médico do trab HE 50%;H
Facilities;201398744;4036844;SV-GERENCIAMENTO-Médico do trab HE 100%;H
Facilities;201398744;4036845;SV-GERENCIAMENTO-Eng de Segur 50%;H
Facilities;201398744;4036846;SV-GERENCIAMENTO-Eng de Segur 100%;H
Facilities;201398744;4060906;Coordenador;SV
Facilities;201398744;4036851;SV-JARDINAGEM - Jardi Capina Quim HE 50%;H
Facilities;201398744;4036856;SV-JARD-Op de Maq - Retro HE 50%;H
Facilities;201398744;4036866;SV - JARDINAGEM - Pedreiro HE 50%;H
Facilities;201398744;4036847;SV-JARDINAGEM-Motorista de Capina HE 50%;H
Facilities;201398744;4036853;SV - JARDINAGEM - Motorista HE 50%;H
Facilities;201398744;4036860;SV - JARDINAGEM - Op Moto Serra HE 50%;H
Facilities;201398744;4036852;SV-JARDINAGEM- Jardi Capina Quim HE 100%;H
Facilities;201398744;4036864;SV - JARDINAGEM - Op Trator HE 50%;H
Facilities;201398744;4036867;SV - JARDINAGEM - Pedreiro HE 100%;H
Facilities;201398744;4036848;SV-JARDINAGEM-Motort de Capina HE 100%;H
Facilities;201398744;4055326;DMA - R$/LITRO;L
Facilities;201398744;4036126;SV - JARDINAGEM - Pedreiro;MON
Facilities;201398744;4036117;SV - JARDINAGEM - Motorista de Capina;MON
Facilities;201398744;4036119;SV - JARDINAGEM - Jardineiro Capina Quim;MON
Facilities;201398744;4051044;SV-ASCENSORISTA TURNO ABCD;SV
Facilities;201398744;4066915;OPERADOR PLATAFORMA - REDE ELET.;MON
Facilities;201398744;4066917;EQUIPAMENTO JARDINAGEM REDE ELETRICA;MON
Facilities;201398744;4066910;OP ROÇADEIRA PERICULOSIDADE ETA;MON
Facilities;201398744;4066911;LIDER CARTEIRA B - ETA;MON
Facilities;201398744;4066912;EQUIPAMENTOS JARDINAGEM ETA;MON
Facilities;200364916;4037151;HE 75% Lider (Encarregado) - 5x2;H
Facilities;200364916;4037152;HE 100% Lider (Encarregado) - 5x2;H
Facilities;200364916;4037153;HE 75% Auxiliar Limpeza - 6x1;H
Facilities;200364916;4037154;HE 100% Auxiliar Limpeza - 6x1;H
Facilities;200364916;4037155;HE 75% Operador Varredeira 6x1;H
Facilities;200364916;4037156;HE 100% Operador Varredeira 6x1;H
Facilities;200364916;4037157;HE 75% Ajudante Industrial 6x1;H
Facilities;200364916;4037158;HE 100% Ajudante Industrial 6x1;H
Facilities;200364916;4037159;HE 75% Operador Empilhadeira 6x1;H
Facilities;200364916;4037180;HE 100% Operador Empilhadeira 6x1;H
Facilities;200364916;4037181;EH 75% Auxiliar Jardinagem 6x1;H
Facilities;200364916;4037182;EH 100% Auxiliar Jardinagem 6x1;H
Facilities;300380700;4086208;H.I+E.DF-Sup.Civil+mot.caminhão-ADM;SV
Facilities;200364916;4123409;Mantededor;SV
Facilities;200364916;4096103;SV - MANTENEDOR;SV
Facilities;200364916;4096105;SV - AUXILIAR DE MANTENEDOR;SV
Facilities;300380700;4086209;H.I+E.DF-Motorista -ADM;SV
Facilities;200733106;4037264;H. EXTRA 100% OP. VARREDEIRA;H
Facilities;200733106;4037099;H.EXTRA 50% ENCARRREGADO;H
Facilities;200733106;4037260;H. EXTRA 100% ENCARRREGADO;H
Facilities;200733106;4037265;H. EXTRA 50% TEC. SEGURANÇA;H
Facilities;200733106;4037266;H. EXTRA 100% TEC. SEGURANÇA;H
Facilities;200733106;4037267;H. EXTRA 50% JARDINEIRO;H
Facilities;200733106;4037268;H. EXTRA 100% JARDINEIRO;H
Facilities;200733106;4037269;H. EXTRA 50% ARTIFICE;H
Facilities;200733106;4037270;H. EXTRA 100% ARTIFICE;H
Facilities;200733106;4037197;H. EXTRA 50% AUX. ADM;H
Facilities;200733106;4037198;H. EXTRA 100% AUX. ADM;H
Facilities;200733106;4117620;H.E 50% OP DE BOBCAT;H
Facilities;200733106;4117621;H.E 100% OP DE BOBCAT;H
Facilities;200733106;4117622;H.E 50% AUX DE JARDINAGEM;H
Facilities;200733106;4117623;H.E 100% AUX DE JARDINAGEM;H
Facilities;200733106;4037271;H. EXTRA 50% ASG (COM INSALUBRIDADE);H
Facilities;200733106;4080945;EQUIPE ASG SEPARAÇÃO CO-PRODUTOS ACIARIA;SV
Facilities;200733106;4117626;H.E 50% AUX. ALMOXARIFADO;H
Facilities;200733106;4117627;H.E 100% AUX. ALMOXARIFADO;H
Facilities;200345844;4038056;SV 01 POSTO VIGILANTE ARMADO L4 - 24H;SV
Facilities;200345844;4057137;SV 1 POSTO VIGILANTE ARMADO BOLHA 12H NT;SV
Facilities;200345844;4072103;SV 01 POSTO VIGILANTE - 24h (LAMINAÇÃO);SV
Facilities;200345844;4079034;SV 01 POSTO VIGILANTE - 12h(EXTRA);SV
Facilities;200345844;4100399;01 POSTO AGENTE DE SEGURANÇA - 5X2 ADM;SV
Facilities;200345844;4100490;01 POSTO VIGILANTE EXTRA 24H - VIATURA;SV
Facilities;200345844;4100492;BODY CAM - CÂMERA TX6A 4G;SV
Facilities;201659350;4030020;SUMULA VIGILANTE PATRIMONIAL;H
Facilities;300380700;4086210;H.I+E.DF-Servente de obras -ADM;SV
Facilities;200323568;4064831;MANUTENÇÃO PREDIAL;SV
Facilities;200323568;4072082;Varredeira;SV
Facilities;200323568;4072081;Vias de Circulação;SV
Facilities;200323568;4072080;Locação de veículo;SV
Facilities;200323568;4077556;Serviço no CPEG – Serviço de limpeza;SV
Facilities;200323568;4077557;Meio turno QL extra Logistica;SV
Facilities;200323568;4100075;SUPERVISOR DE CONTRATO- HE 50%;SV
Facilities;200323568;4100076;SUPERVISOR DE CONTRATO - HE 100%;SV
Facilities;300380700;4086211;H.I+E.DF-Servente de obras -ADM;SV
Facilities;200323568;4100077;LÍDER DE LIMPEZA - HE 50%;SV
Facilities;200323568;4100078;LÍDER DE LIMPEZA - HE 100%;SV
Facilities;300380700;4086212;H.I+E.DF-Of. de Manut. Predial NR35-ADM;SV
Facilities;200323568;4100079;ASG - RESIDUOS - HE 50%;SV
Facilities;200323568;4100080;ASG - RESIDUOS - HE 100%;SV
Facilities;200323568;4100081;ASG - COLETA - HE 50%;SV
Facilities;200323568;4100082;ASG - COLETA - HE 100%;SV
Facilities;300380700;4086213;H.I+E.DF-Op. de ETA/ETE-ADM;SV
Facilities;200323568;4100083;AUX. DE MANUTENÇÃO - HE 50%;SV
Facilities;200323568;4100084;AUX. DE MANUTENÇÃO - HE 100%;SV
Facilities;200323568;4100085;LIDER DE MANUTENÇÃO- HE 50%;SV
Facilities;200323568;4100086;LIDER DE MANUTENÇÃO- HE 100%;SV
Facilities;300380700;4086214;H.I+E.DF-Eletricista  NR35-ADM;SV
Facilities;200323568;4100087;ASG CPEG - HE 50%;SV
Facilities;200323568;4100088;ASG CPEG - HE 100%;SV
Facilities;300380700;4086215;H.I+E.DF-Serv.obras+ajud. elet.-ADM;SV
Facilities;200323568;4080013;SERVIÇO DE AUXILIAR DE SEGURANÇA;SV
Facilities;200880612;4091545;LIMPEZA DE BANHEIROS QUÍMICOS COM INSUMO;SV
Facilities;200733106;4055556;SV-LIMPEZA MANUTENÇÃO PÁTIO CAMINHONEIRO;SV
Facilities;201951052;4056361;SV-TRANSP ADM INTERM - A01;SV
Facilities;201951052;4056362;SV-TRANSP ADM INTERM - A04;SV
Facilities;201951052;4056363;SV-TRANSP TURNO INTERM - T02;SV
Facilities;201951052;4056364;SV-TRANSP TURNO INTERM - T04;SV
Facilities;201951052;4056365;SV-TRANSP TURNO INTERM - T05;SV
Facilities;201951052;4056366;SV-TRANSP INTERM - EST03;SV
Facilities;201951052;4056488;SV TRANSPORTE INTERM KM - MICRO;KM
Facilities;201951052;4056487;SV TRANSPORTE KM RODOVIARIO - ONIBUS;KM
Facilities;201951052;4065121;SV TRANSPORTE INTERM KM - ÔNIBUS;SV
Facilities;201951052;4065276;SV-TRANSP ADM INTERM - A14;SV
Facilities;201951052;4065277;SV TRANSP INTERM COM DIESEL KM - MICRO;SV
Facilities;201951052;4067694;SV TRANSPORTE RODOVIARIO - ONIBUS;KM
Facilities;201951052;4067695;SV TRANSPORTE - MICRO ONIBUS;KM
Facilities;300380700;4086216;H.I+E.DF-Sup. Civil - -ADM;SV
Facilities;200352886;4061632;Lanche turno 3x3;SV
Facilities;300380700;4086218;H.I+E.DF-Servente de obras -ADM;SV
Facilities;300380700;4086219;H.I+E.DF-Op. de ETA/ETE-ADM;SV
Facilities;300380700;4086224;H.I+E.DF-Líder Limpeza -ADM;SV
Facilities;300380700;4086225;HN+Add.N - Sup.Limp.SV Gerais II  - ADM;SV
Facilities;300380700;4086226;Peric.Mês - Of.Manut.Predial-NR35 - ADM;SV
Facilities;300380700;4086227;HN+Add.N - Sup. de Áreas Verdes+caminhão;SV
Facilities;300380700;4086228;Peric.Mês - Aux. de Sv. Gerais  - ADM;SV
Facilities;300380700;4086230;H.I+E.DF-Of. de Manut. Predial  NR35-ADM;SV
Facilities;300380700;4086231;HN+Add.N-Sup. Civil-cond.caminhão - ADM;SV
Facilities;300380700;4086232;H.I+E.DF-Op. de motosserra-ADM;SV
Facilities;300380700;4086233;H.I+E.DF-Servente de obras-ADM;SV
Facilities;300380700;4086234;H.I+E.DF-Sup.Áreas Verdes+mot.cam.-ADM;SV
Facilities;300380700;4086235;H.I+E.DF-Jardineiro -ADM;SV
Facilities;300380700;4086236;H.I+E.DF-Op. de roçadeira com PTA-ADM;SV
Facilities;300380700;4086237;H.I+E.DF-Op. de motosserra -ADM;SV
Facilities;200352886;4067993;SERV. BRUNCH LANCHE TURNO 3X3;SV
Facilities;300380700;4086238;H.I+E.DF-Líder Op. Civil NR35-ADM;SV
Facilities;300380700;4086241;H.I+E.DF-Líder Op. áreas verdes+roç.-ADM;SV
Facilities;300380700;4086242;H.I+E.DF-Op. de roçadeira -ADM;SV
Facilities;300380700;4086243;H.I+E.DF-Of. de Manut. Predial -ADM;SV
Facilities;300380700;4086244;H.I+E.DF-Servente de obras -ADM;SV
Facilities;300380700;4086245;H.I+E.DF-Dedetizador (PTA e NR35) -ADM;SV
Facilities;300380700;4086251;H.I+E.DF-Mensageiro -ADM;SV
Facilities;300380700;4086252;H.I+A.Not-Aux. Adm. Almox.-ADM;SV
Facilities;300380700;4086253;H.I+A.Not-Eng.Civil-Gestor Contrato -ADM;SV
Facilities;300380700;4086254;H.I+A.Not-Analista de Processos -ADM;SV
Facilities;300380700;4086255;H.I+A.Not-Eng. em Seg. do Trabalho-ADM;SV
Facilities;300380700;4086256;H.I+A.Not-Médico do trabalho -ADM;SV
Facilities;300380700;4086257;H.I+A.Not-Téc. de Seg. do trabalho-ADM;SV
Facilities;300380700;4086258;H.I+A.Not-Sup.Limp. e SV. Gerais II -ADM;SV
Facilities;300380700;4086259;H.I+A.Not-Líder Limpeza -XY;SV
Facilities;300380700;4086260;H.I+A.Not-Zelador-ADM;SV
Facilities;300380700;4086261;H.I+A.Not-Aux. de Sv. Gerais  -ADM;SV
Facilities;300380700;4086263;H.I+A.Not-Aux. de Sv. Gerais -FGH;SV
Facilities;300380700;4086264;H.I+A.Not-Aux. de Sv. Gerais -XY;SV
Facilities;300380700;4086265;HN+Add.N - Supervisor Civil -  - ADM;SV
Facilities;300380700;4086266;H.I+A.Not-Sup.Civil+mot.caminhão-ADM;SV
Facilities;300380700;4086267;H.I+A.Not-Motorista -ADM;SV
Facilities;300380700;4086268;H.I+A.Not-Servente de obras -ADM;SV
Facilities;300380700;4086269;H.I+A.Not-Servente de obras -ADM;SV
Facilities;300380700;4086270;H.I+A.Not-Of. de Manut. Predial NR35-ADM;SV
Facilities;300380700;4086271;H.I+A.Not-Op. de ETA/ETE-ADM;SV
Facilities;300380700;4086272;H.I+A.Not-Eletricista  NR35-ADM;SV
Facilities;300380700;4086273;H.I+A.Not-Serv.obras+ajud. elet.-ADM;SV
Facilities;300380700;4086274;H.I+A.Not-Sup. Civil - -ADM;SV
Facilities;300380700;4086276;H.I+A.Not-Servente de obras -ADM;SV
Facilities;300380700;4086277;H.I+A.Not-Op. de ETA/ETE-ADM;SV
Facilities;300380700;4086282;H.I+A.Not-Líder Limpeza -ADM;SV
Facilities;300380700;4086283;H.I+A.Not-Aux. de Sv. Gerais-12x36;SV
Facilities;300380700;4086284;Peric.Mês - Dedetizador-PTA e NR35 - ADM;SV
Facilities;300380700;4086285;Peric.Mês - Aux. de Sv. Gerais  - ADM;SV
Facilities;300380700;4086286;Peric.Mês - Mensageiro  - ADM;SV
Facilities;300380700;4086288;H.I+A.Not-Aux. de Sv. Gerais -ADM;SV
Facilities;300380700;4086289;H.I+A.Not-Op. de motosserra-ADM;SV
Facilities;300380700;4086291;H.I+A.Not-Sup.Áreas Verdes+mot.cam.-ADM;SV
Facilities;300380700;4086292;H.I+A.Not-Jardineiro -ADM;SV
Facilities;300380700;4086293;H.I+A.Not-Op. de roçadeira com PTA-ADM;SV
Facilities;300380700;4086294;H.I+A.Not-Op. de motosserra -ADM;SV
Facilities;300380700;4086295;H.I+A.Not-Líder Op. Civil NR35-ADM;SV
Facilities;300380700;4086298;H.I+A.Not-Op. de roçadeira -ADM;SV
Facilities;300380700;4086299;H.I+A.Not-Of. de Manut. Predial -ADM;SV
Facilities;300380700;4086300;H.I+A.Not-Servente de obras -ADM;SV
Facilities;300380700;4086301;H.I+A.Not-Dedetizador (PTA e NR35) -ADM;SV
Facilities;300380700;4086304;Peric.Mês - Of.Manut.Predial-NR35 - ADM;SV
Facilities;300380700;4086306;H.I+A.Not-Mensageiro -ADM;SV
Facilities;300380700;4086307;H.Oc-Assist.Adm.  Medição e Bancodoc-ADM;SV
Facilities;300380700;4086308;H.Oc-Aux. Adm. Almox.-ADM;SV
Facilities;300380700;4086309;H.Oc-Eng.Civil-Gestor Contrato -ADM;SV
Facilities;300380700;4086310;H.Oc-Analista de Processos -ADM;SV
Facilities;300380700;4086311;H.Oc-Eng. em Seg. do Trabalho-ADM;SV
Facilities;300380700;4086312;H.Oc-Médico do trabalho -ADM;SV
Facilities;300380700;4086313;H.Oc-Téc. de Seg. do trabalho-ADM;SV
Facilities;300380700;4086314;H.Oc-Sup.Limp. e SV. Gerais II -ADM;SV
Facilities;300380700;4086315;H.Oc-Dedetizador Sv.Ger.PTA+NR35-ADM;SV
Facilities;300380700;4086316;H.Oc-Líder Limpeza -XY;SV
Facilities;300380700;4086317;H.Oc-Zelador-ADM;SV
Facilities;300380700;4086318;H.Oc-Aux. de Sv. Gerais  -ADM;SV
Facilities;300380700;4086322;Peric.Mês - Aux. de Sv. Gerais  - XY;SV
Facilities;300380700;4086323;H.Oc-Sup.Civil+mot.caminhão-ADM;SV
Facilities;300380700;4086324;H.Oc-Motorista -ADM;SV
Facilities;300380700;4086325;H.Oc-Servente de obras -ADM;SV
Facilities;300380700;4086326;H.Oc-Servente de obras -ADM;SV
Facilities;300380700;4086327;H.Oc-Of. de Manut. Predial NR35-ADM;SV
Facilities;300380700;4086328;H.Oc-Op. de ETA/ETE-ADM;SV
Facilities;300380700;4086329;H.Oc-Eletricista  NR35-ADM;SV
Facilities;300380700;4086330;H.Oc-Servente obras - (ajud. elet.)-ADM;SV
Facilities;300380700;4086331;H.Oc-Sup. Civil - -ADM;SV
Facilities;300380700;4086333;H.Oc-Servente de obras -ADM;SV
Facilities;300380700;4086334;H.Oc-Op. de ETA/ETE-ADM;SV
Facilities;300380700;4086339;H.Oc-Líder Limpeza -ADM;SV
Facilities;300380700;4086340;H.Oc-Aux. de Sv. Gerais-12x36;SV
Facilities;300380700;4086341;Peric.Mês - Servente de obras  - ADM;SV
Facilities;200352886;4117820;Lanche Germinar - padrão 05;SV
Facilities;200352886;4117821;Lanche Germinar - padrão 06;SV
Facilities;200352886;4117822;Lanche Germinar - padrão 07;SV
Facilities;300380700;4086342;Peric.Mês - Op. de roçadeira-PTA - ADM;SV
Facilities;300380700;4086343;H.Oc-Aux. de Sv. Gerais -XY;SV
Facilities;300380700;4086344;H.Oc-Aux. de Sv. Gerais -FGH;SV
Facilities;300380700;4086345;H.Oc-Of. de Manut. Predial  NR35-ADM;SV
Facilities;300380700;4086346;H.Oc-Aux. de Sv. Gerais -ADM;SV
Facilities;300380700;4086347;H.Oc-Op. de motosserra-ADM;SV
Facilities;300380700;4086349;H.Oc-Sup. Áreas Verdes+mot.caminhão-ADM;SV
Facilities;300380700;4086350;H.Oc-Jardineiro -ADM;SV
Facilities;300380700;4086351;H.Oc-Op. de roçadeira com PTA-ADM;SV
Facilities;300380700;4086352;H.Oc-Op. de motosserra -ADM;SV
Facilities;300380700;4086353;H.Oc-Líder Op. Civil NR35-ADM;SV
Facilities;300380700;4086356;H.Oc-Líder Op. áreas verdes+roç.-ADM;SV
Facilities;300380700;4086357;H.Oc-Op. de roçadeira -ADM;SV
Facilities;300380700;4086358;H.Oc-Of. de Manut. Predial -ADM;SV
Facilities;300380700;4086364;H.Oc-Servente de obras -ADM;SV
Facilities;300380700;4086365;H.Oc-Dedetizador (PTA e NR35) -ADM;SV
Facilities;300380700;4086366;H.Oc-Mensageiro -ADM;SV
Facilities;300380700;4086510;H.P+Ad.Not-Eng.Civil-Gestor Contrato-ADM;SV
Facilities;300380700;4086511;H.P+Ad.Not-Sup.Limp. e SV. Gerais II-ADM;SV
Facilities;200346880;4087450;SUPERVISOR DE OBRAS HORA NORMAL HH;SV
Facilities;300380700;4087521;HN+Add.N - Servente de obras  - ADM;SV
Facilities;300380700;4087522;HN+Add.N - Aux. de Sv. Gerais  - FGH;SV
Facilities;300380700;4087523;HN+Add.N - Aux. de Sv. Gerais - 12x36;SV
Facilities;300380700;4087524;HN+Add.N - Op. de roçadeira-PTA - ADM;SV
Facilities;300380700;4087525;HN+Add.N - Aux. Adm. -Almox - ADM;SV
Facilities;300380700;4087526;HN+Add.N -Assist.Adm.(Med/Bancodoc)- ADM;SV
Facilities;300380700;4087527;HN+Add.N - Op. de ETA/ETE - ADM;SV
Facilities;300380700;4087528;HN+Add.N - Líder Op.Civil -NR35 - ADM;SV
Facilities;300380700;4087529;HN+Add.N - Líder Limpeza  - XY;SV
Facilities;300380700;4087562;Peric.Mês - Líder Limpeza  - ADM;SV
Facilities;300380700;4087563;Peric.Mês - Líder Op.+roçador - ADM;SV
Facilities;300380700;4087564;Peric.Mês - Op. de ETA/ETE - ADM;SV
Facilities;300380700;4087565;Peric.Mês - Of.Manut.Predial-NR35 - ADM;SV
Facilities;300380700;4087566;Peric.Mês - Of. de Manut. Predial  - ADM;SV
Facilities;300380700;4087567;Peric.Mês - Motorista  - ADM;SV
Facilities;300380700;4087568;Peric.Mês - Líder Op.Civil -NR35 - ADM;SV
Facilities;300380700;4087569;Peric.Mês - Analista de Processos  - ADM;SV
Facilities;300380700;4087570;SV LOC MICROFONE REMOTO ALTO FAL NX-3320;SV
Facilities;300380700;4087620;HN+Add.N - Op. de ETA/ETE - ADM;SV
Facilities;300380700;4087631;Peric.Mês - Supervisor A.Verdes-condutor;SV
Facilities;300380700;4087632;Peric.Mês - Sup. Civil  -condutor ADM;SV
Facilities;300380700;4087633;Peric.Mês - Supervisor Civil -  - ADM;SV
Facilities;300380700;4087634;Peric.Mês - Eng. em Seg.Trabalho - ADM;SV
Facilities;300380700;4087635;Peric.Mês -Eng.Civil-Gestor Contrato-ADM;SV
Facilities;300380700;4087636;Peric.Mês - Médico do trabalho  - ADM;SV
Facilities;300380700;4089906;Mensageiro Como Motorista;SV
Facilities;300380700;4089907;SV - Veículo 1.0 Fiorino;SV
Facilities;200352886;4090393;SV CHURRASCO CARDÁPIO 02 (11 A 20);SV
Facilities;200352886;4090394;SV CHURRASCO CARDÁPIO 02 (21 A 40);SV
Facilities;200352886;4090395;SV CHURRASCO CARDÁPIO 02 (41 A 60);SV
Facilities;200352886;4090396;SV CHURRASCO CARDÁPIO 02 ( ACIMA DE 60);SV
Facilities;200352886;4090437;SV MESA MINEIRA - DE 41 A 60 PESSOAS;SV
Facilities;200352886;4090438;SV MESA MINEIRA - ACIMA DE 60 PESSOAS;SV
Facilities;201659350;4090731;SV-LOCACAO VEÍCULO PEQUENO - VIGILÂNCIA;SV
Facilities;201659350;4090732;Sv. Ressarcimento Desp. Diversas - Vig.;SV
Facilities;201322188;4090814;MO AUX. SERVIÇOS GERAIS;SV
Facilities;202024942;4090814;MO AUX. SERVIÇOS GERAIS;SV
Facilities;202024942;4090815;MO AUX. LIMPEZA PREDIAL (INSALUBRE);SV
Facilities;201322188;4090815;MO AUX. LIMPEZA PREDIAL (INSALUBRE);SV
Facilities;202024942;4090816;Técnico de Segurança;SV
Facilities;201322188;4090816;Técnico de Segurança;SV
Facilities;202024942;4090817;LIDER;SV
Facilities;201322188;4090817;LIDER;SV
Facilities;201322188;4090818;ARTÍFICE (MANTENEDOR);SV
Facilities;202024942;4090818;ARTÍFICE (MANTENEDOR);SV
Facilities;200346880;4091689;SUPERVISOR DE OBRAS  HORA EXTRA;SV
Facilities;202024942;4091703;CAPINEIRO EVENTUAL;SV
Facilities;201322188;4091703;CAPINEIRO EVENTUAL;SV
Facilities;201322188;4091721;H.E - SUPERVISOR;SV
Facilities;202024942;4091721;H.E - SUPERVISOR;SV
Facilities;202024942;4091722;H.E - OPERADOR DE VARREDEIRA;SV
Facilities;201322188;4091722;H.E - OPERADOR DE VARREDEIRA;SV
Facilities;201322188;4091723;H.E - OPERADOR DE VEÍCULO;SV
Facilities;202024942;4091723;H.E - OPERADOR DE VEÍCULO;SV
Facilities;201322188;4091724;H.E - MO AUX. SERVIÇOS GERAIS;SV
Facilities;202024942;4091724;H.E - MO AUX. SERVIÇOS GERAIS;SV
Facilities;202024942;4091725;H.E - MO AUX. LIMPEZA PREDIAL (INSALUBRE;SV
Facilities;201322188;4091725;H.E - MO AUX. LIMPEZA PREDIAL (INSALUBRE;SV
Facilities;202024942;4091726;H.E - TÉCNICO DE SEGURANÇA;SV
Facilities;201322188;4091726;H.E - TÉCNICO DE SEGURANÇA;SV
Facilities;202024942;4091727;H.E - LÍDER;SV
Facilities;201322188;4091727;H.E - LÍDER;SV
Facilities;201322188;4091728;H.E - ARTÍFICE (MANTENEDOR);SV
Facilities;202024942;4091728;H.E - ARTÍFICE (MANTENEDOR);SV
Facilities;202024942;4091729;H.E - CAPINEIRO;SV
Facilities;201322188;4091729;H.E - CAPINEIRO;SV
Facilities;300380700;4091816;H - Coord. Contrato;SV
Facilities;300380700;4091817;Mês - Coord. Contrato;SV
Facilities;300380700;4091818;H.N.E.SS - Coord. Contrato;SV
Facilities;300380700;4091819;H.N.E.DF - Coord. Contrato;SV
Facilities;200880612;4092270;ARTÍFICE;SV
Facilities;300380700;4092480;H.N.Ad.Not. - Coord. Contrato;SV
Facilities;300380700;4092481;Peric.Mês - Coord. Contrato;SV
Facilities;300380700;4092482;H.P.E.SS - Coord. Contrato;SV
Facilities;300380700;4092483;H.P.E.DF - Coord. Contrato;SV
Facilities;300380700;4092484;H.P.Ad.Not - Coord. Contrato;SV
Facilities;300380700;4092485;H.I - Coord. Contrato;SV
Facilities;300380700;4092486;H.I.E.SS - Coord. Contrato;SV
Facilities;300380700;4092487;H.I.E.DF - Coord. Contrato;SV
Facilities;300380700;4092488;H.I.E.Ad.Not - Coord. Contrato;SV
Facilities;300380700;4092489;H.O - Coord. Contrato;SV
Facilities;200364916;4092613;PORTARIA 24H S/ INTRAJORNADA;SV
Facilities;300629524;4092891;VIG ARMADO 12x36 NOTURNO 12h;SV
Facilities;300629524;4092892;VIG ARMADO 12x36 24 HORAS;SV
Facilities;200346246;4093109;SV - CHEFE DE COZINHA - MO;SV
Facilities;200346880;4093238;SV-LOCAÇÂO DE MARTELO ROMPEDOR 14K 220V;SV
Facilities;200346880;4093239;SV-LOCAÇÂO DE SERRRA CIRCULAR  220 9 pol;SV
Facilities;200346880;4093250;SV-LOCAÇÂO DE BETONEIRA 400L 127/220V;SV
Facilities;200346880;4093251;SV-LOCAÇÂO PLATAFORMA ELEVATORIA ELETRIC;SV
Facilities;202024942;4059780;HORA MC 600 KARCHER;H
Facilities;202024942;4076290;VEICULO DE JATO E SUCÇÃO 12X36 SPOT;SV
Facilities;202024942;4091628;H.E - VARREDEIRA KARCHER MC600;SV
Facilities;202024942;4091627;H.E - VARREDEIRA KARCHER KMR3000;SV
Facilities;202024942;4077096;H. EXTRA VEÍCULO CARROCERIA MOD L200;H
Facilities;202024942;4060028;HE EQUIPAMENTO + OPERADOR;H
Facilities;200346246;4093370;SV - OFICIAL DE COZINHA - MO;SV
Facilities;200346246;4093372;SV - OFICIAL DE SERVIÇO - MO;SV
Facilities;200346246;4093374;SV - TRANSPORTE UTM I;SV
Facilities;200346246;4093375;SV - GERENTE DE UNIDADE - MO;SV
Facilities;200346246;4093376;SV - MOTORISTA SARDINHA - MO;SV
Facilities;200346246;4093377;SV - TRANSPORTE SARDINHA - GOL;SV
Facilities;200346246;4093378;SV - TRANSPORTE SARDINHA - FURGAO;SV
Facilities;200318342;4067137;SV SPIN ADM CARRO 1;SV
Facilities;200318342;4067135;SV SPIN ADM CARRO 2, 3, 4, 5;SV
Facilities;200318342;4067136;SV SPIN ADM CARRO 6;SV
Facilities;200318342;4067138;SV SPIN ADM APRENDIZES;SV
Facilities;200318342;4067210;SV SPIN ADM 2 ESTAGIARIOS;SV
Facilities;200318342;4067211;SV VAN 15 LUGARES TURNO;SV
Facilities;200318342;4067213;SV SPIN TURNO 05H40/15H20 (B);SV
Facilities;200318342;4067214;SV SPIN TURNO 05H40/15H20 (C);SV
Facilities;200318342;4067215;SV SPIN TURNO 14H00/00H00 (A);SV
Facilities;200318342;4067216;SV SPIN TURNO 14H00/00H00 (B);SV
Facilities;200318342;4067219;SV SPIN TURNO 21H00/07H00 (B);SV
Facilities;200318342;4067221;SV SPIN COVID CARRO 1;SV
Facilities;200318342;4067223;SV VAN 15LUG COVID CARRO ESTAGIARIOS;SV
Facilities;200318342;4067224;SV SPIN COVID CARRO 1 ESTAGIARIOS;SV
Facilities;200318342;4067225;SV SPIN COVID CARRO 2 ESTAGIARIOS;SV
Facilities;200978680;4069271;Sv Varrição - Locação Capinadeira;MON
Facilities;201418204;4117542;ELETRICISTA;SV
Facilities;201418204;4117541;ARTIFICE;SV
Facilities;201418204;4076406;SV-OFICIAL MANUT PREDIAL LOGISTICA C/INS;SV
Facilities;201659350;4094412;ANALISTA ADM SECURITY 44H;SV
Facilities;201398744;4094424;POSTO NOTURNO CONTROLADOR DE ACESSO;SV
Facilities;200323568;4094424;POSTO NOTURNO CONTROLADOR DE ACESSO;SV
Facilities;201398744;4094426;Posto 12hs c/ escala 12X36;SV
Facilities;200323568;4094426;Posto 12hs c/ escala 12X36;SV
Facilities;200323568;4094427;POSTO DIURNO CONTROLADOR ACESSO 5X2;SV
Facilities;201398744;4094427;POSTO DIURNO CONTROLADOR ACESSO 5X2;SV
Facilities;200367382;4065662;DESLOCAMENTO BCOC;SV
Facilities;200367382;4065661;DESLOCAMENTO DIV;SV
Facilities;200367382;4095225;SV-MANUT PREVENT / CORRET CERCAS ELETRIC;TAG
Facilities;200367382;4065660;DESLOCAMENTO GSEL;SV
Facilities;200510324;4065625;DESINFECÇÃO DE CAIXA D´ÁGUA;SV
Facilities;200510324;4065626;APLICAÇÃO FUMACE;SV
Facilities;200510324;4065627;DESRATIZAÇAO E DETETIZAÇÃO;SV
Facilities;200510324;4065628;SANITIZAÇÃO DE AMBIENTES;SV
Facilities;200346880;4095313;AJUDANTE MANUT. PREDIAL HORA EXTRA;H
Facilities;300170396;4043281;SV PORTEIRO 44HRS;SV
Facilities;300170396;4067627;SV - HE PORTARIA DIURNO;H
Facilities;300170396;4039166;SV - HE PORTARIA NOTURNO;H
Facilities;200346880;4095315;AJUDANTE MANUT. PREDIAL;SV
Facilities;201659350;4069088; HORA EXTRA INSPETOR 24 HRS;H
Facilities;200346880;4095316;AUX. SERV. GERAIS LIMPEZA;SV
Facilities;200346880;4095317;AUX. TEC. SEG. TRAB;SV
Facilities;200346880;4095318;AUX. TEC. SEG. TRAB. HORA EXTRA;H
Facilities;200346880;4095319;Auxiliar Administrativo;SV
Facilities;200346880;4095341;COORDENADOR ADMINISTRATIVO;SV
Facilities;201659350;4043287;Sv. Vigilancia 12Hrs c/ intervalo;SV
Facilities;200346880;4095342;ENCARREGADO;SV
Facilities;200346880;4095343;ENCARREGADO HORA EXTRA;H
Facilities;200346880;4095344;MEIO OFICIAL;SV
Facilities;200346880;4095345;MEIO OFICIAL  HORA EXTRA;H
Facilities;200346880;4095346;OFICIAL MANUTENÇÃO ELÉTRICA;SV
Facilities;200346880;4095347;OFICIAL MANT. ELETRICA HORA EXTRA;H
Facilities;201659350;4079898;DIFERENÇA TRANSPORTE (MMB+MVL+ITABIR);SV
Facilities;201659350;4123479;NOTEBOOK ANALISTA TST;SV
Facilities;201659350;4123478;Analista TST -  44h Diurno (seg a sex);SV
Facilities;201659350;4123520;VIG. INSPETOR ARMADO 44H DIURNO;SV
Facilities;200346880;4095348;OFICIAL MANUTENÇÃO PREDIAL;SV
Facilities;201659350;4101909;CERTIF. CALIBRACAO P/ETILOMETRO;SV
Facilities;300170396;4067960;RECEPCIONISTA 5X2 DIURNO;SV
Facilities;200346880;4095349;OFICIAL MANT. PREDIAL HORA EXTRA;H
Facilities;201659350;4072590;SV- Vigilante Canina;SV
Facilities;200346880;4095350;OFICIAL MANT. PREDIAL LIDER HORA NORMAL;SV
Facilities;200346880;4095352;OFICIAL MONTADOR HORA EXTRA (REPAROS);H
Facilities;201659350;4068600;VIGILANTE LÍDER  (MOB MAIS DE 15 DIAS);SV
Facilities;201659350;4068602;INSPETOR DIURNO (MOB MAIS DE 15 DIAS);SV
Facilities;201659350;4068603;INSPETOR NOTURNO (MOB MAIS DE 15 DIAS);SV
Facilities;300170396;4067926;PORTEIRO 24H;SV
Facilities;200346880;4095353;OFICIAL MONTADOR HORA NORMAL (REPAROS);H
Facilities;201659350;4092883;CÃO DE GUARDA;SV
Facilities;201659350;4092884;CANIL MODULAR;SV
Facilities;201659350;4092885;VIGILANTE LIDER;SV
Facilities;201659350;4092927;VIGILANTE DESARMADO 12H;SV
Facilities;201659350;4096900;ALIMENTAÇÃO INSPETOR 5X2;SV
Facilities;201659350;4068079;VEÍCULO DE 44H (SEG A SEG);SV
Facilities;200346880;4095354;OFICIAL MONTADOR INSAL. (REP/ INST);SV
Facilities;201659350;4110925;VIG ARMADO - 24h not intrajornad seg-dom;SV
Facilities;201659350;4075401;VEICULO VSPP SEDAN EXECUT 44H SEG-SEX;SV
Facilities;201659350;4075403;VEICULO - VIGILANTE VSPP 12H - SANTA BAR;SV
Facilities;201659350;4076300;HORA EXTRA VIGILANTE VSPP-FEV E MAR/23;SV
Facilities;200346880;4095355;OFICIAL MONTADOR PERIC. (REP/ INST);SV
Facilities;300170396;4096487;ASSISTENTE ADMINISTRATIVO HE +15 DIURNO;SV
Facilities;300170396;4096910;ASSISTENTE ADMINISTRATIVO HE +15 NOTURNO;SV
Facilities;200323568;4056801;SERVIÇO DE PODA;SV
Facilities;200346880;4095356;OFICIAL MONTADOR  (REPAROS);SV
Facilities;200323568;4042880;INVENTÁRIO ALMOX;SV
Facilities;200323568;4049321;CONSERVAÇÃO E LIMPEZA SAC;SV
Facilities;200323568;4052080;TOP LIMPEZA LADO CORPORATIVO;SV
Facilities;200323568;4075537;SV-EQUIPE SERVIÇOS DE PODA-FEPAM;SV
Facilities;200323568;4076653;SV-AJUDANTE INDUSTRIAL – LAMINAÇÃO 02;SV
Facilities;200323568;4076654;SV-AJUDANTE INDUSTRIAL – TREFILA 02;SV
Facilities;200323568;4057376;VISTORIA DE CAMINHOES PÁTIO;SV
Facilities;200323568;4013048;SV RETIRADA DE CAREPA EM HORAS EXTRAS;SV
Facilities;200323568;4100040;ANALISTA ADMINISTRATIVO - HE 50%;SV
Facilities;200323568;4100041;ANALISTA ADMINISTRATIVO - HE 100%;SV
Facilities;200323568;4100042;ANALISTA DE PROJETOS - HE 50%;SV
Facilities;200323568;4100043;ANALISTA DE PROJETOS - HE 100%;SV
Facilities;200346880;4095357;PINTOR;SV
Facilities;200323568;4100049;ASG - 40% - HE 50%;SV
Facilities;200323568;4100050;ASG - 40% - HE 100%;SV
Facilities;200323568;4100051;LÍDER DE LIMPEZA (NOTURNO) - HE 50%;SV
Facilities;200323568;4100052;LÍDER DE LIMPEZA (NOTURNO) - HE 100%;SV
Facilities;200323568;4100053;SUPERVISOR DE LIMPEZA - HE 50%;SV
Facilities;200323568;4100054;SUPERVISOR DE LIMPEZA - HE 100%;SV
Facilities;200323568;4100057;SUPERVISOR DE MANUTENÇÃO - HE 50%;SV
Facilities;200323568;4100058;SUPERVISOR DE MANUTENÇÃO - HE 100%;SV
Facilities;200323568;4100059;ASSIST. DE MAN. (AUDIOVISUAL) - HE 50%;SV
Facilities;200323568;4100060;ASSIST. DE MAN. (AUDIOVISUAL) - HE 100%;SV
Facilities;200346880;4095358;PINTOR HORA EXTRA;H
Facilities;200323568;4100063;ENCARREGADO PODAS/PAISAGISMO - HE 50%;SV
Facilities;200323568;4100064;ENCARREGADO PODAS/PAISAGISMO - HE 100%;SV
Facilities;200346880;4095359;PINTOR HORA NORMAL;H
Facilities;200323568;4100071;ASSIST. DE MANUTENÇÃO - HE 50%;SV
Facilities;200323568;4100072;ASSIST. DE MANUTENÇÃO - HE 100%;SV
Facilities;200323568;4049410;HE ASP 50%;SV
Facilities;200323568;4049411;HE ASP 100%;SV
Facilities;200323568;4048344;UMECTAÇÃO DE VIAS MA;SV
Facilities;200323568;4049311;LIMPEZA INDUSTRIAL NA FÁBRICA DE PREGOS;SV
Facilities;200323568;4051747;Caminhão Brook - Reserva;SV
Facilities;200323568;4044914;Empilhadeira Diesel2,5 ton-Yale/GDP060VX;SV
Facilities;200346880;4095360;PINTOR INSAL.;SV
Facilities;200323568;4099828;ASSIST. MANUTENÇÃO - I20%;SV
Facilities;200323568;4099829;AUX. DE SERVIÇOS GERAIS - I20%;SV
Facilities;200323568;4099930;MATERIAL OPERACIONAL;SV
Facilities;200323568;4099931;COMBUSTÍVEL;SV
Facilities;200323568;4121017;Hora extra geral;SV
Facilities;200323568;4089893;SV - ENCARREGADO DE MANUTENÇÃO;SV
Facilities;200323568;4089894;SV OFICIAL DE MANUTENÇÃO;SV
Facilities;200323568;4089895;SV - MEIO OFICIAL DE MANUTENÇÃO;SV
Facilities;200323568;4089896;INSUMOS E EQUIPAMENTOS;SV
Facilities;200323568;4018735;Jardinagem;SV
Facilities;200323568;4054382;ASSISTENTE DE MANUTENÇÃO;SV
Facilities;200334840;4066288;HORA EXTRA 08:30-20:30 SEG-SEX -ISS;SV
Facilities;200334840;4066289;CUSTO FIXO 08:00-20:00 SEG-SEG -ISS;SV
Facilities;200334840;4066403;HORA EXTRA 20:00-08:00 SEG-SEG -ISS;SV
Facilities;200334840;4066407;YARIS KM RODADO - ISS;SV
Facilities;200334840;4066408;YARIS HORA A DISPOSIÇÃO - ISS;SV
Facilities;200334840;4066409;YARIS HORA TRABALHADA - ISS;SV
Facilities;200344608;4090343;Estacionamento ADM;SV
Facilities;200344608;4090380;ESTACIONAMENTO ALTERNATIVO SAC 5X2;SV
Facilities;200344608;4090381;PORTARIA HUGO EXTERNO 5X2;SV
Facilities;200344608;4090383;Motorista Condutor de Ambulancia;SV
Facilities;200346880;4095361;PINTOR PERIC.;SV
Facilities;201590300;4037011;SV-H. EXTRA 50%(SEG-SEX)-VIGILANTE BA;SV
Facilities;201590300;4037012;SV-H.  EXTRA 100%(SAB-DOM)-VIGILANTE BA;SV
Facilities;200978680;4119922;Horas extras v65;H
Facilities;200978680;4105837;Operador de varredeira reserva;SV
Facilities;200978680;4072369;Sv Mobilização;MON
Facilities;200978680;4072661;Sv Varrição Simultãnea;MON
Facilities;200346880;4095362;SUPERVISOR DE OBRAS;SV
Facilities;200346880;4095363;TÉCNICO DE PLANEJAMENTO;SV
Facilities;300405624;4075677;SV-MO-DEDETIZADOR - FIXO MENSAL;SV
Facilities;300405624;4075678;SV-MO-DEDETIZADOR LIDER - FIXO MENSAL;SV
Facilities;300405624;4075679;SV-ULTIZAÇÃO DO VEICULO - FIXO MENSAL;SV
Facilities;300405624;4075710;SV- RÁDIO COMUNIÇÃO ( homol na ANATEL);SV
Facilities;300405624;4075715;REEMBOLSO COMBUSTIVEL Conf qtde utiIizad;SV
Facilities;300405624;4075711;CONTR PRAGAS DESINFECÇÃO CX DAGUA>5000M2;SV
Facilities;300405624;4075712;ANALIS POTABILIDADE CX DÁGUA LAUDO PRONT;SV
Facilities;300405624;4075713;VERBA DESMO AVISO TRABALHADO-PARC UNICA;SV
Facilities;300405624;4075714;VERBA DESMO AVISO INDERNIZADO-PARC UNICA;SV
Facilities;300405624;4075676;SV-VERBA DE MOBILIZAÇÃO - PARC ÚNICA;SV
Facilities;300405624;4079797;CONTR PRAGAS  CX DAGUA 20.001 A 30.000M2;SV
Facilities;300405624;4079799;CONTR PRAGAS  CX DAGUA 30.001 A 40.000M2;SV
Facilities;300405624;4079800;CONTR PRAGAS  CX DAGUA 40.001 A 50.000M2;SV
Facilities;300405624;4079801;CONTR PRAGAS  CX DAGUA 50.001 A 60.000M2;SV
Facilities;300405624;4079803;LIDER-HORA EXTRA SEG A SEX;H
Facilities;300405624;4079804;DEDETIZADOR -HORA EXTRA SEG A SEX;H
Facilities;300405624;4079805;LIDER-HORA EXTRA SAB, DOM E FERIADOS;H
Facilities;300405624;4079806;DEDETIZADOR -HORA EXTRA SAB,DOM,FERIADO;H
Facilities;300405624;4079802;CONTR PRAGAS  CX DAGUA 60.001 A 70.000M2;SV
Facilities;200346880;4095364;Técnico de segurança do trabalho;SV
Facilities;200346880;4095365;VIDRACEIRO;SV
Facilities;300415420;4077742;SV-AUX SERVIÇOS LIMP PREDIAL-AMB INS20%;SV
Facilities;300415420;4077745;SV-LIMPEZA PREDIAL ZELADOR;SV
Facilities;300415420;4077746;SV-LIMPEZA PREDIAL LIDER SERVIÇOS;SV
Facilities;300415420;4077747;SV-MANUT E PEQ REPAROS-ARTIFICE-INS20%;SV
Facilities;300415420;4077748;SV-MANUT E PEQ REPAROS-ARTIFICE I;SV
Facilities;300415420;4077930;SV-JARDINAGEM-JARDINEIRO-INS20%;SV
Facilities;300415420;4077931;SV-JARDINAGEM-OPERADOR MAQUINAS-INS20%;SV
Facilities;300415420;4077936;SV-COLETA SELETIVA – AUX SERVÇOS-INS40%;SV
Facilities;300415420;4077937;SV-LIMPEZA DE CORREIAS AF-INS20%;SV
Facilities;300415420;4077938;SV-LIMPEZA CORREIAS MAT. PRIMAS-INS20%;SV
Facilities;300415420;4077939;SV-AUXILIAR DE PINTURA -INS20%;SV
Facilities;300415420;4077940;SV-LIMP CORREIAS PALIÇADAS-LIDER-INS20%;SV
Facilities;300415420;4077846;SV-AUXILIAR ADMINISTRATIVO- 6 HORAS;SV
Facilities;300415420;4077952;SV-ENCARREGADO AREAS VERDES;SV
Facilities;300415420;4077953;SV-ARTÍFICIE -MANUT, PEQ REPAROS, PINTUR;SV
Facilities;300415420;4082301;SV-3 ASSIST ADM OPER-DEPOSIT CARVÃO BCOC;SV
Facilities;300415420;4082300;SV-1 AUX SERV GERAIS-DEPOSIT CARVÃO BCOC;SV
Facilities;200346880;4095366;VIDRACEIRO HORA EXTRA;H
Facilities;200346880;4095367;VIDRACEIRO HORA NORMAL;H
Facilities;200346880;4095368;VIDRACEIRO INSAL.;SV
Facilities;200346880;4095369;VIDRACEIRO PERIC.;SV
Facilities;201659350;4096488;ASSISTENTE ADMINISTRATIVO HE -15 DIURNO;SV
Facilities;300170396;4096488;ASSISTENTE ADMINISTRATIVO HE -15 DIURNO;SV
Facilities;201659350;4096489;ASSISTENTE ADMINISTRATIVO HE -15 NOTURNO;SV
Facilities;300170396;4096489;ASSISTENTE ADMINISTRATIVO HE -15 NOTURNO;SV
Facilities;200346880;4097090;SV - DIVISÓRIA DIVILUX EUCATEX - MO;M2
Facilities;200346880;4097091;SV - PORTA DIVISÓRIA DIVILUX EUCATEX- MO;ST
Facilities;200346880;4097163;SV - GUARDA-CORPO VIDRO LAMIN 8MM - MO;M
Facilities;200346880;4097164;SV-DRYWALL CHAPA RU 12,5MM-RESIST/ST-MO;M2
Facilities;200346880;4097166;SV-PORTA REVEST FÓRMICA C/ FECHADURA-MO;M2
Facilities;200346880;4097167;SV - EMASSAMENTO DE PAREDES DRYWALL;M2
Facilities;200346880;4097168;SV - PLACA DE GRANITO P/ PISO ELEVADO-MO;M2
Facilities;200346880;4097169;SV-PISO ELEVADO 600X600X25MM-ALT 18A120;M2
Facilities;200346880;4097170;SV-PISOS VINÍLICOS, CARPETES E BORRACHA;M2
Facilities;200346880;4097171;SV - RODAPÉS E RODAPAREDES - MÃO DE OBRA;M
Facilities;201536318;4097621;SV - Coordenador;SV
Facilities;200364232;4097684;PREMIO ASSIDUIDADE;SV
Facilities;200363898;4097684;PREMIO ASSIDUIDADE;SV
Facilities;300415420;4097684;PREMIO ASSIDUIDADE;SV
Facilities;201398744;4097684;PREMIO ASSIDUIDADE;SV
Facilities;201418204;4097684;PREMIO ASSIDUIDADE;SV
Facilities;201590300;4097684;PREMIO ASSIDUIDADE;SV
Facilities;201536318;4099770;H.EXTRA -LIDER LIMPEZA NORMAL;SV
Facilities;201536318;4099771;H.EXTRA -AUX. SERVIÇOS GERAIS NORMAL;SV
Facilities;201536318;4099772;H.EXTRA -LIMPADOR DE VIDRO NORMAL;SV
Facilities;201536318;4099773;H.EXTRA -AUX.SERVIÇOS MÉDICOS NORMAL;SV
Facilities;201536318;4099774;H.EXTRA -AUX. ADMINISTRATIVO NORMAL;SV
Facilities;201536318;4099775;H.EXTRA -LIDER JARDINEIRO NORMAL;SV
Facilities;201536318;4099776;H.EXTRA -OP. ROÇADEIRA  NORMAL;SV
Facilities;201536318;4099777;H.EXTRA -OP. MAQUINA  NORMAL;SV
Facilities;201536318;4099778;H.EXTRA -MOTORISTA  NORMAL;SV
Facilities;201536318;4099779;H.EXTRA -OP. MAQUINA PESADA  NORMAL;SV
Facilities;201536318;4099780;H.EXTRA -COORDENADOR  NORMAL;SV
Facilities;201536318;4099781;H.EXTRA -TEC. SEGURANÇA  NORMAL;SV
Facilities;201536318;4099782;H.EXTRA -LIDER LIMPEZA 50%;SV
Facilities;201536318;4099783;H.EXTRA -AUX. SERVIÇOS GERAIS 50%;SV
Facilities;201536318;4099784;H.EXTRA -LIMPADOR DE VIDRO 50%;SV
Facilities;201536318;4099785;H.EXTRA -AUX.SERVIÇOS MÉDICOS 50%;SV
Facilities;201536318;4099786;H.EXTRA -AUX. ADMINISTRATIVO 50%;SV
Facilities;201536318;4099787;H.EXTRA -LIDER JARDINEIRO 50%;SV
Facilities;201536318;4099788;H.EXTRA -OP. ROÇADEIRA  50%;SV
Facilities;201536318;4099789;H.EXTRA -OP. MAQUINA  50%;SV
Facilities;201536318;4099790;H.EXTRA -MOTORISTA  50%;SV
Facilities;201536318;4099791;H.EXTRA -OP. MAQUINA PESADA  50%;SV
Facilities;201536318;4099792;H.EXTRA -COORDENADOR  50%;SV
Facilities;201536318;4099793;H.EXTRA -TEC. SEGURANÇA  50%;SV
Facilities;201536318;4099794;H.EXTRA -LIDER LIMPEZA 100%;SV
Facilities;201536318;4099795;H.EXTRA -AUX. SERVIÇOS GERAIS 100%;SV
Facilities;201536318;4099796;H.EXTRA -LIMPADOR DE VIDRO 100%;SV
Facilities;201536318;4099797;H.EXTRA -AUX.SERVIÇOS MÉDICOS 100%;SV
Facilities;201536318;4099798;H.EXTRA -AUX. ADMINISTRATIVO 100%;SV
Facilities;201536318;4099799;H.EXTRA -LIDER JARDINEIRO 100%;SV
Facilities;201536318;4099800;H.EXTRA -OP. ROÇADEIRA  100%;SV
Facilities;201536318;4099801;H.EXTRA -OP. MAQUINA  100%;SV
Facilities;201536318;4099802;H.EXTRA -MOTORISTA  100%;SV
Facilities;201536318;4099803;H.EXTRA -OP. MAQUINA PESADA  100%;SV
Facilities;201536318;4099804;H.EXTRA -COORDENADOR  100%;SV
Facilities;201536318;4099805;H.EXTRA -TEC. SEGURANÇA  100%;SV
Facilities;300353618;4099851;PICKUP L200 TRITON GL 2.4 D 4X4 22/23;SV
Facilities;200323568;4099944;TST - I20%;SV
Facilities;200323568;4099945;ASSIST. ADMINISTRATIVO;SV
Facilities;200323568;4099947;ASG - I20%;SV
Facilities;200323568;4099962;ELETRICISTA - P30%;SV
Facilities;200323568;4099964;ASSIST. DE MAN. AUDIOVISUAL - I20%;SV
Facilities;200323568;4099969;LÍDER JARDINAGEM - I20%;SV
Facilities;200323568;4099970;JARDINEIRO - I20%;SV
Facilities;200323568;4099971;OP. DE MÁQUINA - I20%;SV
Facilities;200323568;4099972;ASSIST. DE MANUTENÇÃO - I20%;SV
Facilities;200323568;4099973;AUX. DE SERVIÇOS GERAIS - I20%;SV
Facilities;200323568;4099974;MOTORISTA - I40%;SV
Facilities;200323568;4099986;ROÇADEIRAS;SV
Facilities;200323568;4099987;CORTADOR DE GRAMA (ROBO);SV
Facilities;200323568;4099988;SOPRADOR;SV
Facilities;200323568;4099989;PODADOR;SV
Facilities;200323568;4099990;MOTOSERRA;SV
Facilities;200323568;4099991;MOTO PODA;SV
Facilities;200323568;4099992;GIRO ZERO;SV
Facilities;200323568;4099993;VEICULO;SV
Facilities;200323568;4099994;ENCERADEIRA;SV
Facilities;200323568;4099997;LAVA JATO;SV
Facilities;200323568;4099999;MAQUINA PINTURA - VIAS;SV
Facilities;200323568;4100000;Computadores;SV
Facilities;200323568;4100001;IMPRESSORA;SV
Facilities;200323568;4100002;TV;SV
Facilities;200323568;4100003;SMARTPHONE SAMSUNG;SV
Facilities;200323568;4100004;PLANO DE DADOS;SV
Facilities;200323568;4100005;MATERIAIS E UTENSÍLIOS DE LIMPEZA;SV
Facilities;200323568;4100006;MATERIAIS/INSUMOS DE JARDINAGEM;SV
Facilities;200323568;4100007;COMBUSTIVEIS;SV
Facilities;200323568;4100044;TST - HE 50%;SV
Facilities;200323568;4100045;TST - HE 100%;SV
Facilities;200323568;4100046;ASSIST. ADMINISTRATIVO - HE 50%;SV
Facilities;200323568;4100047;ASSIST. ADMINISTRATIVO - HE 100%;SV
Facilities;200323568;4100048;ASG - 20% - HE 100%;SV
Facilities;200323568;4100055;ELETRICISTAS - HE 50%;SV
Facilities;200323568;4100056;ELETRICISTAS - HE 100%;SV
Facilities;200323568;4100061;ASSIST. DE MANUTENÇÃO - HE 50%;SV
Facilities;200323568;4100062;ASSIST. DE MANUTENÇÃO - HE 100%;SV
Facilities;200323568;4100065;JARDINEIRO - HE 50%;SV
Facilities;200323568;4100066;JARDINEIRO - HE 100%;SV
Facilities;200323568;4100067;LIDER JARDINAGEM - HE 50%;SV
Facilities;200323568;4100068;LIDER JARDINAGEM - HE 100%;SV
Facilities;200323568;4100069;OP. DE MÁQUINA - HE 50%;SV
Facilities;200323568;4100070;OP. DE MÁQUINA - HE 100%;SV
Facilities;200323568;4100073;MOTORISTA - HE 50%;SV
Facilities;200323568;4100074;MOTORISTA - HE 100%;SV
Facilities;200346246;4100102;Oficial de Cozinha UTM II 12X36;SV
Facilities;200346246;4100103;Cozinheira;SV
Facilities;200346246;4100106;RESSARCIMENTO ALUGUEL AJOJADOS;SV
Facilities;200346246;4100107;RESSARCIMENTO ALIMENTAÇÃO ALOJADOS;SV
Facilities;200346246;4100108;TRANSPORTE IDA E VINDA DE ALOJADOS;SV
Facilities;200346246;4100109;INTERNET (STAR LINK);SV
Facilities;200346246;4100113;Líder;SV
Facilities;200346246;4100114;Cozinheira Apoio Sardinha;SV
Facilities;200346246;4100116;VEICULOS DE CARGA ( 1 RESERVA);SV
Facilities;200346246;4100117;VEÍCULO RESERVA - EXTRA;SV
Facilities;200346246;4100118;LAVA LOUÇAS NT810;SV
Facilities;200346246;4100119;LAVA LOUÇAS NT300 II;SV
Facilities;200346246;4100120;RESTOCLEAN;SV
Facilities;200346246;4100121;LAVA LOUÇA NT810SMOPI;SV
Facilities;200346880;4100890;Veículo Leve;H
Facilities;200346880;4100891;MOTORISTA HORA EXTRA;H
Facilities;200346880;4100892;AJUDANTE MANUT.PREDIAL ADIC.NOT 20%;SV
Facilities;200346880;4100893;AUX.TÉC.SEG.TRAB HORA ADIC.NOT 20%;SV
Facilities;200346880;4100894;ENCARREGADO DE OBRA CIVIL ADIC.NOT 20%;SV
Facilities;200346880;4100895;MEIO OFICIAL  ADIC.NOT 20%;SV
Facilities;200346880;4100896;MOTORISTA  ADIC.NOT 20%;SV
Facilities;200346880;4100897;OFICIAL MANT. ELÉTRICA  ADIC.NOT 20%;SV
Facilities;200346880;4100898;OFICIAL MANT. PREDIAL ADIC.NOT 20%;SV
Facilities;200346880;4100899;OFICIAL MANT. PREDIAL LÍDER ADIC.NOT 20%;SV
Facilities;200346880;4100900;OFICIAL MONTADOR ADIC.NOT 20%;SV
Facilities;200346880;4100901;PINTOR ADIC.NOT 20%;SV
Facilities;200346880;4100902;SUPERVISOR DE OBRAS ADIC.NOT 20%;SV
Facilities;200346880;4100903;TÉC.DE PLANEJAMENTO ADIC.NOT 20%;SV
Facilities;200346880;4100904;TÉC.DE SEG. DO TRABALHO ADIC.NOT 20%;SV
Facilities;200346880;4100905;VIDRACEIRO ADIC.NOT 20%;SV
Facilities;200346880;4100906;LOCAÇÃO DE RÉGUA VIBRATÓRIA A GASOLINA;SV
Facilities;200346880;4100907;LOCAÇÃO DE SERRA CLIPER A GASOLINA;SV
Facilities;200346880;4100908;LOCAÇÃO ENCERADEIRA INDUSTRIAL 127/220V;SV
Facilities;200346880;4100909;ESTRUT. TEMPORÁRIA: TENDA, MESA, CADEIRA;SV
Facilities;201659350;4101908; ETILOMETRO DIGITAL BFD-110;SV
Facilities;201398744;4102186;Sv. ARTIFICIE/JARDINEIRO;SV
Facilities;201755846;4102187;CUSTO POR PORÃO > 3;SV
Facilities;201755846;4102188;ACESSO EXTRA;SV
Facilities;200352886;4102615;Toalha banquete 4 metros - unidade;ST
Facilities;200352886;4102616;Toalha redonda - unidade;ST
Facilities;200352886;4102617;Locação Toalha quadrada - unidade;ST
Facilities;200352886;4102618;Loc. Mesa redonda c/ 6 cadeiras de ferro;ST
Facilities;200352886;4102619;Mesa goiana com 4 cadeiras;ST
Facilities;200352886;4102861;Sanduíches;SV
Facilities;200352886;4102862;Bife de soja - 250g;SV
Facilities;200352886;4102864;Filé de Salmão grelhado 250g c/ brócolis;SV
Facilities;200352886;4102865;Bolinho de mandioca - 6 unidades;SV
Facilities;200352886;4102867;Sanduíches;SV
Facilities;200352886;4102868;Pão de queijo com goiabada;SV
Facilities;200352886;4102869;Pão de queijo com bacon;SV
Facilities;200346246;4102902;ENG DO TRABALHO - SESMT;SV
Facilities;200346246;4102903;ENF. TRABALHO - SESMT;SV
Facilities;200346246;4102904;PSICOLOGO - SESMT;SV
Facilities;200352886;4102911;Almoço Premium - 02 (11 A 20);SV
Facilities;200352886;4102912;Almoço Premium - 02 (21 A 40);SV
Facilities;200352886;4102913;Almoço Premium - 02 (41 A 60);SV
Facilities;200352886;4102914;Almoço Premium - 02 (ACIMA DE 60);SV
Facilities;200352886;4102915;Almoço Premium - 03 (11 A 20);SV
Facilities;200352886;4102916;Almoço Premium - 03 (21 A 40);SV
Facilities;200352886;4102917;Almoço Premium - 03 (41 A 60);SV
Facilities;200352886;4102918;Almoço Premium - 03 (ACIMA DE 60);SV
Facilities;200352886;4102919;Almoço Premium - 04 (11 A 20);SV
Facilities;200352886;4103230;Almoço Premium - 04 (21 A 40);SV
Facilities;200352886;4103231;Almoço Premium - 04 (41 A 60);SV
Facilities;200352886;4103232;Almoço Premium - 04 (ACIMA DE 60);SV
Facilities;200352886;4103233;Brunch Premium- 01 (11 A 20);SV
Facilities;200352886;4103234;Brunch Premium- 01 (21 A 40);SV
Facilities;200352886;4103235;Brunch Premium- 01 (41 A 60);SV
Facilities;200352886;4103236;Brunch Premium- 01 (ACIMA DE 60);SV
Facilities;200352886;4103237;Coffee Premium - 01 (41 A 60);SV
Facilities;200352886;4103238;Coffee Premium - 01 (ACIMA DE 60);SV
Facilities;200352886;4103239;Coffee Premium - 02 (41 A 60);SV
Facilities;200352886;4103240;Coffee Premium - 02 (ACIMA DE 60);SV
Facilities;200352886;4103241;Coffee Premium - 01 (11 A 20);SV
Facilities;200352886;4103242;Coffee Premium - 01 (21 A 40);SV
Facilities;200352886;4103243;Coffee Premium - 02 (11 A 20);SV
Facilities;200352886;4103244;Coffee Premium - 02 (21 A 40);SV
Facilities;200352886;4103245;Happy hour premium- 01 (11 A 20);SV
Facilities;200352886;4103246;Happy hour premium- 01 (21 A 40);SV
Facilities;200352886;4103247;Happy hour premium- 01 (41 A 60);SV
Facilities;200352886;4103248;Happy hour premium- 01 (ACIMA DE 60);SV
Facilities;200352886;4103249;Happy hour premium- 02 (11 A 20);SV
Facilities;200352886;4103250;Happy hour premium- 02 (21 A 40);SV
Facilities;200352886;4103251;Happy hour premium- 02 (41 A 60);SV
Facilities;200352886;4103252;Happy hour premium- 02 (ACIMA DE 60);SV
Facilities;200352886;4103253;Happy hour premium- 03 (11 A 20);SV
Facilities;200352886;4103254;Happy hour premium- 03 (21 A 40);SV
Facilities;200352886;4103255;Happy hour premium- 03 (41 A 60);SV
Facilities;200352886;4103256;Happy hour premium- 03 (ACIMA DE 60);SV
Facilities;200352886;4103257;Happy hour premium- 04 (11 A 20);SV
Facilities;200352886;4103258;Happy hour premium- 04 (21 A 40);SV
Facilities;200352886;4103259;Happy hour premium- 04 (41 A 60);SV
Facilities;200352886;4103260;Happy hour premium- 04 (ACIMA DE 60);SV
Facilities;200352886;4103261;Happy hour premium- 05 (11 A 20);SV
Facilities;200352886;4103262;Happy hour premium- 05 (21 A 40);SV
Facilities;200352886;4103263;Happy hour premium- 05 (41 A 60);SV
Facilities;200352886;4103264;Happy hour premium- 05 (ACIMA DE 60);SV
Facilities;200352886;4103265;Salada - 01 (11 A 20);SV
Facilities;200352886;4103266;Salada - 01 (21 A 40);SV
Facilities;200352886;4103267;Salada - 01 (41 A 60);SV
Facilities;200352886;4103268;Salada - 01 (ACIMA DE 60);SV
Facilities;200352886;4103269;Salada - 02 (11 A 20);SV
Facilities;200352886;4103270;Salada - 02 (21 A 40);SV
Facilities;200352886;4103271;Salada - 02 (41 A 60);SV
Facilities;200352886;4103272;Salada - 02 (ACIMA DE 60);SV
Facilities;200352886;4103273;Salada - 03 (11 A 20);SV
Facilities;200352886;4103274;Salada - 03 (21 A 40);SV
Facilities;200352886;4103275;Salada - 03 (41 A 60);SV
Facilities;200352886;4103276;Salada - 03 (ACIMA DE 60);SV
Facilities;200352886;4103277;Salada - 04 (11 A 20);SV
Facilities;200352886;4103278;Salada - 04 (21 A 40);SV
Facilities;200352886;4103279;Salada - 04 (41 A 60);SV
Facilities;200352886;4103280;Salada - 04 (ACIMA DE 60);SV
Facilities;200352886;4103281;CARDAPIO 05 (11 A 20) SERV. BRUNCH;SV
Facilities;200352886;4103282;CARDAPIO 05 (21 A 40) SERV. BRUNCH;SV
Facilities;200352886;4103283;CARDAPIO 05 (41 A 60) SERV. BRUNCH;SV
Facilities;200352886;4103284;CARDAPIO 05 (ACIMA DE 60) SERV. BRUNCH;SV
Facilities;200352886;4103285;CARDAPIO 06 (11 A 20) SERV. BRUNCH;SV
Facilities;200352886;4103286;CARDAPIO 06 (21 A 40) SERV. BRUNCH;SV
Facilities;200352886;4103287;CARDAPIO 06 (41 A 60) SERV. BRUNCH;SV
Facilities;200352886;4103288;CARDAPIO 06 (ACIMA DE 60) SERV. BRUNCH;SV
Facilities;200352886;4103289;CARDAPIO 07 (11 A 20) SERV. BRUNCH;SV
Facilities;200352886;4103290;CARDAPIO 07 (21 A 40) SERV. BRUNCH;SV
Facilities;200352886;4103291;CARDAPIO 07 (41 A 60) SERV. BRUNCH;SV
Facilities;200352886;4103292;CARDAPIO 07 (ACIMA DE 60) SERV. BRUNCH;SV
Facilities;200352886;4103293;CARDAPIO 08 (11 A 20) SERV. BRUNCH;SV
Facilities;200352886;4103294;CARDAPIO 08 (21 A 40) SERV. BRUNCH;SV
Facilities;200352886;4103295;CARDAPIO 08 (41 A 60) SERV. BRUNCH;SV
Facilities;200352886;4103296;CARDAPIO 08 (ACIMA DE 60) SERV. BRUNCH;SV
Facilities;200352886;4103297;CARDAPIO 09 (21 A 40) SERV. BRUNCH;SV
Facilities;200352886;4103298;CARDAPIO 09 (41 A 60) SERV. BRUNCH;SV
Facilities;200352886;4103299;CARDAPIO 09 (ACIMA DE 60) SERV. BRUNCH;SV
Facilities;200352886;4103300;CARDAPIO 10 (11 A 20) SERV. BRUNCH;SV
Facilities;200352886;4103301;CARDAPIO 10 (21 A 40) SERV. BRUNCH;SV
Facilities;200352886;4103302;CARDAPIO 10 (41 A 60) SERV. BRUNCH;SV
Facilities;200352886;4103303;CARDAPIO 10 (ACIMA DE 60) SERV. BRUNCH;SV
Facilities;200352886;4103304;Mousse de limão médio - até 15 pessoas;SV
Facilities;200352886;4103305;Mousse de limão grande - até 22 pessoas;SV
Facilities;200352886;4103306;Mousse de maracujá médio - até 15 pessoa;SV
Facilities;200352886;4103307;Mousse de maracujá grande - até 22;SV
Facilities;200352886;4103308;Broa de fubá grande - até 22 pessoas;SV
Facilities;200352886;4103309;Bolo Comum médio - até 15 pessoas;SV
Facilities;200352886;4103310;Bolo Comum grande - até 22 pessoas;SV
Facilities;200352886;4103311;Sachê de chá e água quente - 15 unidades;SV
Facilities;200352886;4103312;Chocolate quente 250ml - unitário;SV
Facilities;200352886;4103313;Kit Lanche C/ Suco;SV
Facilities;200352886;4103314;Kit Lanche C/ Refrigerante;SV
Facilities;200352886;4103315;Conchiglione presunto e mussarela 11 a20;SV
Facilities;200352886;4103316;Conchiglione presunto e mussarela 21 a40;SV
Facilities;200352886;4103317;Conchiglione presunto e mussarela 41 a60;SV
Facilities;200352886;4103318;Conchiglione presunto e mussarela +60;SV
Facilities;200352886;4103319;Quiche de alho poró (de 11 a 20 pessoas);SV
Facilities;200352886;4103320;Quiche de alho poró (de 21 a 40 pessoas);SV
Facilities;200352886;4103321;Quiche de alho poró (de 41 a 60 pessoas);SV
Facilities;200352886;4103322;Quiche de alho poró (Acima de 60 pessoas;SV
Facilities;200352886;4103323;Arroz branco - por pessoa;SV
Facilities;200352886;4103324;Contra Filé à parmegiana (11 a 20);SV
Facilities;200352886;4103325;Contra Filé à parmegiana (21 a 40);SV
Facilities;200352886;4103326;Contra Filé à parmegiana (41 a 60);SV
Facilities;200352886;4103327;Contra Filé à parmegiana (Acima de 60);SV
Facilities;200352886;4103328;Filé mignon à parmegiana (11 a 20);SV
Facilities;200352886;4103329;Filé mignon à parmegiana (21 a 40);SV
Facilities;200352886;4103330;Filé mignon à parmegiana (41 a 60);SV
Facilities;200352886;4103331;Filé mignon à parmegiana (Acima de 60);SV
Facilities;200352886;4103332;Salada tropical (de 11 a 20 pessoas);SV
Facilities;200352886;4103333;Salada tropical (de 21 a 40 pessoas);SV
Facilities;200352886;4103334;Salada tropical (de 41 a 60 pessoas);SV
Facilities;200352886;4103335;Salada tropical (Acima de 60 pessoas);SV
Facilities;200352886;4103336;Lombo recheado e Brócolis (11 a 20);SV
Facilities;200352886;4103337;Lombo recheado e Brócolis (21 a 40);SV
Facilities;200352886;4103338;Lombo recheado e Brócolis (41 a 60);SV
Facilities;200352886;4103339;Lombo recheado e Brócolis (Acima de 60);SV
Facilities;200352886;4103340;Salada mista (21 a 40);SV
Facilities;200352886;4103341;Salada mista (41 a 60);SV
Facilities;200352886;4103342;Salada mista (Acima de 60);SV
Facilities;200352886;4103343;Escalope de frango (11 a 20);SV
Facilities;200352886;4103345;Escalope de frango (21 a 40);SV
Facilities;200352886;4103346;Escalope de frango (41 a 60);SV
Facilities;200352886;4103347;Escalope de frango (Acima de 60);SV
Facilities;200352886;4103348;Feijão tropeiro (11 a 20);SV
Facilities;200352886;4103349;Feijão tropeiro (21 a 40);SV
Facilities;200352886;4103350;Feijão tropeiro (41 a 60);SV
Facilities;200352886;4103351;Feijão tropeiro (Acima de 60);SV
Facilities;200352886;4103352;Farofa rica  (de 11 a 20 pessoas);SV
Facilities;200352886;4103353;Farofa rica  (de 21 a 40 pessoas);SV
Facilities;200352886;4103354;Farofa rica (de 41 a 60 pessoas);SV
Facilities;200352886;4103355;Farofa rica (Acima de 60 pessoas);SV
Facilities;200352886;4103356;Filé de tilápia grelhado 250g;SV
Facilities;200352886;4103357;Filé de tilápia 250g c/ crosta de amendo;SV
Facilities;200352886;4103358;Bolo de festa  - Até 30 pessoas;SV
Facilities;200352886;4103359;Bolo de festa  - Até 40 pessoas;SV
Facilities;200352886;4103360;Bolo de festa  - Até 50 pessoas;SV
Facilities;200352886;4103361;Frutas Avulsas  - Banana;SV
Facilities;200352886;4103362;Frutas Avulsas  - Mexerica;SV
Facilities;200352886;4103363;Frutas Avulsas  - Laranja;SV
Facilities;200352886;4103364;Lanche Germinar - Padrão 1;SV
Facilities;200352886;4103365;Lanche Germinar - Padrão 2;SV
Facilities;200352886;4103366;Lanche Germinar - Padrão 3;SV
Facilities;200352886;4103367;Broa de fubá com coiabada - 10 pessoas;SV
Facilities;200352886;4103368;Bolo de Milharina - até 10 pessoas;SV
Facilities;200352886;4103369;Filé Welligton - 11 pessoas;SV
Facilities;200352886;4103370;Cerveja long neck heineken sem álcool;SV
Facilities;200352886;4103371;Vinho Casillero del Diablo Cabernet;SV
Facilities;200352886;4103373;Pão francês 50gr;SV
Facilities;200352886;4103374;Iogurte natural  - 170gr;SV
Facilities;200352886;4103375;Geleia pote - damasco, morango, amora;SV
Facilities;201398744;4066334;SV JARDINEIRO VIVEIRO MUDAS GFL;SV
Facilities;201398744;4090671;SV JARDINEIRO VIVEIRO MUDAS GFL NOVO;SV
Facilities;200352886;4103376;Biscoto de queijo - 100gr;SV
Facilities;200363898;4122283;ASSIDUIDADE 2;SV
Facilities;200363898;4122284;ASSIDUIDADE 3;SV
Facilities;300580398;4090707;SV Limpeza e higienização caixas d’água;SV
Facilities;200352886;4103377;Biscoito de polvilho - 50gr;SV
Facilities;200323568;4094425;Posto 24hs c/ escala 12X36;SV
Facilities;200352886;4103378;Bolo de maracujá - pequeno - Até 11;SV
Facilities;200323568;4094428;Posto 6X1;SV
Facilities;201398744;4094429;Posto 12hs noturno 12X36;SV
Facilities;200352886;4103379;Bolo de maracujá - médio - até 15;SV
Facilities;200352886;4103380;Bolo de maracujá - grande - até 20;SV
Facilities;202111552;4095902;SV LOCAÇÃO E MANUTENÇÃO DE EQUIPAMENTOS;SV
Facilities;200352886;4103381;Bolo de limão - pequeno - até 11 pessoas;SV
Facilities;200352886;4103382;Bolo de limão - grande - até 20 pessoas;SV
Facilities;200352886;4103383;Mesa Mineira - de 11 a 20 pessoas;SV
Facilities;200352886;4103384;Mesa Mineira com caldos (11 a 20);SV
Facilities;200352886;4103385;Mesa Mineira com caldos (21 a 40);SV
Facilities;201384752;4092284;SV LINHA RIO2/BARRA;SV
Facilities;200352886;4103386;Mesa Mineira com caldos (41 a 60);SV
Facilities;200352886;4103387;Mesa Mineira com caldos (Acima de 60);SV
Facilities;200352886;4103388;Mesa Mineira com caldos 2 (11 a 20);SV
Facilities;200352886;4103389;Mesa Mineira com caldos 2 (21 a 40);SV
Facilities;200352886;4103390;Mesa Mineira com caldos 2 (41 a 60);SV
Facilities;200352886;4103391;Mesa Mineira com caldos 2 (Acima de 60);SV
Facilities;200352886;4103392;Creme de legumes - de 11 a 20 pessoas;SV
Facilities;200352886;4103393;Creme de legumes - de 21 a 40 pessoas;SV
Facilities;200352886;4103394;Creme de legumes - de 41 a 60 pessoas;SV
Facilities;200352886;4103395;Creme de legumes - acima de 60 pessoas;SV
Facilities;200352886;4103396;Creme de palmito - de 11 a 20 pessoas;SV
Facilities;200352886;4103397;Creme de palmito - de 21 a 40 pessoas;SV
Facilities;200352886;4103398;Creme de palmito - de 41 a 60 pessoas;SV
Facilities;200352886;4103399;Creme de palmito - acima de 60 pessoas;SV
Facilities;200352886;4103400;Caldo verde  - de 11 a 20 pessoas;SV
Facilities;200352886;4103401;Caldo verde  - de 21 a 40 pessoas;SV
Facilities;200352886;4103402;Caldo verde  - de 41 a 60 pessoas;SV
Facilities;200352886;4103403;Caldo verde - acima de 60 pessoas;SV
Facilities;200352886;4103404;Pavê de pêssego - pequeno - 11 pessoas;SV
Facilities;200352886;4103405;Pavê de pêssego - médio - até 15 pessoas;SV
Facilities;200352886;4103406;Pavê de pêssego - grande - 20 pessoas;SV
Facilities;200352886;4103407;Pavê de chocolate - pequeno - 11 pessoas;SV
Facilities;200352886;4103408;Pavê de chocolate - médio - 15 pessoas;SV
Facilities;200352886;4103409;Pavê de chocolate - grande - 20 pessoas;SV
Facilities;200352886;4103410;Romeu e Julieta - Pequeno - 11 pessoas;SV
Facilities;200352886;4103411;Romeu e Julieta - Pequeno - 15 pessoas;SV
Facilities;200352886;4103412;Romeu e Julieta - Pequeno - 20 pessoas;SV
Facilities;200352886;4103413;Torta de limão - pequeno - 11 pessoas;SV
Facilities;200352886;4103414;Torta de limão - médio - até 15 pessoas;SV
Facilities;200352886;4103415;Torta de limão - grande - até 20 pessoas;SV
Facilities;200352886;4103416;Torta Alemã - pequeno - até 11 pessoas;SV
Facilities;200352886;4103417;Torta Alemã - médio - até 15 pessoas;SV
Facilities;200352886;4103418;Torta Alemã - grande - até 20 pessoas;SV
Facilities;200352886;4103419;Suco integral de laranja - 350 ml;SV
Facilities;200352886;4103420;Suco - Nectar de frutas – 300ml;SV
Facilities;200352886;4103421;Água de coco - 1L;SV
Facilities;200352886;4103422;Água de coco - 200ml;SV
Facilities;200352886;4103423;Pudim individual;SV
Facilities;200352886;4103424;Mousse individual;SV
Facilities;200352886;4103425;Sanduiche natural integral;SV
Facilities;200352886;4103426;Sanduiche natural integral 2;SV
Facilities;200352886;4103427;Mini refeição 1;SV
Facilities;200352886;4103428;Mini refeição 2;SV
Facilities;200352886;4103429;Mini refeição 3;SV
Facilities;200352886;4103430;Mini refeição 4;SV
Facilities;200352886;4103431;Bolo de cenoura vegano - pequeno;SV
Facilities;200352886;4103432;Pão de queijo vegano - 100g;SV
Facilities;200352886;4103433;Quiche vegano (creme de mandioca e alho);SV
Facilities;200352886;4103434;Bolinho de mandioca - 6 unidades;SV
Facilities;200352886;4103435;Mini quibe de cenoura (frito) - 6 unid.;SV
Facilities;200352886;4103436;Quibe de cenoura (assado);SV
Facilities;200352886;4103437;Massa integral vegano c/ molho de legume;SV
Facilities;200352886;4103440;Pão de queijo com frango;SV
Facilities;200352886;4103441;Broinha temperada;SV
Facilities;200352886;4103442;Palito de Queijo;SV
Facilities;200352886;4103443;Palito Temperado;SV
Facilities;200352886;4103444;Rosquinha de Laranja;SV
Facilities;200352886;4103445;Bolinho de chuva;SV
Facilities;200352886;4103446;Sanduiche c/ filé de frango;SV
Facilities;200352886;4103447;Sanduiche c/ filé mignon;SV
Facilities;200352886;4103448;Bolinho Bauduco 40g;SV
Facilities;200352886;4103450;Sanduiche natural 1;SV
Facilities;200352886;4103451;Sanduiche natural 2;SV
Facilities;200352886;4103452;Sanduiche natural 3;SV
Facilities;200352886;4103453;Folhado de chester com abacaxi;SV
Facilities;200352886;4103454;Croquete de milho verde com carne de boi;SV
Facilities;200352886;4103455;Pastel assado com presunto e passas;SV
Facilities;200352886;4103456;Pastel assado de frango com milho verde;SV
Facilities;200352886;4103457;Pastel assado de ricota com ervas;SV
Facilities;200352886;4103458;Mini quiche de três queijos;SV
Facilities;200352886;4103459;Mini quiche libanês;SV
Facilities;200352886;4103460;Empada de palmito;SV
Facilities;200352886;4103461;Água mineral sem gás 200ml;SV
Facilities;200352886;4103462;Água mineral sem gás 330ml;SV
Facilities;200352886;4103463;Água mineral com gás 330ml;SV
Facilities;200352886;4103464;Mini sonho;SV
Facilities;200352886;4103465;Bolinho de chuva;SV
Facilities;200352886;4103466;Carolina recheada com ganache;SV
Facilities;200352886;4103467;Mini cocada de maracujá;SV
Facilities;200352886;4103468;Mini cocada tradicional;SV
Facilities;200352886;4103469;Mini pé de moleque;SV
Facilities;200352886;4103470;Bombom aberto de morango - até 11 pessoa;SV
Facilities;200352886;4103471;Picolé gourmet;SV
Facilities;200352886;4103472;Picolé;SV
Facilities;200352886;4103473;Chup-chup gourmet;SV
Facilities;200352886;4103474;Trio Mineiro com queijo frescal;SV
Facilities;200352886;4103475;Goiabada cascão em pedaços;SV
Facilities;200352886;4103476;Torta de Brócolis;SV
Facilities;200352886;4103477;Mix de legumes grelhado;SV
Facilities;200352886;4103478;Frango assado;SV
Facilities;200352886;4103479;Música ao vivo (Fred Santos);SV
Facilities;200352886;4103480;Arranjo de flores natural;SV
Facilities;200352886;4103481;Bolo gelado de chocolate Premium;SV
Facilities;200352886;4103482;Mousse de chocolate Belga;SV
Facilities;200352886;4103483;Café pós almoço;SV
Facilities;200352886;4103484;Espetinho de frios;SV
Facilities;200352886;4103485;Pastel de feira (carne e queijo);SV
Facilities;200352886;4103486;Pastel de angu (carne e alho poro);SV
Facilities;200352886;4103487;Camafeu de camarão;SV
Facilities;200352886;4103488;Casulo de queijo;SV
Facilities;200352886;4103489;Doce de leite no canudinho;SV
Facilities;200352886;4103490;Broa de milharina - até 11 pessoas;SV
Facilities;200352886;4103491;Broa de milharina - até 20 pessoas;SV
Facilities;200352886;4103492;Lombo assado com molho de maracujá;SV
Facilities;200352886;4103493;Escalope de filé;SV
Facilities;200352886;4103494;Farofa de banana da terra;SV
Facilities;200352886;4103495;Gratinado de Iscas de file mignon;SV
Facilities;200352886;4103496;Tulipas de frango grelhadas;SV
Facilities;200352886;4103497;Farofa de maracujá;SV
Facilities;200352886;4103498;Salada Waldorf;SV
Facilities;200352886;4103499;Salada de rúcula com parmesão;SV
Facilities;200352886;4103500;Hambúrguer artesanal;SV
Facilities;200352886;4103501;Hambúrguer artesanal de soja;SV
Facilities;200352886;4103502;Batata frita;SV
Facilities;200352886;4103503;Sorvete Premium BACIO DI LATTE | 500g;SV
Facilities;200352886;4103504;Lombo Saltado;SV
Facilities;200352886;4103505;Filé de tilápia com crosta de castanha;SV
Facilities;200352886;4103506;Costelinha suína - 300g;SV
Facilities;200352886;4103507;Salada de folhas especial;SV
Facilities;200352886;4103508;Salada de brócolis;SV
Facilities;200352886;4103509;Camarão internacional;SV
Facilities;200352886;4103510;Tulipa de camarão com molho de iogurte;SV
Facilities;200352886;4103511;Burrata com confit de tomate Sweet grape;SV
Facilities;200352886;4103512;Trufas tradicional;SV
Facilities;200352886;4103513;Brigadeiro gourmet;SV
Facilities;200352886;4103514;Canjica doce;SV
Facilities;200352886;4103515;Mini croissant Romeu e Julieta;SV
Facilities;200352886;4103516;Bombom;SV
Facilities;200352886;4103517;Cookie;SV
Facilities;200352886;4103518;Damasco com creme de nozes;SV
Facilities;200352886;4103519;Oficina de culinária;SV
Facilities;200352886;4103520;Churrasqueiro até 60 pessoas;SV
Facilities;200352886;4103521;Atendimento (garçom) - até 10 pessoas;SV
Facilities;200352886;4103522;Atendimento (garçom) - 11 a 20;SV
Facilities;200352886;4103523;Atendimento (garçom) - 21 a 40;SV
Facilities;200352886;4103524;Atendimento (garçom) - 41 a 60;SV
Facilities;200352886;4103532;Deslocamento – Santo Antônio do Leite;SV
Facilities;200352886;4103533;Assador com ajudante - Até 30 pessoas;SV
Facilities;200352886;4103534;Assador com ajudante – 31 a 60;SV
Facilities;200352886;4103535;Presunto Parma - 100g;SV
Facilities;200352886;4103536;Brusqueta de pão italiano;SV
Facilities;200352886;4103537;Bala toffee - Pacote de 130g;SV
Facilities;200352886;4103538;Farofa crocante;SV
Facilities;200352886;4103539;Geleia de frutas natural sem açúcar;SV
Facilities;200352886;4103540;Manteiga Aviação com sal;SV
Facilities;200352886;4103541;Barra de cereal/castanhas/proteínas;SV
Facilities;200352886;4103900;Louça completa para refeição;ST
Facilities;200352886;4103901;Loc. Louça compta p Brunch;SV
Facilities;200352886;4103902;Louça Premium – Café - por pessoa;ST
Facilities;200352886;4103903;Louça Premium – refeição - por pessoa;ST
Facilities;201954780;4110179;Inst. e Ativ. de Speed Dome - 1 cam.;SV
Facilities;201954780;4110180;Inst. e Ativ. de Speed Dome - 2 cam.;SV
Facilities;201954780;4110181;Inst. e Ativ. de Speed Dome - até 4 cam.;SV
Facilities;201954780;4110182;Inst. e Ativ. de Speed Dome - até 8 cam.;SV
Facilities;201954780;4110183;Inst. e Ativ. de Speed Dome - até 16 cam;SV
Facilities;201954780;4110184;Inst. e Ativ. de Speed Dome - até 32 cam;SV
Facilities;201954780;4110185;Inst. e Ativ. de Speed Dome - até 64 cam;SV
Facilities;201954780;4110186;Inst. e Ativ. de Speed Dome - até 128 ca;SV
Facilities;201954780;4110187;Inst. e Ativ. de cam. IP Bullet - 1 cam.;SV
Facilities;201954780;4110188;Inst. e Ativ. de cam. IP Bullet - 2 cam.;SV
Facilities;201954780;4110189;Inst. e Ativ. de cam. IP Bullet - 4 cam.;SV
Facilities;201954780;4110190;Inst. e Ativ. de cam. IP Bullet - 16 cam;SV
Facilities;201954780;4110191;Inst. e Ativ. de cam. IP Bullet - 32 cam;SV
Facilities;201954780;4110192;Inst. e Ativ. de cam. IP Bullet - 64 cam;SV
Facilities;201954780;4110193;Inst. e Ativ. de cam. IP Bullet - 128 ca;SV
Facilities;201954780;4110194;Inst. e Ativ. de cam. IP Dome - 1 cam.;SV
Facilities;201954780;4110195;Inst. e Ativ. de cam. IP Dome - 2 cam.;SV
Facilities;201954780;4110196;Inst. e Ativ. de cam. IP Dome - 4 cam.;SV
Facilities;201954780;4110197;Inst. e Ativ. de cam. IP Dome - 16 cam.;SV
Facilities;201954780;4110198;Inst. e Ativ. de cam. IP Dome - 32 cam.;SV
Facilities;201954780;4110199;Inst. e Ativ. de cam. IP Dome - 64 cam.;SV
Facilities;201954780;4110200;Inst. e Ativ. de cam. IP Dome - 128 cam.;SV
Facilities;201954780;4110201;Inst. e Ativ. de cam. IP Fisheye - 1 cam;SV
Facilities;201954780;4110202;Inst. e Ativ. de cam. IP Fisheye - 2 cam;SV
Facilities;201954780;4110203;Inst. e Ativ. de cam. IP Fisheye - 4 cam;SV
Facilities;201954780;4110204;Inst. e Ativ. de cam. IP Fisheye - 16 ca;SV
Facilities;201954780;4110205;Inst. e Ativ. de cam. IP Fisheye - 32 ca;SV
Facilities;201954780;4110206;Inst. e Ativ. de cam. IP Fisheye - 64 ca;SV
Facilities;201954780;4110207;Inst. e Ativ. de cam. IP Fisheye - 128 c;SV
Facilities;201954780;4110208;Inst. e Ativ. de cam. IP Termicas - 1 ca;SV
Facilities;201954780;4110209;Inst. e Ativ. de cam. IP Termicas - 2 ca;SV
Facilities;201954780;4110210;Inst. e Ativ. de cam. IP Termicas - 4 ca;SV
Facilities;201954780;4110211;Inst. e Ativ. de cam. IP Termicas - 16 c;SV
Facilities;201954780;4110212;Inst. e Ativ. de cam. IP Termicas - 32 c;SV
Facilities;201954780;4110213;Inst. e Ativ. de cam. IP Termicas - 64 c;SV
Facilities;201954780;4110214;Inst. e Ativ. de cam. IP Termicas - 128;SV
Facilities;201954780;4110222;Inst. de Speaker IP;SV
Facilities;201954780;4110223;Inst. de Microfone IP;SV
Facilities;201954780;4110232;Inst. de Acess Point;SV
Facilities;201954780;4110233;Inst. de Servidor - 12 cam.;SV
Facilities;201954780;4110234;Inst. de Servidor - 24 cam.;SV
Facilities;201954780;4110235;Inst. de Servidor - 36 cam.;SV
Facilities;201954780;4110236;Inst. de Servidor - 48 cam.;SV
Facilities;201954780;4110237;Inst. de Servidor - 64 cam.;SV
Facilities;201954780;4110238;Inst. de Servidor - 128 cam.;SV
Facilities;201954780;4110239;Inst. Microcomputador;SV
Facilities;201954780;4110240;Inst. Radio Ponto a Ponto;SV
Facilities;201954780;4110241;Inst. Radio Multi Ponto;SV
Facilities;201954780;4110242;Inst. Fonte Alimentação 12 VDC 1A;SV
Facilities;201954780;4110243;Inst. Fonte Alimentação 12 VDC 2A;SV
Facilities;201954780;4110244;Inst. Fonte Alimentação 24 VAC;SV
Facilities;201954780;4110250;Inst. Rack / 8U;SV
Facilities;201954780;4110251;Inst. Rack / 12U;SV
Facilities;201954780;4110252;Inst. Rack / 16U;SV
Facilities;201954780;4110253;Inst. Rack / 24U;SV
Facilities;201954780;4110254;Inst.Rack / 40U;SV
Facilities;201954780;4110255;Inst. Rack / 44U;SV
Facilities;201954780;4110256;Inst. Rack / 48U;SV
Facilities;201954780;4110257;Inst. Tubulação Galvanizada leve (M);M
Facilities;201954780;4110258;Inst. Tubulação Galvanizada pesada (M);M
Facilities;201954780;4110259;Inst. PEAD (M);M
Facilities;201954780;4110260;Inst. PVC (M);M
Facilities;201954780;4110261;Adicional por Km;KM
Facilities;201954780;4110262;Inst. Tela 21 polegadas;SV
Facilities;201954780;4110263;Inst. Tela 23 polegadas;SV
Facilities;201954780;4110264;Inst. Tela 32 polegadas;SV
Facilities;201954780;4110265;Inst. Tela 40 polegadas;SV
Facilities;201954780;4110266;Inst. Tela 49 polegadas;SV
Facilities;201954780;4110267;Inst. NVR Profissional, 04 canais;SV
Facilities;201954780;4110268;Inst. NVR Profissional,  08 canais;SV
Facilities;201954780;4110269;Inst. NVR Profissional, 16 canais;SV
Facilities;201954780;4110270;Inst. NVR Profissional, 32 canais;SV
Facilities;201954780;4110271;Inst. NVR Profissional,  64 canais;SV
Facilities;201954780;4110272;Inst. NVR Profissional, 128 canais;SV
Facilities;201954780;4110303;Inst. TECLADO JOYSTICK COMANDO DIGIF USB;SV
Facilities;201954780;4110304;Inst.  HD - 1 TB;SV
Facilities;201954780;4110305;Inst.  HD - 2 TB;SV
Facilities;201954780;4110306;Inst.  HD - 3 TB;SV
Facilities;201954780;4110307;Inst.  HD - 4 TB;SV
Facilities;201954780;4110308;Inst.  HD - 6 TB;SV
Facilities;201954780;4110309;Inst.  HD - 8 TB;SV
Facilities;201954780;4110310;Inst.  HD - 10 TB;SV
Facilities;201954780;4110311;Inst. sist. de alimentação Fotovoltaico;SV
Facilities;201954780;4110312;Serviço de Fusão de Fibra;SV
Facilities;201954780;4110313;Inst. de Tablet Rugged Industrial;SV
Facilities;201954780;4110315;Inst. Leitor Biometrico;SV
Facilities;201954780;4110316;Inst. Leitor de Proximidade;SV
Facilities;201954780;4110317;Inst. Ponto Eletronico;SV
Facilities;201954780;4110318;Inst. Video Porteiro;SV
Facilities;201954780;4110319;Inst. Interfone;SV
Facilities;201954780;4110320;Seriço de Instalação Totem tipo mesa;SV
Facilities;201954780;4110321;Inst. Central de Alarme;SV
Facilities;201954780;4110322;Inst. Sensor de Presença (IVP);SV
Facilities;201954780;4110323;Inst. Sensor de Presença (IVA);SV
Facilities;201954780;4110324;Inst. Solução fotovoltaica offgrid;SV
Facilities;201954780;4110325;Inst. de Nobreak 700VA;SV
Facilities;201954780;4110326;Inst. de Nobreak 1KVA;SV
Facilities;201954780;4110327;Inst. de Nobreak 1,4KVA;SV
Facilities;201954780;4110328;Inst. de Nobreak 2 KVA;SV
Facilities;201954780;4110329;Inst. de Nobreak 3 KVA;SV
Facilities;201954780;4110330;Inst. Modulo I/O;SV
Facilities;201954780;4110335;Técnico  17h às 23h (seg-sex);H
Facilities;201954780;4110336;Técnico 07h às 17h (Dom/Feriado);H
Facilities;201954780;4110337;Técnico 07h às 17h (Sábado);H
Facilities;201954780;4110338;Auxiliar  17h às 23h (seg-sex);H
Facilities;201954780;4110339;Auxiliar 07h às 17h (Dom/Feriado);H
Facilities;201954780;4110340;Auxiliar  07h às 17h (Sábado);H
Facilities;201954780;4110341;Montagem Infraestrutura Seca Eletroduto;M
Facilities;201954780;4110342;Montagem Infraestrutura Canaleta Plástic;M
Facilities;201954780;4110343;Montagem Infraestrutura Seca Sealtubo;M
Facilities;201954780;4110350;Técnico;H
Facilities;201954780;4110351;Auxiliar Técnico;H
Facilities;201954780;4110352;SUPERVISOR TÉCNICO;H
Facilities;201954780;4110353;Projetista;H
Facilities;201954780;4110354;Engenheiro;H
Facilities;200364232;4110356;SV - AUXILIAR LIMPEZA;SV
Facilities;200364232;4110357;SV - LIDER LIMPEZA;SV
Facilities;200364232;4110358;SV - Auxiliar Adm;SV
Facilities;200364232;4110359;SV AUXILIAR SERV. GERAIS - JARD;SV
Facilities;200364232;4110890;SV AUXILIAR SERV. GERAIS II - JARD;SV
Facilities;200364232;4110891;MOTORISTA - JARD;SV
Facilities;200364232;4110892;LÍDER - JARD;SV
Facilities;200364232;4110893;AUX SERV GERAIS - LAGOA;SV
Facilities;200364232;4110894;MOTORISTA - CANAIS;SV
Facilities;200364232;4110895;SV AUXILIAR SERV. GERAIS - CANAIS;SV
Facilities;200364232;4110896;COORD. CONTARTO (GERENTE);SV
Facilities;200364232;4110897;TÉC. SEGURANÇA;SV
Facilities;200364232;4110898;LIDER. MANUT. - PREDIAL;SV
Facilities;200364232;4110899;MOTORISTA - PREDIAL;SV
Facilities;200364232;4110900;OFICIAL DE MANUTENÇÃO;SV
Facilities;200364232;4110901;AUXILIAR DE MANUTENÇÃO;SV
Facilities;200364232;4110902;ASSIST. ADM PREDIAL;SV
Facilities;200364232;4110903;ENG CIVIL RESP. TÉCNICO;SV
Facilities;200364232;4110904;ENG. CIVIL JUNIOR;SV
Facilities;200364232;4110905;VARREDEIRA DAEMAQ MECANICA;SV
Facilities;200364232;4110906;TRATOR JOHN DEERE 5078 E;SV
Facilities;200364232;4110907;ROÇADEIRA Husqvarna 143 RS;SV
Facilities;200364232;4110908;SOPRADOR COSTAL Husqvarna 578BTF;SV
Facilities;200364232;4110909;CORTADOR GRAMA Husqvarna GX 560;SV
Facilities;200364232;4110910;MOTOSERRA Husqvarna 585;SV
Facilities;200364232;4110911;MOTOSERRA GRANDE Husqvarna 122 HD;SV
Facilities;200364232;4110912;MOTOPODA STHIL HT 135;SV
Facilities;200364232;4110913;GIRO ZERO Husqvarna Z560X;SV
Facilities;200364232;4110914;TRATOR MÉDIO VALTRA A550;SV
Facilities;200364232;4110915;CAMINHÃO MÉDIO VW Delivery  9-150;SV
Facilities;200364232;4110916;CAMINHONETE APOIO HILLUX  - CAB. DUPLA;SV
Facilities;200364232;4110917;ROÇADEIRA DE ARRASTO TATU 1500;SV
Facilities;200364232;4110918;PLAINA - ACESSÓRIO TRATOR AGRITEC 2,00;SV
Facilities;200364232;4110919;BOMBA PULVERIZADORA;SV
Facilities;200364232;4110930;FERRAMENTAS MANUAIS JARDINAGEM;SV
Facilities;200364232;4110931;CARRETINHA;SV
Facilities;200364232;4110932;RETROESCAVADEIRA/ROÇADEIRA;SV
Facilities;200364232;4110933;CAMINHÃO BASCULANTE;SV
Facilities;200364232;4110934;ESCAVADEIRA;SV
Facilities;200364232;4110935;CAMINHÃO Mercedes Street 311;SV
Facilities;200364232;4110936;LAVADORA ALTA PRESSÃO (WAP);SV
Facilities;200364232;4110937;ENCERADEIRA;SV
Facilities;200364232;4110938;VERBA - COMBUSTIVEL/LUBRIFICANTES;SV
Facilities;200364232;4110939;VERBA - MATERIAIS DE LIMPEZA;SV
Facilities;200364232;4110940;CARRO DE APOIO Van Mercedes Bens;SV
Facilities;200364232;4110941;PODA EM ALTURA - POR ÁRVORE;SV
Facilities;200364232;4110942;MANEJO ABELHAS - ATENDIMENTO SIMPLES;SV
Facilities;200364232;4110943;MANEJO ABELHAS - ATENDIMENTO ALTURA;SV
Facilities;201850032;4117190;KM RODADO 2.77;KM
Facilities;200363898;4117379;PRÊMIO ASSIDUIDADE ATÉ 1 DIA ATESTADO;SV
Facilities;200364232;4117379;PRÊMIO ASSIDUIDADE ATÉ 1 DIA ATESTADO;SV
Facilities;201418204;4117379;PRÊMIO ASSIDUIDADE ATÉ 1 DIA ATESTADO;SV
Facilities;200363898;4117530;PRÊMIO ASSIDUIDADE ATÉ 2 DIA ATESTADO;SV
Facilities;200364232;4117530;PRÊMIO ASSIDUIDADE ATÉ 2 DIA ATESTADO;SV
Facilities;201418204;4117530;PRÊMIO ASSIDUIDADE ATÉ 2 DIA ATESTADO;SV
Facilities;200363898;4117531;AGENTE ASSEIO E CONSERVAÇÃO;SV
Facilities;200363898;4117532;ENCARREGADO(A) SV LIMPEZA;SV
Facilities;200363898;4117533;JARDINEIRO;SV
Facilities;200363898;4117534;AUX. ADM - ARQUIVO;SV
Facilities;200363898;4117535;AUX. LIMPEZA;SV
Facilities;201418204;4117536;OFICIAL DE MANUTEÇÃO;SV
Facilities;201418204;4117537;AUXILIAR DE MANUTENÇÃO;SV
Facilities;200363898;4117539;AUXILIAR DE SERVIÇOS GERAIS;SV
Facilities;200352886;4117823;Lanche Germinar - padrão 05.;ST
Facilities;200352886;4117824;Lanche Germinar - padrão 06.;ST
Facilities;201536318;4097618;SV - Operador de máquinas pesadas - CSG;SV
Facilities;201536318;4097643;SV - Bobcat/Mini Carregadeira (cab)- CSG;SV
Facilities;201536318;4097645;SV - Trator 4X4 c/ Roçadeira Artic - CSG;SV
Facilities;201536318;4097648;SV - Trator 4X4 c/ TRINCHA/ROÇAD - CSG;SV
Facilities;201536318;4097651;SV - Robô Multifunc p/ esp compac - CSG;SV
Facilities;200352886;4117825;Lanche Germinar - padrão 07.;ST
Facilities;201398744;4117842;PREMIO ASSIDUIDADE;ST
Facilities;200323568;4117842;PREMIO ASSIDUIDADE;ST
Facilities;300629524;4118820;SUPERVISOR DE SEGURANÇA;SV
Facilities;201536318;4121044; Manutentor de edificações;SV
Facilities;201536318;4121045;Container p/ Combustível 50L;SV
Facilities;201536318;4121046;Motopoda;SV
Facilities;201536318;4121047;MOTOSERRA;SV
Facilities;201536318;4121048;Podador de Cerca Viva;SV
Facilities;201536318;4121049;Roçadeira;SV
Facilities;201536318;4121110;Combustível Mensal (máquinas e veículos);SV
Facilities;200903532;4073164;Téc. Segurança do Trabalho-Insalubridade;H
Facilities;200903532;4073165;TST-Periculosidade Mensal;SV
Facilities;200903532;4099667;Técnico Eletroeletrônico- Hr Sobre Aviso;H
Facilities;200903532;4099669;Eletricista Montador Hora Sobre-Aviso;SV
Facilities;200903532;4099720;Eletricista Montador - Mob/Desmob;SV
Facilities;200903532;4099721;Eletricista Montador Ajud Hr Sobre-Aviso;SV
Facilities;200903532;4099722;Eletricista Montador Ajudante Mob/Desmob;SV
Facilities;200903532;4099723;Auxiliar Eletricista Hr Sobre-Aviso;SV
Facilities;200903532;4099724;Auxiliar Eletricista - Insalubridade;SV
Facilities;200903532;4099725;Auxiliar Eletricista - Periculosidade;SV
Facilities;200903532;4099726;Auxiliar Eletricista Mob/Desmob.;SV
Facilities;200903532;4099727;Téc. Segurança do Trabalho Hr Sobreaviso;H
Facilities;200903532;4099729;Supervisor Operacional Hora Sobre-Aviso;SV
Facilities;200903532;4099730;Supervisor Operacional - Mob/Desmob;SV
Facilities;200903532;4099668;Técnico Eletroeletrônico - Mob/Desmob;SV
Facilities;200903532;4099728;Téc. Segurança do Trabalho - Mob/Desmob;SV
Facilities;300415420;4099752;SV-AUXILIAR SERVIÇOS GERAIS-05:30-14:00H;SV
Facilities;200364916;4099913;MATERIAIS E EQUIPAMENTOS CD;SV
Facilities;200323568;4120660;Controlador de acesso Diurno 12x36;SV
Facilities;200323568;4120661;Controlador de acesso DUPLA Noturno 12x3;SV
Facilities;200323568;4120662;Controlador de acesso ÚNICO Diurno 12x36;SV
Facilities;200323568;4120663;MATERIAIS CONTROLE DE ACESSO;SV
Facilities;200364916;4099892;POSTO PORTEIRO 12HS;SV
Facilities;200364916;4099897;AUXILIAR PRÁTICO;SV
Facilities;300678820;4101426;AG HIGIENIZAÇÃO (ADM);SV
Facilities;300678820;4101429;SUPERVISOR - HH;H
Facilities;300678820;4101492;AG HIGIENIZAÇÃO (1 TURNO) - HH;H
Facilities;300678820;4101493;AG HIGIENIZAÇÃO (ADM) - HH;H
Facilities;300678820;4101494;AG HIGIENIZAÇÃO (2 TURNO) - HH;H
Facilities;300678820;4101495;SUPERVISOR - HH 50%;H
Facilities;300678820;4101496;AG HIGIENIZAÇÃO (1 TURNO) - HH 50%;H
Facilities;300678820;4101497;AG HIGIENIZAÇÃO (ADM) - HH 50%;H
Facilities;300678820;4101498;AG HIGIENIZAÇÃO (2 TURNO) - HH 50%;H
Facilities;300678820;4101499;SUPERVISOR - HH 100%;H
Facilities;300678820;4101500;AG HIGIENIZAÇÃO (1 TURNO) - HH 100%;H
Facilities;300678820;4101501;AG HIGIENIZAÇÃO (ADM) - HH 100%;H
Facilities;300678820;4101502;AG HIGIENIZAÇÃO (2 TURNO) - HH 100%;H
Facilities;200364916;4101670;Materiais e Equipamentos MET;SV
Facilities;200344608;4119251;RETROATIVO RUDDER;SV
Facilities;200323568;4119582;RETROATIVO TOP SERVICE;SV
Facilities;201398744;4119582;RETROATIVO TOP SERVICE;SV
Facilities;201398744;4120027;REFEIÇÃO EXTRA;SV
Facilities;201879426;4120027;REFEIÇÃO EXTRA;SV
Facilities;200352886;4121018;Lanche Germinar - padrão 08: Sanduiche n;SV
Facilities;200352886;4121019;Lanche Germinar - padrão 09: Torta de fr;SV
Facilities;200364232;4121352;ENGENHEIRO CIVIL;H
Facilities;200364232;4121353;LIDER EXECUTANTE;H
Facilities;200364232;4121354;OFICIAL DE MANUTENÇÃO;H
Facilities;200364232;4121355;AUXILIAR DE MANUTENÇÃO;H
Facilities;200364232;4121356;ELETRICISTA;H
Facilities;200364232;4121357;AUXILIAR DE ELETRICISTA;H
Facilities;200364232;4121358;MOTORISTA;H
Facilities;200364232;4121359;PROGRAMADOR;H
Facilities;200364232;4121440;TECNICO DE REFRIGERAÇÃO;H
Facilities;200364232;4121441;PARAFUSADEIRA E FURADEIRA A BATERIA;SV
Facilities;200364232;4121442;LIXADEIRA A BATERIA;SV
Facilities;200364232;4121443;MISTURADOR ELÉTRICO;SV
Facilities;200364232;4121444;FURADEIRA DE IMPACTO;SV
Facilities;200364232;4121445;VIBRADOR DE CONCRETO;SV
Facilities;200364232;4121446;ESMERILHADEIRA (LIXADEIRA) 7”;SV
Facilities;200364232;4121447;MARTELETE ROMPEDOR;SV
Facilities;200364232;4121448;PLAINA;SV
Facilities;200364232;4121449;SERRA TICO-TICO;SV
Facilities;200364232;4121450;ASPIRADOR DE PÓ;SV
Facilities;200364232;4121451;LIXADEIRA ORBITAL;SV
Facilities;200364232;4121452;NÍVEL A LASER COM TRIPÉ;SV
Facilities;200364232;4121453;VENTOSA VIBRATÓRIA;SV
Facilities;201954780;4110331;Aluguel Plat 12m- 3 dias;SV
Facilities;201954780;4110332;Aluguel Plat 12m- 7 dias;SV
Facilities;201954780;4110333;Aluguel Plat 12m- 15 dias;SV
Facilities;201954780;4110334;Aluguel Plat 12m- 30 dias;SV
Facilities;200364232;4121454;BETONEIRA;SV
Facilities;201954780;4110345;Passagem de cabeamento óptico;M
Facilities;201954780;4110348;Tubulação Galvanizada Pesada 3/4'' + Ace;M
Facilities;201954780;4110349;Tubulação Galvanizada Pesada 1'' + Acess;M
Facilities;200364232;4121455;Compactador de solo;SV
Facilities;200364232;4121456;SERRA CLIPPER;SV
Facilities;200364232;4121457;FURADEIRA ELÉTRICA;SV
Facilities;200364232;4121458;"ESMERILHADEIRA (LIXADEIRA) 4""";SV
Facilities;200364232;4121459;SERRA MÁRMORE;SV
Facilities;200364232;4121460;MARTELETE PEQUENO;SV
Facilities;200364232;4121461;MARTELETE MÉDIO;SV
Facilities;200364232;4121462;MARTELETE DEMOLIDOR;SV
Facilities;200364232;4121463;FURADEIRA ROMPEDOR;SV
Facilities;200364232;4121464;LIXADEIRA DE PAREDE;SV
Facilities;200364232;4121465;CAMINHÃO;SV
Facilities;200364232;4121466;Veículo Leve;SV
Facilities;200364232;4121467;CELULAR CORPORATIVO COM INTERNET A APP F;SV
Facilities;200352886;4121470;Coca-Cola 200ml - unidade;SV
Facilities;200352886;4121471;Suco integral de laranja 200ml - individ;SV
Facilities;200352886;4121472;Arroz Carreteiro - por pessoa;SV
Facilities;200352886;4121473;Paella Mineira - por pessoa;SV
Facilities;200352886;4121474;Angú a Mineira - por pessoa;SV
Facilities;200352886;4121475;Pão de alho Gourmet - 420g - até 05 pess;SV
Facilities;200352886;4121476;Queijo coalho (churrasco) 250g - até 05;SV
Facilities;200352886;4121477;Requeijão em barra;SV
Facilities;201954780;4110245;Inst. Cabo Coaxial;SV
Facilities;201954780;4110246;Inst. Cabo PP;SV
Facilities;201954780;4110248;Inst. Cabo AF Control 2 x1,5mm;SV
Facilities;201954780;4110249;Inst. Cabo CCI 3 pares;SV
Facilities;200352886;4121478;Leite - 1L;SV
Facilities;200352886;4121479;Petit gateau - com 04 unidades;SV
Facilities;200352886;4121480;Capuccino (água e leite) - 250ml - por p;SV
Facilities;200352886;4121481;Strogonoff de chocolate - por pessoa;SV
Facilities;300616532;4122003;Retroativo;SV
Facilities;200344890;4122269;Manutenção;SV
Facilities;200344890;4122280;Extra Manutenção;SV
Facilities;200344890;4122281;Copa;SV
Facilities;201398744;4122282;ASSIDUIDADE 1;SV
Facilities;200363898;4122282;ASSIDUIDADE 1;SV
Facilities;200346880;4122343; Coordenador de obras;SV
Facilities;200296730;4122798;MOTORISTA 12 HORAS DIURNO;SV
Facilities;300168208;4122812;Assiduidade;SV
Facilities;201398744;4122812;Assiduidade;SV
Facilities;300889684;4123103;SV VIGILANTE DESARMADO - 12X36 - 24 HS;SV
Facilities;201659350;4123104;SV SUPERVISOR DE POSTO - 5X2 - ADM;SV
Facilities;300889684;4123104;SV SUPERVISOR DE POSTO - 5X2 - ADM;SV
Facilities;300889684;4123113;SV SMARTPHONE (voz e dados 4G);SV
Facilities;300889684;4123118;SV LANTERNAS;SV
Facilities;201659350;4123251;SV LAVAGEM CARRO VIGILANCIA;SV
Facilities;201879426;4068601;COMBUSTIVEL;SV
Facilities;201879426;4048368;SV AUX. DE RECEP 22H00 AS 06H00 SEG .SAB;SV
Facilities;201879426;4120119;CAPA DE COLETE BALISTICO;SV
Facilities;201879426;4120390;PLACA BALISTICA;SV
Facilities;201879426;4120391;SPRAY DE GENGIBRE;SV
Facilities;201879426;4122194;VIGILANTE OPERADOR MONITORAMENTO;SV
Facilities;201879426;4079901;Vigilante básico Noturno-Extra Emergenc;SV
Facilities;201586344;4123480;Auxiliar de Refeitório (limpeza e higien;SV
Facilities;201586344;4123481;AUXILIAR DE REFEITORIO;SV
Facilities;201850032;4117109;VEÍCULOS PARA TROCA DE TURNOS;SV
Facilities;300689942;4118004;Capina Química Linha férrea;KM
Facilities;200353660;4038555;SV - ONIBUS ITERNO MMB - URBANO - PROPRI;SV
Facilities;200353660;4038558;SV - ONIBUS ITERNO MMB - URBANO -TERCEIR;SV
Facilities;200353660;4038556;SV - ONIBUS ITERNO MMB - OP - PROPRIO;SV
Facilities;200353660;4038559;SV - ONIBUS ITERNO MMB - OP - TERCIERO;SV
Facilities;200353660;4063458;OPT - ADM Próprio;SV
Facilities;200353660;4063459;OPT - ADM Terceiro;SV
Facilities;200353660;4065210;TROCA DE TURNO E JANTAR TERCEIROS;SV
Facilities;200353660;4065017;TROCA DE TURNO E JANTAR PROPRIOS;SV
Facilities;200353660;4093452;SV REEMBOLSO INSULFILME;SV
Facilities;200364916;4123405;Material Equipammentos;SV
Facilities;200353660;4035882;ONIBUS INTERNO BH CENTRO 1411;SV
Facilities;200353660;4102190;SV RESERVA TEC CARANDAI OB;SV
Facilities;200364916;4123406;Líder (Encarregada) - 5x2;SV
Facilities;200364916;4123407;Auxiliar de Limpeza - 6x1;SV
Facilities;200364916;4123408;Operador de Varredeira - 6x1;SV
Facilities;200323568;4122273;Sv. Hora Extra 50% Porteiro;SV
Facilities;200323568;4122274;Sv. Hora Extra 100% Porteiro;SV
Facilities;200296730;4122800;MOTORISTA ADM ESPECIAL;SV
Facilities;200296730;4122801;"MOTORISTA ""CATEGORIA D"" ADM ESPECIAL";SV
Facilities;200296730;4122802;MOTORISTA ADM;SV
Facilities;200296730;4122803;MOTORISTA 24 HORAS;SV
Facilities;200296730;4122804;MOTORISTA 12 HORAS - NOTURNO;SV
Facilities;200296730;4122805;MOTORISTA CATEGORIA D - 24 HORAS;SV
Facilities;200296730;4122806;CENTRAL DE MONITORAMENTO;SV
Facilities;200296730;4122807;OPERADORES CCO;SV
Facilities;200296730;4122808;CONTROLADOR DE FROTA;SV
Facilities;200296730;4122809;MOTORISTA MENSAGEIRO/MALOTE;SV
Facilities;200296730;4122810;SISTEMA SILLION;SV
Facilities;200296730;4122811;SISTEMA CREARE;SV
Facilities;300889684;4123100;SV SUPERVISOR DE ÁREA - 5x2 ADM;SV
Facilities;300889684;4123101;SV FISCAL - 12X36 - 24 HORAS;SV
Facilities;300889684;4123102;SV FISCAL EXPEDIÇÃO - 5X2 - 12 HORAS;SV
Facilities;300889684;4123120;SV VIGILANTE DESARMADO-12X36-24HS MOTORI;SV
Facilities;300889684;4123106;SV AUXILIAR DE PORTARIA - 12X36 - 24H;SV
Facilities;300889684;4123107;SV RECEPCIONISTA - 5X2 - ADM;SV
Facilities;300889684;4123121;SV VIGILANTE DESARMADO-12X36-24HS P SUCA;SV
Facilities;300889684;4123108;SV VIGILANTE DESARMADO -12X36- 12HS NOTU;SV
Facilities;300889684;4123105;SV VEÍCULO PICKUP 4X4 S/A 12X36 - 24H;SV
Facilities;300889684;4123109;SV SPRAY DE PIMENTA;SV
Facilities;300889684;4123114;SV NOTEBOOK;SV
Facilities;300889684;4123115;SV TABLET (4G);SV
Facilities;300889684;4123117;SV DETECTOR DE METAIS;SV
;;;;
